LDZ,Depot,Workstream,Engineer,Engineer Name,Team Manager Name,Workorder No.,Job Type,Job Priority,Actual Start,Actual Finish,Time On Site (HH:MM:SS),Duration (Hours)
NW,BOLTON,METERING,ENG012,Brian Cook,Gary Williams,W5600000,ME,E1,2026-05-24 07:19:00,2026-05-24 17:19:00,10:00:00,10.0
NT,NOTTINGHAM,REPAIR,ENG060,Barry Noon,Sue Holt,W5600001,IR,M1,2026-05-23 11:33:00,2026-05-23 15:09:00,03:36:00,3.6
SC,ABERDEEN,ROUTINE,ENG004,Douglas Reid,Graham Loan,W5600002,ME,M1,2026-05-25 10:51:00,2026-05-25 15:15:00,04:24:00,4.4
SE,GUILDFORD,REPAIR,ENG031,Tracey McIntyre,Ray Ingram,W5600003,IR,E2,2026-05-21 06:08:00,2026-05-21 20:26:00,14:18:00,14.3
NT,LINCOLN,REPAIR,ENG061,Cathy Dean,Sue Holt,W5600004,EM,R1,2026-05-27 09:31:00,2026-05-27 18:01:00,08:30:00,8.5
SO,SALISBURY,REPAIR,ENG051,Wendy Nash,Phil Russell,W5600005,RO,M1,2026-05-25 08:21:00,2026-05-25 22:51:00,14:30:00,14.5
SO,SALISBURY,EMERGENCY,ENG051,Wendy Nash,Phil Russell,W5600006,IR,R1,2026-05-22 10:17:00,2026-05-22 14:47:00,04:30:00,4.5
EA,IPSWICH,REPAIR,ENG022,Peter Wong,Mark Booker,W5600007,ME,R2,2026-05-27 10:59:00,2026-05-27 21:29:00,10:30:00,10.5
EA,PETERBOROUGH,INSPECTION,ENG023,Sharon King,Anne Foster,W5600008,RO,R2,2026-05-23 09:30:00,2026-05-24 00:30:00,15:00:00,15.0
NT,LEICESTER,REPAIR,ENG060,Barry Noon,Sue Holt,W5600009,EM,M1,2026-05-26 08:38:00,2026-05-26 22:14:00,13:36:00,13.6
NT,LEICESTER,ROUTINE,ENG061,Cathy Dean,Sue Holt,W5600010,RO,E1,2026-05-25 08:05:00,2026-05-25 20:23:00,12:18:00,12.3
NT,LEICESTER,ROUTINE,ENG062,Fred Archer,Sue Holt,W5600011,IR,M2,2026-05-21 06:41:00,2026-05-21 17:59:00,11:18:00,11.3
NE,MIDDLESBROUGH,EMERGENCY,ENG071,Alan Shaw,Bill Tyne,W5600012,IR,R2,2026-05-21 08:03:00,2026-05-21 16:51:00,08:48:00,8.8
NE,NEWCASTLE,INSPECTION,ENG072,Liz Cooke,Bill Tyne,W5600013,IR,M2,2026-05-24 11:47:00,2026-05-24 21:23:00,09:36:00,9.6
NE,DURHAM,REPAIR,ENG071,Alan Shaw,Bill Tyne,W5600014,IR,M1,2026-05-24 10:38:00,2026-05-24 23:56:00,13:18:00,13.3
SC,PAISLEY,REPAIR,ENG004,Douglas Reid,Graham Loan,W5600015,IR,E1,2026-05-23 07:43:00,2026-05-23 15:13:00,07:30:00,7.5
SE,EASTBOURNE,METERING,ENG032,Colin James,Pat Nolan,W5600016,IR,E1,2026-05-26 07:14:00,2026-05-26 12:44:00,05:30:00,5.5
SE,MAIDSTONE,INSPECTION,ENG032,Colin James,Pat Nolan,W5600017,IR,R2,2026-05-26 09:08:00,2026-05-26 13:14:00,04:05:59,4.1
SC,DUNDEE,EMERGENCY,ENG003,Catriona Stewart,Graham Loan,W5600018,EM,E2,2026-05-24 08:21:00,2026-05-24 17:21:00,09:00:00,9.0
WM,STOKE,METERING,ENG042,Steve Frost,Mark Reygate,W5600019,ME,R1,2026-05-24 08:06:00,2026-05-24 21:00:00,12:54:00,12.9
EA,NORWICH,REPAIR,ENG020,Mark Holloway,Mark Booker,W5600020,IR,E1,2026-05-24 09:36:00,2026-05-24 18:54:00,09:18:00,9.3
SC,EDINBURGH,INSPECTION,ENG006,Kevin McAllister,Gordon Shaw,W5600021,ME,E1,2026-05-22 08:15:00,2026-05-22 14:45:00,06:30:00,6.5
NE,NEWCASTLE,EMERGENCY,ENG071,Alan Shaw,Bill Tyne,W5600022,RO,M1,2026-05-24 08:35:00,2026-05-25 00:05:00,15:30:00,15.5
NW,BOLTON,METERING,ENG013,Helen Morris,Dave Clarke,W5600023,ME,R1,2026-05-21 10:00:00,2026-05-21 19:00:00,09:00:00,9.0
NT,NOTTINGHAM,INSPECTION,ENG062,Fred Archer,Sue Holt,W5600024,ME,E1,2026-05-25 11:26:00,2026-05-25 16:56:00,05:30:00,5.5
EA,LUTON,EMERGENCY,ENG020,Mark Holloway,Mark Booker,W5600025,IR,M1,2026-05-27 09:08:00,2026-05-27 12:32:00,03:24:00,3.4
SC,STIRLING,ROUTINE,ENG003,Catriona Stewart,Graham Loan,W5600026,RO,E1,2026-05-21 10:53:00,2026-05-22 00:47:00,13:54:00,13.9
SE,HORSHAM,METERING,ENG032,Colin James,Pat Nolan,W5600027,EM,M2,2026-05-25 10:13:00,2026-05-25 23:19:00,13:06:00,13.1
NE,NEWCASTLE,METERING,ENG072,Liz Cooke,Bill Tyne,W5600028,MR,M1,2026-05-25 11:54:00,2026-05-26 03:36:00,15:42:00,15.7
SE,CROYDON,ROUTINE,ENG030,Stuart Porter,Ray Ingram,W5600029,ME,E2,2026-05-23 10:45:00,2026-05-23 13:51:00,03:06:00,3.1
WM,STOKE,ROUTINE,ENG040,Wayne Edwards,Mark Reygate,W5600030,MR,M1,2026-05-24 07:18:00,2026-05-24 21:06:00,13:48:00,13.8
NE,MIDDLESBROUGH,ROUTINE,ENG071,Alan Shaw,Bill Tyne,W5600031,EM,R2,2026-05-26 06:46:00,2026-05-26 18:40:00,11:54:00,11.9
NW,BOLTON,REPAIR,ENG014,Alan Sharp,Dave Clarke,W5600032,MR,M1,2026-05-26 07:23:00,2026-05-26 12:35:00,05:12:00,5.2
SO,BOURNEMOUTH,ROUTINE,ENG050,Phil Hodgkins,Phil Russell,W5600033,RO,M2,2026-05-21 08:35:00,2026-05-21 16:35:00,08:00:00,8.0
SE,GUILDFORD,METERING,ENG030,Stuart Porter,Ray Ingram,W5600034,IR,R2,2026-05-22 07:27:00,2026-05-22 23:09:00,15:42:00,15.7
NW,BOLTON,METERING,ENG013,Helen Morris,Dave Clarke,W5600035,EM,M2,2026-05-25 09:08:00,2026-05-25 12:50:00,03:42:00,3.7
NE,MIDDLESBROUGH,EMERGENCY,ENG070,Janet Robb,Bill Tyne,W5600036,IR,M2,2026-05-24 07:09:00,2026-05-24 22:33:00,15:24:00,15.4
EA,NORWICH,ROUTINE,ENG021,Rachel Davies,Mark Booker,W5600037,ME,R2,2026-05-27 10:33:00,2026-05-27 23:39:00,13:06:00,13.1
EA,PETERBOROUGH,ROUTINE,ENG021,Rachel Davies,Mark Booker,W5600038,MR,R2,2026-05-24 11:17:00,2026-05-24 23:35:00,12:18:00,12.3
EA,PETERBOROUGH,METERING,ENG021,Rachel Davies,Mark Booker,W5600039,ME,R2,2026-05-21 06:29:00,2026-05-21 15:53:00,09:24:00,9.4
SO,SALISBURY,EMERGENCY,ENG050,Phil Hodgkins,Phil Russell,W5600040,IR,R1,2026-05-22 10:19:00,2026-05-22 23:25:00,13:06:00,13.1
NW,BLACKBURN,ROUTINE,ENG012,Brian Cook,Gary Williams,W5600041,EM,R1,2026-05-21 11:01:00,2026-05-21 23:19:00,12:18:00,12.3
WM,DUDLEY,EMERGENCY,ENG041,Una Cowling,Mark Reygate,W5600042,ME,E2,2026-05-25 07:47:00,2026-05-25 10:35:00,02:48:00,2.8
SO,PORTSMOUTH,REPAIR,ENG052,Chris Lamb,Phil Russell,W5600043,RO,M1,2026-05-27 08:18:00,2026-05-27 23:06:00,14:48:00,14.8
SE,CROYDON,ROUTINE,ENG032,Colin James,Pat Nolan,W5600044,ME,E1,2026-05-27 08:05:00,2026-05-27 23:29:00,15:24:00,15.4
WM,BIRMINGHAM,METERING,ENG043,Diane Hunt,Tom Avery,W5600045,ME,E1,2026-05-21 10:47:00,2026-05-21 21:47:00,11:00:00,11.0
SC,PAISLEY,EMERGENCY,ENG004,Douglas Reid,Graham Loan,W5600046,RO,R2,2026-05-24 06:25:00,2026-05-24 21:49:00,15:24:00,15.4
EA,BEDFORD,METERING,ENG020,Mark Holloway,Mark Booker,W5600047,RO,M1,2026-05-25 08:16:00,2026-05-25 18:46:00,10:30:00,10.5
EA,BEDFORD,METERING,ENG020,Mark Holloway,Mark Booker,W5600048,RO,R1,2026-05-23 10:30:00,2026-05-23 19:36:00,09:06:00,9.1
NE,DURHAM,METERING,ENG070,Janet Robb,Bill Tyne,W5600049,ME,E2,2026-05-22 09:10:00,2026-05-22 16:34:00,07:24:00,7.4
EA,LUTON,REPAIR,ENG020,Mark Holloway,Mark Booker,W5600050,RO,M1,2026-05-23 07:37:00,2026-05-23 17:19:00,09:42:00,9.7
NW,MANCHESTER,INSPECTION,ENG011,Karen Simmons,Gary Williams,W5600051,RO,R2,2026-05-26 11:50:00,2026-05-26 23:26:00,11:36:00,11.6
EA,LUTON,INSPECTION,ENG020,Mark Holloway,Mark Booker,W5600052,RO,M1,2026-05-22 07:21:00,2026-05-22 16:15:00,08:54:00,8.9
WM,DUDLEY,INSPECTION,ENG041,Una Cowling,Mark Reygate,W5600053,EM,R1,2026-05-27 07:38:00,2026-05-27 10:44:00,03:06:00,3.1
SC,GLASGOW,METERING,ENG005,Fiona Cameron,Gordon Shaw,W5600054,ME,M2,2026-05-26 10:44:00,2026-05-26 23:26:00,12:42:00,12.7
NW,MANCHESTER,EMERGENCY,ENG014,Alan Sharp,Dave Clarke,W5600055,RO,E2,2026-05-27 09:13:00,2026-05-27 17:07:00,07:54:00,7.9
NT,DERBY,ROUTINE,ENG062,Fred Archer,Sue Holt,W5600056,ME,E2,2026-05-27 11:17:00,2026-05-27 19:17:00,08:00:00,8.0
EA,NORWICH,ROUTINE,ENG023,Sharon King,Anne Foster,W5600057,MR,E2,2026-05-24 07:46:00,2026-05-24 23:34:00,15:48:00,15.8
SO,SALISBURY,INSPECTION,ENG052,Chris Lamb,Phil Russell,W5600058,IR,M1,2026-05-21 08:52:00,2026-05-21 14:28:00,05:36:00,5.6
WM,BIRMINGHAM,ROUTINE,ENG043,Diane Hunt,Tom Avery,W5600059,RO,E1,2026-05-24 11:26:00,2026-05-24 19:02:00,07:36:00,7.6
NW,WARRINGTON,ROUTINE,ENG010,Paul Dawson,Gary Williams,W5600060,EM,M1,2026-05-21 06:50:00,2026-05-21 14:38:00,07:48:00,7.8
NE,GATESHEAD,INSPECTION,ENG070,Janet Robb,Bill Tyne,W5600061,EM,E2,2026-05-27 10:09:00,2026-05-27 12:33:00,02:24:00,2.4
SC,EDINBURGH,ROUTINE,ENG006,Kevin McAllister,Gordon Shaw,W5600062,MR,E2,2026-05-26 06:55:00,2026-05-26 15:25:00,08:30:00,8.5
NE,MIDDLESBROUGH,METERING,ENG071,Alan Shaw,Bill Tyne,W5600063,MR,M2,2026-05-22 08:58:00,2026-05-22 22:58:00,14:00:00,14.0
EA,NORWICH,ROUTINE,ENG021,Rachel Davies,Mark Booker,W5600064,RO,E1,2026-05-24 08:47:00,2026-05-24 23:47:00,15:00:00,15.0
EA,NORWICH,EMERGENCY,ENG022,Peter Wong,Mark Booker,W5600065,RO,R2,2026-05-23 06:11:00,2026-05-23 10:53:00,04:42:00,4.7
NW,BOLTON,INSPECTION,ENG012,Brian Cook,Gary Williams,W5600066,ME,E2,2026-05-26 07:55:00,2026-05-26 10:43:00,02:48:00,2.8
SO,BOURNEMOUTH,ROUTINE,ENG050,Phil Hodgkins,Phil Russell,W5600067,ME,M2,2026-05-26 10:04:00,2026-05-26 23:46:00,13:42:00,13.7
SC,PERTH,METERING,ENG001,John MacDonald,Steven Leckie,W5600068,EM,M2,2026-05-23 07:27:00,2026-05-23 21:09:00,13:42:00,13.7
NT,DERBY,INSPECTION,ENG061,Cathy Dean,Sue Holt,W5600069,ME,M2,2026-05-27 07:28:00,2026-05-27 13:46:00,06:18:00,6.3
WM,WOLVERHAMPTON,METERING,ENG040,Wayne Edwards,Mark Reygate,W5600070,ME,E2,2026-05-26 09:03:00,2026-05-26 14:27:00,05:24:00,5.4
SO,BOURNEMOUTH,ROUTINE,ENG052,Chris Lamb,Phil Russell,W5600071,ME,E2,2026-05-24 10:28:00,2026-05-24 12:52:00,02:24:00,2.4
NW,STOCKPORT,ROUTINE,ENG010,Paul Dawson,Gary Williams,W5600072,RO,R1,2026-05-22 09:49:00,2026-05-22 22:13:00,12:24:00,12.4
NW,BOLTON,REPAIR,ENG013,Helen Morris,Dave Clarke,W5600073,IR,E2,2026-05-24 09:04:00,2026-05-24 23:58:00,14:54:00,14.9
SC,PERTH,METERING,ENG003,Catriona Stewart,Graham Loan,W5600074,RO,E1,2026-05-25 07:04:00,2026-05-25 12:34:00,05:30:00,5.5
NE,NEWCASTLE,ROUTINE,ENG070,Janet Robb,Bill Tyne,W5600075,IR,M2,2026-05-24 11:20:00,2026-05-24 14:20:00,03:00:00,3.0
WM,COVENTRY,ROUTINE,ENG042,Steve Frost,Mark Reygate,W5600076,RO,E1,2026-05-24 07:29:00,2026-05-24 11:35:00,04:05:59,4.1
NT,NOTTINGHAM,REPAIR,ENG060,Barry Noon,Sue Holt,W5600077,EM,M2,2026-05-27 11:18:00,2026-05-27 16:24:00,05:06:00,5.1
EA,IPSWICH,METERING,ENG022,Peter Wong,Mark Booker,W5600078,IR,R1,2026-05-27 08:31:00,2026-05-27 13:49:00,05:18:00,5.3
NT,DERBY,INSPECTION,ENG060,Barry Noon,Sue Holt,W5600079,ME,E2,2026-05-22 10:58:00,2026-05-22 21:10:00,10:12:00,10.2
NW,BLACKBURN,EMERGENCY,ENG011,Karen Simmons,Gary Williams,W5600080,MR,R1,2026-05-22 10:03:00,2026-05-22 19:15:00,09:12:00,9.2
NW,STOCKPORT,METERING,ENG014,Alan Sharp,Dave Clarke,W5600081,EM,E1,2026-05-21 09:40:00,2026-05-21 19:58:00,10:18:00,10.3
WM,COVENTRY,METERING,ENG042,Steve Frost,Mark Reygate,W5600082,RO,R2,2026-05-21 11:28:00,2026-05-22 00:52:00,13:24:00,13.4
SE,HORSHAM,ROUTINE,ENG031,Tracey McIntyre,Ray Ingram,W5600083,MR,R2,2026-05-26 10:52:00,2026-05-27 02:28:00,15:36:00,15.6
NW,LIVERPOOL,EMERGENCY,ENG014,Alan Sharp,Dave Clarke,W5600084,EM,R2,2026-05-25 10:13:00,2026-05-25 17:01:00,06:48:00,6.8
SO,SALISBURY,INSPECTION,ENG050,Phil Hodgkins,Phil Russell,W5600085,EM,R2,2026-05-21 08:49:00,2026-05-21 20:01:00,11:12:00,11.2
SE,HORSHAM,METERING,ENG030,Stuart Porter,Ray Ingram,W5600086,ME,E2,2026-05-25 08:55:00,2026-05-25 20:31:00,11:36:00,11.6
WM,BIRMINGHAM,METERING,ENG041,Una Cowling,Mark Reygate,W5600087,RO,R2,2026-05-22 07:08:00,2026-05-22 11:32:00,04:24:00,4.4
SC,PERTH,METERING,ENG002,Alistair Fraser,Steven Leckie,W5600088,EM,R2,2026-05-26 08:36:00,2026-05-27 00:30:00,15:54:00,15.9
NW,BLACKBURN,EMERGENCY,ENG014,Alan Sharp,Dave Clarke,W5600089,IR,E1,2026-05-27 11:02:00,2026-05-28 00:44:00,13:42:00,13.7
NW,MANCHESTER,EMERGENCY,ENG010,Paul Dawson,Gary Williams,W5600090,MR,E1,2026-05-23 10:33:00,2026-05-23 17:09:00,06:36:00,6.6
SO,PORTSMOUTH,EMERGENCY,ENG050,Phil Hodgkins,Phil Russell,W5600091,ME,M2,2026-05-25 08:52:00,2026-05-25 18:22:00,09:30:00,9.5
EA,CAMBRIDGE,EMERGENCY,ENG021,Rachel Davies,Mark Booker,W5600092,RO,R2,2026-05-21 07:58:00,2026-05-21 12:22:00,04:24:00,4.4
NE,DURHAM,REPAIR,ENG070,Janet Robb,Bill Tyne,W5600093,IR,R1,2026-05-22 08:19:00,2026-05-23 00:13:00,15:54:00,15.9
NW,MANCHESTER,INSPECTION,ENG012,Brian Cook,Gary Williams,W5600094,EM,E1,2026-05-27 08:07:00,2026-05-27 19:13:00,11:06:00,11.1
WM,WOLVERHAMPTON,ROUTINE,ENG041,Una Cowling,Mark Reygate,W5600095,ME,R2,2026-05-25 11:46:00,2026-05-25 21:16:00,09:30:00,9.5
SC,ABERDEEN,EMERGENCY,ENG005,Fiona Cameron,Gordon Shaw,W5600096,RO,M1,2026-05-26 11:05:00,2026-05-27 01:11:00,14:06:00,14.1
NE,GATESHEAD,METERING,ENG072,Liz Cooke,Bill Tyne,W5600097,ME,E2,2026-05-21 09:55:00,2026-05-21 19:19:00,09:24:00,9.4
NW,BOLTON,INSPECTION,ENG010,Paul Dawson,Gary Williams,W5600098,EM,R1,2026-05-26 08:11:00,2026-05-26 13:29:00,05:18:00,5.3
WM,WOLVERHAMPTON,INSPECTION,ENG042,Steve Frost,Mark Reygate,W5600099,EM,E2,2026-05-23 09:25:00,2026-05-23 23:31:00,14:06:00,14.1
WM,WOLVERHAMPTON,ROUTINE,ENG042,Steve Frost,Mark Reygate,W5600100,IR,M2,2026-05-26 06:20:00,2026-05-26 19:56:00,13:36:00,13.6
EA,IPSWICH,EMERGENCY,ENG023,Sharon King,Anne Foster,W5600101,EM,E1,2026-05-22 10:43:00,2026-05-23 02:13:00,15:30:00,15.5
NT,MANSFIELD,INSPECTION,ENG061,Cathy Dean,Sue Holt,W5600102,MR,E1,2026-05-22 10:32:00,2026-05-22 18:38:00,08:06:00,8.1
NE,DURHAM,INSPECTION,ENG071,Alan Shaw,Bill Tyne,W5600103,IR,M2,2026-05-21 06:36:00,2026-05-21 21:24:00,14:48:00,14.8
SO,SALISBURY,ROUTINE,ENG051,Wendy Nash,Phil Russell,W5600104,EM,R2,2026-05-24 11:41:00,2026-05-24 20:47:00,09:06:00,9.1
SE,CROYDON,REPAIR,ENG030,Stuart Porter,Ray Ingram,W5600105,EM,E2,2026-05-21 06:11:00,2026-05-21 09:47:00,03:36:00,3.6
NW,BOLTON,REPAIR,ENG014,Alan Sharp,Dave Clarke,W5600106,EM,M1,2026-05-24 07:54:00,2026-05-24 21:18:00,13:24:00,13.4
SC,INVERNESS,EMERGENCY,ENG002,Alistair Fraser,Steven Leckie,W5600107,IR,M1,2026-05-21 09:34:00,2026-05-21 21:40:00,12:06:00,12.1
WM,WOLVERHAMPTON,ROUTINE,ENG041,Una Cowling,Mark Reygate,W5600108,EM,R2,2026-05-24 10:47:00,2026-05-24 12:53:00,02:06:00,2.1
SC,EDINBURGH,REPAIR,ENG003,Catriona Stewart,Graham Loan,W5600109,RO,E2,2026-05-23 08:21:00,2026-05-23 16:21:00,08:00:00,8.0
NW,WARRINGTON,REPAIR,ENG014,Alan Sharp,Dave Clarke,W5600110,MR,E1,2026-05-24 07:50:00,2026-05-24 22:56:00,15:06:00,15.1
NT,NOTTINGHAM,ROUTINE,ENG060,Barry Noon,Sue Holt,W5600111,MR,M2,2026-05-24 08:07:00,2026-05-24 22:37:00,14:30:00,14.5
EA,IPSWICH,METERING,ENG022,Peter Wong,Mark Booker,W5600112,IR,R1,2026-05-23 07:12:00,2026-05-23 13:12:00,06:00:00,6.0
SC,INVERNESS,EMERGENCY,ENG005,Fiona Cameron,Gordon Shaw,W5600113,MR,R1,2026-05-25 08:41:00,2026-05-25 12:11:00,03:30:00,3.5
NT,NOTTINGHAM,ROUTINE,ENG060,Barry Noon,Sue Holt,W5600114,IR,R2,2026-05-26 06:15:00,2026-05-26 14:03:00,07:48:00,7.8
WM,BIRMINGHAM,METERING,ENG043,Diane Hunt,Tom Avery,W5600115,MR,R1,2026-05-26 10:51:00,2026-05-26 17:51:00,07:00:00,7.0
NW,WIGAN,INSPECTION,ENG010,Paul Dawson,Gary Williams,W5600116,ME,R1,2026-05-23 08:10:00,2026-05-23 18:40:00,10:30:00,10.5
SC,EDINBURGH,REPAIR,ENG003,Catriona Stewart,Graham Loan,W5600117,IR,R2,2026-05-21 10:13:00,2026-05-21 22:25:00,12:12:00,12.2
SC,EDINBURGH,INSPECTION,ENG004,Douglas Reid,Graham Loan,W5600118,MR,R1,2026-05-27 07:34:00,2026-05-27 16:22:00,08:48:00,8.8
SC,ABERDEEN,INSPECTION,ENG001,John MacDonald,Steven Leckie,W5600119,RO,R2,2026-05-25 11:21:00,2026-05-26 00:27:00,13:06:00,13.1
NT,LINCOLN,INSPECTION,ENG062,Fred Archer,Sue Holt,W5600120,RO,R2,2026-05-27 07:44:00,2026-05-27 12:02:00,04:18:00,4.3
SE,GUILDFORD,EMERGENCY,ENG030,Stuart Porter,Ray Ingram,W5600121,IR,M1,2026-05-24 06:14:00,2026-05-24 18:32:00,12:18:00,12.3
NT,LINCOLN,ROUTINE,ENG060,Barry Noon,Sue Holt,W5600122,MR,R2,2026-05-26 10:33:00,2026-05-26 17:03:00,06:30:00,6.5
NE,GATESHEAD,ROUTINE,ENG070,Janet Robb,Bill Tyne,W5600123,ME,R2,2026-05-23 07:32:00,2026-05-23 11:20:00,03:48:00,3.8
WM,WALSALL,EMERGENCY,ENG043,Diane Hunt,Tom Avery,W5600124,RO,R1,2026-05-24 10:41:00,2026-05-24 21:41:00,11:00:00,11.0
NW,WARRINGTON,ROUTINE,ENG013,Helen Morris,Dave Clarke,W5600125,IR,E1,2026-05-27 10:13:00,2026-05-27 13:07:00,02:54:00,2.9
NT,LINCOLN,EMERGENCY,ENG061,Cathy Dean,Sue Holt,W5600126,RO,M2,2026-05-23 06:28:00,2026-05-23 16:04:00,09:36:00,9.6
WM,DUDLEY,EMERGENCY,ENG043,Diane Hunt,Tom Avery,W5600127,IR,M1,2026-05-22 10:25:00,2026-05-22 22:13:00,11:48:00,11.8
WM,BIRMINGHAM,METERING,ENG040,Wayne Edwards,Mark Reygate,W5600128,ME,M1,2026-05-23 11:37:00,2026-05-24 01:13:00,13:36:00,13.6
WM,DUDLEY,ROUTINE,ENG041,Una Cowling,Mark Reygate,W5600129,IR,M2,2026-05-26 09:00:00,2026-05-26 14:30:00,05:30:00,5.5
NE,MIDDLESBROUGH,INSPECTION,ENG072,Liz Cooke,Bill Tyne,W5600130,RO,R2,2026-05-23 08:58:00,2026-05-23 13:04:00,04:05:59,4.1
NT,MANSFIELD,ROUTINE,ENG062,Fred Archer,Sue Holt,W5600131,MR,M1,2026-05-25 06:49:00,2026-05-25 09:07:00,02:18:00,2.3
EA,BEDFORD,REPAIR,ENG020,Mark Holloway,Mark Booker,W5600132,MR,E1,2026-05-23 06:51:00,2026-05-23 22:45:00,15:54:00,15.9
SE,CROYDON,INSPECTION,ENG033,Julie Price,Pat Nolan,W5600133,ME,E1,2026-05-24 10:28:00,2026-05-24 22:10:00,11:42:00,11.7
EA,NORWICH,REPAIR,ENG021,Rachel Davies,Mark Booker,W5600134,RO,M1,2026-05-27 08:11:00,2026-05-27 12:47:00,04:36:00,4.6
NW,WIGAN,REPAIR,ENG011,Karen Simmons,Gary Williams,W5600135,MR,M2,2026-05-25 06:41:00,2026-05-25 22:23:00,15:42:00,15.7
EA,NORWICH,ROUTINE,ENG023,Sharon King,Anne Foster,W5600136,IR,M2,2026-05-24 07:07:00,2026-05-24 22:01:00,14:54:00,14.9
SE,HORSHAM,INSPECTION,ENG031,Tracey McIntyre,Ray Ingram,W5600137,IR,M2,2026-05-24 06:49:00,2026-05-24 12:49:00,06:00:00,6.0
NE,GATESHEAD,REPAIR,ENG072,Liz Cooke,Bill Tyne,W5600138,ME,R2,2026-05-25 10:11:00,2026-05-25 15:17:00,05:06:00,5.1
NT,DERBY,REPAIR,ENG060,Barry Noon,Sue Holt,W5600139,EM,R1,2026-05-27 06:00:00,2026-05-27 09:00:00,03:00:00,3.0
SE,HORSHAM,INSPECTION,ENG031,Tracey McIntyre,Ray Ingram,W5600140,MR,M1,2026-05-22 08:34:00,2026-05-23 00:28:00,15:54:00,15.9
NW,BLACKBURN,EMERGENCY,ENG013,Helen Morris,Dave Clarke,W5600141,IR,R2,2026-05-27 11:35:00,2026-05-28 01:47:00,14:12:00,14.2
WM,DUDLEY,EMERGENCY,ENG041,Una Cowling,Mark Reygate,W5600142,RO,E2,2026-05-21 10:55:00,2026-05-21 21:31:00,10:36:00,10.6
WM,WOLVERHAMPTON,REPAIR,ENG043,Diane Hunt,Tom Avery,W5600143,ME,M1,2026-05-23 06:58:00,2026-05-23 19:58:00,13:00:00,13.0
SO,SOUTHAMPTON,METERING,ENG051,Wendy Nash,Phil Russell,W5600144,EM,R2,2026-05-27 06:18:00,2026-05-27 21:42:00,15:24:00,15.4
SC,INVERNESS,METERING,ENG006,Kevin McAllister,Gordon Shaw,W5600145,MR,M2,2026-05-27 07:01:00,2026-05-27 22:13:00,15:12:00,15.2
SO,SOUTHAMPTON,METERING,ENG051,Wendy Nash,Phil Russell,W5600146,EM,R2,2026-05-27 07:29:00,2026-05-27 16:05:00,08:36:00,8.6
WM,BIRMINGHAM,INSPECTION,ENG042,Steve Frost,Mark Reygate,W5600147,ME,M2,2026-05-26 10:59:00,2026-05-26 18:47:00,07:48:00,7.8
WM,COVENTRY,INSPECTION,ENG040,Wayne Edwards,Mark Reygate,W5600148,IR,R1,2026-05-26 07:06:00,2026-05-26 22:24:00,15:18:00,15.3
NT,NOTTINGHAM,EMERGENCY,ENG062,Fred Archer,Sue Holt,W5600149,MR,M2,2026-05-21 07:16:00,2026-05-21 10:28:00,03:12:00,3.2
NE,SUNDERLAND,ROUTINE,ENG071,Alan Shaw,Bill Tyne,W5600150,ME,E2,2026-05-23 09:04:00,2026-05-23 14:22:00,05:18:00,5.3
SE,HORSHAM,EMERGENCY,ENG030,Stuart Porter,Ray Ingram,W5600151,EM,M1,2026-05-21 07:02:00,2026-05-21 12:26:00,05:24:00,5.4
WM,STOKE,METERING,ENG042,Steve Frost,Mark Reygate,W5600152,RO,R2,2026-05-24 09:34:00,2026-05-24 14:46:00,05:12:00,5.2
SE,EASTBOURNE,METERING,ENG033,Julie Price,Pat Nolan,W5600153,MR,R2,2026-05-24 08:02:00,2026-05-24 17:02:00,09:00:00,9.0
SO,BASINGSTOKE,METERING,ENG051,Wendy Nash,Phil Russell,W5600154,MR,R1,2026-05-26 11:13:00,2026-05-26 17:37:00,06:24:00,6.4
NT,NOTTINGHAM,EMERGENCY,ENG060,Barry Noon,Sue Holt,W5600155,IR,E1,2026-05-21 09:04:00,2026-05-21 23:22:00,14:18:00,14.3
EA,IPSWICH,METERING,ENG023,Sharon King,Anne Foster,W5600156,EM,R2,2026-05-23 07:32:00,2026-05-23 18:38:00,11:06:00,11.1
NW,STOCKPORT,METERING,ENG010,Paul Dawson,Gary Williams,W5600157,ME,E1,2026-05-21 08:24:00,2026-05-21 23:12:00,14:48:00,14.8
WM,STOKE,INSPECTION,ENG040,Wayne Edwards,Mark Reygate,W5600158,MR,E2,2026-05-26 07:41:00,2026-05-26 12:53:00,05:12:00,5.2
EA,PETERBOROUGH,ROUTINE,ENG021,Rachel Davies,Mark Booker,W5600159,RO,E2,2026-05-24 10:23:00,2026-05-24 15:17:00,04:54:00,4.9
NW,STOCKPORT,INSPECTION,ENG012,Brian Cook,Gary Williams,W5600160,MR,M2,2026-05-22 11:27:00,2026-05-23 02:45:00,15:18:00,15.3
WM,COVENTRY,ROUTINE,ENG043,Diane Hunt,Tom Avery,W5600161,IR,R2,2026-05-23 10:56:00,2026-05-23 19:56:00,09:00:00,9.0
EA,PETERBOROUGH,REPAIR,ENG023,Sharon King,Anne Foster,W5600162,MR,R1,2026-05-22 08:45:00,2026-05-22 20:51:00,12:06:00,12.1
NE,NEWCASTLE,REPAIR,ENG071,Alan Shaw,Bill Tyne,W5600163,RO,E2,2026-05-24 11:12:00,2026-05-25 00:30:00,13:18:00,13.3
SO,PORTSMOUTH,METERING,ENG051,Wendy Nash,Phil Russell,W5600164,ME,M1,2026-05-23 11:00:00,2026-05-23 14:36:00,03:36:00,3.6
SC,DUNDEE,EMERGENCY,ENG003,Catriona Stewart,Graham Loan,W5600165,IR,R1,2026-05-21 10:35:00,2026-05-21 16:53:00,06:18:00,6.3
SE,CROYDON,INSPECTION,ENG033,Julie Price,Pat Nolan,W5600166,EM,E2,2026-05-21 06:59:00,2026-05-21 17:11:00,10:12:00,10.2
EA,IPSWICH,ROUTINE,ENG021,Rachel Davies,Mark Booker,W5600167,EM,M1,2026-05-24 08:08:00,2026-05-24 16:56:00,08:48:00,8.8
SE,MAIDSTONE,METERING,ENG030,Stuart Porter,Ray Ingram,W5600168,RO,E1,2026-05-21 08:32:00,2026-05-22 00:14:00,15:42:00,15.7
SO,BOURNEMOUTH,EMERGENCY,ENG050,Phil Hodgkins,Phil Russell,W5600169,RO,R2,2026-05-22 10:23:00,2026-05-22 16:23:00,06:00:00,6.0
SC,ABERDEEN,REPAIR,ENG003,Catriona Stewart,Graham Loan,W5600170,RO,E1,2026-05-25 06:12:00,2026-05-25 13:36:00,07:24:00,7.4
EA,PETERBOROUGH,EMERGENCY,ENG023,Sharon King,Anne Foster,W5600171,MR,M1,2026-05-24 07:05:00,2026-05-24 10:29:00,03:24:00,3.4
WM,DUDLEY,INSPECTION,ENG042,Steve Frost,Mark Reygate,W5600172,EM,E2,2026-05-24 07:38:00,2026-05-24 21:26:00,13:48:00,13.8
WM,WALSALL,ROUTINE,ENG040,Wayne Edwards,Mark Reygate,W5600173,IR,M2,2026-05-25 08:29:00,2026-05-25 18:59:00,10:30:00,10.5
NW,LIVERPOOL,METERING,ENG012,Brian Cook,Gary Williams,W5600174,EM,R1,2026-05-21 10:26:00,2026-05-21 19:32:00,09:06:00,9.1
SO,BOURNEMOUTH,METERING,ENG051,Wendy Nash,Phil Russell,W5600175,IR,R1,2026-05-22 10:18:00,2026-05-22 15:42:00,05:24:00,5.4
NT,MANSFIELD,INSPECTION,ENG062,Fred Archer,Sue Holt,W5600176,RO,E2,2026-05-26 07:58:00,2026-05-26 19:34:00,11:36:00,11.6
NT,LINCOLN,METERING,ENG062,Fred Archer,Sue Holt,W5600177,IR,M1,2026-05-27 08:05:00,2026-05-27 19:05:00,11:00:00,11.0
NT,DERBY,REPAIR,ENG062,Fred Archer,Sue Holt,W5600178,ME,M1,2026-05-25 09:52:00,2026-05-25 15:40:00,05:48:00,5.8
SC,ABERDEEN,ROUTINE,ENG006,Kevin McAllister,Gordon Shaw,W5600179,MR,R2,2026-05-25 07:19:00,2026-05-25 10:49:00,03:30:00,3.5
WM,COVENTRY,METERING,ENG041,Una Cowling,Mark Reygate,W5600180,RO,M1,2026-05-25 11:00:00,2026-05-25 21:54:00,10:54:00,10.9
NT,LEICESTER,REPAIR,ENG062,Fred Archer,Sue Holt,W5600181,IR,E2,2026-05-24 09:35:00,2026-05-24 19:47:00,10:12:00,10.2
SC,PERTH,ROUTINE,ENG006,Kevin McAllister,Gordon Shaw,W5600182,ME,M2,2026-05-22 07:02:00,2026-05-22 13:56:00,06:54:00,6.9
NE,MIDDLESBROUGH,REPAIR,ENG072,Liz Cooke,Bill Tyne,W5600183,MR,R2,2026-05-23 07:40:00,2026-05-23 20:16:00,12:36:00,12.6
NT,NOTTINGHAM,INSPECTION,ENG061,Cathy Dean,Sue Holt,W5600184,ME,M1,2026-05-25 07:27:00,2026-05-25 10:03:00,02:36:00,2.6
EA,NORWICH,ROUTINE,ENG020,Mark Holloway,Mark Booker,W5600185,IR,M1,2026-05-27 07:55:00,2026-05-27 21:01:00,13:06:00,13.1
SC,DUNDEE,REPAIR,ENG002,Alistair Fraser,Steven Leckie,W5600186,RO,M1,2026-05-23 10:29:00,2026-05-23 16:53:00,06:24:00,6.4
NT,LEICESTER,ROUTINE,ENG061,Cathy Dean,Sue Holt,W5600187,IR,M2,2026-05-27 11:12:00,2026-05-27 21:42:00,10:30:00,10.5
SE,GUILDFORD,INSPECTION,ENG032,Colin James,Pat Nolan,W5600188,RO,R2,2026-05-27 09:41:00,2026-05-28 01:35:00,15:54:00,15.9
SC,STIRLING,EMERGENCY,ENG001,John MacDonald,Steven Leckie,W5600189,IR,E2,2026-05-25 07:41:00,2026-05-25 13:35:00,05:54:00,5.9
NT,LEICESTER,REPAIR,ENG062,Fred Archer,Sue Holt,W5600190,RO,M1,2026-05-27 06:50:00,2026-05-27 10:38:00,03:48:00,3.8
NT,MANSFIELD,INSPECTION,ENG061,Cathy Dean,Sue Holt,W5600191,ME,M1,2026-05-25 08:26:00,2026-05-25 18:26:00,10:00:00,10.0
SO,PORTSMOUTH,INSPECTION,ENG051,Wendy Nash,Phil Russell,W5600192,MR,E1,2026-05-23 11:26:00,2026-05-24 01:56:00,14:30:00,14.5
NT,NOTTINGHAM,ROUTINE,ENG060,Barry Noon,Sue Holt,W5600193,IR,R1,2026-05-21 08:58:00,2026-05-21 16:34:00,07:36:00,7.6
SO,BASINGSTOKE,EMERGENCY,ENG052,Chris Lamb,Phil Russell,W5600194,RO,R2,2026-05-26 11:16:00,2026-05-27 02:22:00,15:06:00,15.1
SE,EASTBOURNE,INSPECTION,ENG033,Julie Price,Pat Nolan,W5600195,MR,E2,2026-05-23 09:09:00,2026-05-23 22:21:00,13:12:00,13.2
WM,STOKE,ROUTINE,ENG043,Diane Hunt,Tom Avery,W5600196,IR,E1,2026-05-22 06:31:00,2026-05-22 18:55:00,12:24:00,12.4
NT,NOTTINGHAM,INSPECTION,ENG060,Barry Noon,Sue Holt,W5600197,RO,R1,2026-05-26 07:52:00,2026-05-26 15:10:00,07:18:00,7.3
SC,GLASGOW,EMERGENCY,ENG005,Fiona Cameron,Gordon Shaw,W5600198,MR,E2,2026-05-27 07:27:00,2026-05-27 23:09:00,15:42:00,15.7
NE,GATESHEAD,ROUTINE,ENG071,Alan Shaw,Bill Tyne,W5600199,ME,E2,2026-05-27 08:24:00,2026-05-27 12:42:00,04:18:00,4.3
NT,NOTTINGHAM,ROUTINE,ENG062,Fred Archer,Sue Holt,W5600200,EM,R2,2026-05-22 11:39:00,2026-05-23 00:21:00,12:42:00,12.7
NW,WIGAN,ROUTINE,ENG011,Karen Simmons,Gary Williams,W5600201,ME,R1,2026-05-26 08:49:00,2026-05-26 22:19:00,13:30:00,13.5
WM,COVENTRY,EMERGENCY,ENG041,Una Cowling,Mark Reygate,W5600202,RO,M2,2026-05-26 10:26:00,2026-05-26 19:14:00,08:48:00,8.8
NW,STOCKPORT,METERING,ENG012,Brian Cook,Gary Williams,W5600203,EM,R2,2026-05-21 11:23:00,2026-05-21 21:53:00,10:30:00,10.5
NT,LEICESTER,EMERGENCY,ENG062,Fred Archer,Sue Holt,W5600204,IR,M1,2026-05-25 09:28:00,2026-05-26 00:22:00,14:54:00,14.9
SC,INVERNESS,EMERGENCY,ENG001,John MacDonald,Steven Leckie,W5600205,EM,R1,2026-05-23 07:49:00,2026-05-23 11:43:00,03:54:00,3.9
SO,SOUTHAMPTON,ROUTINE,ENG051,Wendy Nash,Phil Russell,W5600206,ME,E2,2026-05-25 08:49:00,2026-05-25 13:13:00,04:24:00,4.4
WM,STOKE,EMERGENCY,ENG042,Steve Frost,Mark Reygate,W5600207,RO,E2,2026-05-25 09:39:00,2026-05-25 22:57:00,13:18:00,13.3
EA,PETERBOROUGH,ROUTINE,ENG023,Sharon King,Anne Foster,W5600208,RO,R1,2026-05-24 10:39:00,2026-05-24 23:57:00,13:18:00,13.3
NE,MIDDLESBROUGH,METERING,ENG070,Janet Robb,Bill Tyne,W5600209,EM,M1,2026-05-22 11:46:00,2026-05-23 00:04:00,12:18:00,12.3
SO,SOUTHAMPTON,EMERGENCY,ENG052,Chris Lamb,Phil Russell,W5600210,MR,R2,2026-05-27 07:24:00,2026-05-27 17:48:00,10:24:00,10.4
WM,BIRMINGHAM,INSPECTION,ENG040,Wayne Edwards,Mark Reygate,W5600211,ME,M1,2026-05-22 10:17:00,2026-05-22 18:17:00,08:00:00,8.0
WM,WALSALL,REPAIR,ENG042,Steve Frost,Mark Reygate,W5600212,IR,M2,2026-05-22 10:53:00,2026-05-22 18:05:00,07:12:00,7.2
NW,WARRINGTON,REPAIR,ENG014,Alan Sharp,Dave Clarke,W5600213,MR,M2,2026-05-26 06:20:00,2026-05-26 17:26:00,11:06:00,11.1
WM,COVENTRY,INSPECTION,ENG040,Wayne Edwards,Mark Reygate,W5600214,EM,E2,2026-05-21 08:26:00,2026-05-21 11:08:00,02:42:00,2.7
NT,LINCOLN,ROUTINE,ENG061,Cathy Dean,Sue Holt,W5600215,IR,M1,2026-05-27 07:52:00,2026-05-27 17:16:00,09:24:00,9.4
SO,BOURNEMOUTH,REPAIR,ENG052,Chris Lamb,Phil Russell,W5600216,RO,R1,2026-05-22 06:58:00,2026-05-22 19:28:00,12:30:00,12.5
NT,NOTTINGHAM,ROUTINE,ENG062,Fred Archer,Sue Holt,W5600217,MR,M1,2026-05-22 08:41:00,2026-05-22 13:29:00,04:48:00,4.8
SC,GLASGOW,EMERGENCY,ENG006,Kevin McAllister,Gordon Shaw,W5600218,ME,M2,2026-05-26 07:42:00,2026-05-26 10:48:00,03:06:00,3.1
NT,NOTTINGHAM,REPAIR,ENG061,Cathy Dean,Sue Holt,W5600219,IR,R2,2026-05-22 09:47:00,2026-05-22 18:05:00,08:18:00,8.3
EA,PETERBOROUGH,INSPECTION,ENG021,Rachel Davies,Mark Booker,W5600220,MR,E2,2026-05-24 10:35:00,2026-05-24 13:05:00,02:30:00,2.5
NW,WIGAN,METERING,ENG012,Brian Cook,Gary Williams,W5600221,IR,R1,2026-05-25 08:42:00,2026-05-25 19:24:00,10:42:00,10.7
NT,LINCOLN,ROUTINE,ENG061,Cathy Dean,Sue Holt,W5600222,IR,M1,2026-05-26 11:35:00,2026-05-27 02:11:00,14:36:00,14.6
SC,GLASGOW,REPAIR,ENG006,Kevin McAllister,Gordon Shaw,W5600223,MR,R1,2026-05-23 08:12:00,2026-05-23 11:12:00,03:00:00,3.0
SO,SALISBURY,INSPECTION,ENG051,Wendy Nash,Phil Russell,W5600224,IR,E1,2026-05-26 11:43:00,2026-05-26 15:37:00,03:54:00,3.9
WM,STOKE,INSPECTION,ENG043,Diane Hunt,Tom Avery,W5600225,MR,M1,2026-05-27 10:22:00,2026-05-27 17:10:00,06:48:00,6.8
NT,LEICESTER,ROUTINE,ENG062,Fred Archer,Sue Holt,W5600226,ME,M1,2026-05-21 07:21:00,2026-05-21 22:09:00,14:48:00,14.8
NE,MIDDLESBROUGH,INSPECTION,ENG072,Liz Cooke,Bill Tyne,W5600227,IR,M2,2026-05-22 09:50:00,2026-05-22 15:50:00,06:00:00,6.0
SC,EDINBURGH,EMERGENCY,ENG004,Douglas Reid,Graham Loan,W5600228,IR,M1,2026-05-24 08:50:00,2026-05-24 14:02:00,05:12:00,5.2
NW,BOLTON,ROUTINE,ENG011,Karen Simmons,Gary Williams,W5600229,RO,R2,2026-05-27 11:42:00,2026-05-27 14:06:00,02:24:00,2.4
EA,LUTON,EMERGENCY,ENG020,Mark Holloway,Mark Booker,W5600230,MR,M2,2026-05-22 11:41:00,2026-05-22 21:41:00,10:00:00,10.0
SE,CROYDON,REPAIR,ENG032,Colin James,Pat Nolan,W5600231,RO,R2,2026-05-25 10:13:00,2026-05-25 21:07:00,10:54:00,10.9
SE,MAIDSTONE,ROUTINE,ENG031,Tracey McIntyre,Ray Ingram,W5600232,MR,M1,2026-05-26 08:43:00,2026-05-26 18:13:00,09:30:00,9.5
SC,STIRLING,REPAIR,ENG002,Alistair Fraser,Steven Leckie,W5600233,MR,R1,2026-05-26 07:56:00,2026-05-26 19:20:00,11:24:00,11.4
SC,PAISLEY,METERING,ENG006,Kevin McAllister,Gordon Shaw,W5600234,ME,R2,2026-05-21 10:44:00,2026-05-21 14:14:00,03:30:00,3.5
WM,WALSALL,INSPECTION,ENG041,Una Cowling,Mark Reygate,W5600235,EM,R2,2026-05-24 07:13:00,2026-05-24 15:43:00,08:30:00,8.5
SE,BRIGHTON,METERING,ENG032,Colin James,Pat Nolan,W5600236,RO,M1,2026-05-26 08:32:00,2026-05-26 19:26:00,10:54:00,10.9
SO,SALISBURY,INSPECTION,ENG052,Chris Lamb,Phil Russell,W5600237,RO,E1,2026-05-26 09:30:00,2026-05-26 22:36:00,13:06:00,13.1
NE,NEWCASTLE,METERING,ENG071,Alan Shaw,Bill Tyne,W5600238,IR,M1,2026-05-21 06:42:00,2026-05-21 22:42:00,16:00:00,16.0
NE,GATESHEAD,EMERGENCY,ENG070,Janet Robb,Bill Tyne,W5600239,ME,E1,2026-05-25 08:04:00,2026-05-25 19:34:00,11:30:00,11.5
SO,BOURNEMOUTH,EMERGENCY,ENG052,Chris Lamb,Phil Russell,W5600240,RO,M2,2026-05-23 09:32:00,2026-05-23 16:44:00,07:12:00,7.2
NT,DERBY,METERING,ENG061,Cathy Dean,Sue Holt,W5600241,RO,R2,2026-05-22 09:19:00,2026-05-22 19:07:00,09:48:00,9.8
NT,NOTTINGHAM,ROUTINE,ENG061,Cathy Dean,Sue Holt,W5600242,RO,M1,2026-05-22 07:15:00,2026-05-22 09:27:00,02:12:00,2.2
NW,LIVERPOOL,EMERGENCY,ENG014,Alan Sharp,Dave Clarke,W5600243,ME,M1,2026-05-23 11:30:00,2026-05-23 20:24:00,08:54:00,8.9
EA,BEDFORD,METERING,ENG020,Mark Holloway,Mark Booker,W5600244,EM,R2,2026-05-22 07:47:00,2026-05-22 21:11:00,13:24:00,13.4
SE,MAIDSTONE,ROUTINE,ENG030,Stuart Porter,Ray Ingram,W5600245,IR,E1,2026-05-24 08:26:00,2026-05-24 23:26:00,15:00:00,15.0
SE,CROYDON,REPAIR,ENG033,Julie Price,Pat Nolan,W5600246,RO,M1,2026-05-24 07:00:00,2026-05-24 22:48:00,15:48:00,15.8
WM,BIRMINGHAM,EMERGENCY,ENG042,Steve Frost,Mark Reygate,W5600247,RO,E1,2026-05-25 09:43:00,2026-05-25 18:13:00,08:30:00,8.5
SE,GUILDFORD,REPAIR,ENG030,Stuart Porter,Ray Ingram,W5600248,MR,R1,2026-05-21 06:52:00,2026-05-21 10:40:00,03:48:00,3.8
SO,BOURNEMOUTH,ROUTINE,ENG052,Chris Lamb,Phil Russell,W5600249,EM,E2,2026-05-25 09:58:00,2026-05-25 21:16:00,11:18:00,11.3
WM,STOKE,INSPECTION,ENG043,Diane Hunt,Tom Avery,W5600250,ME,M1,2026-05-26 11:26:00,2026-05-26 18:56:00,07:30:00,7.5
EA,LUTON,METERING,ENG022,Peter Wong,Mark Booker,W5600251,IR,R1,2026-05-22 09:41:00,2026-05-22 17:23:00,07:42:00,7.7
SE,GUILDFORD,METERING,ENG030,Stuart Porter,Ray Ingram,W5600252,RO,M1,2026-05-24 09:56:00,2026-05-24 18:32:00,08:36:00,8.6
NW,STOCKPORT,METERING,ENG013,Helen Morris,Dave Clarke,W5600253,IR,E1,2026-05-21 07:33:00,2026-05-21 17:21:00,09:48:00,9.8
EA,NORWICH,ROUTINE,ENG023,Sharon King,Anne Foster,W5600254,IR,R2,2026-05-22 06:05:00,2026-05-22 13:59:00,07:54:00,7.9
WM,WALSALL,ROUTINE,ENG040,Wayne Edwards,Mark Reygate,W5600255,MR,E2,2026-05-22 08:36:00,2026-05-22 12:24:00,03:48:00,3.8
NE,GATESHEAD,EMERGENCY,ENG072,Liz Cooke,Bill Tyne,W5600256,RO,R2,2026-05-27 08:31:00,2026-05-27 22:49:00,14:18:00,14.3
SE,BRIGHTON,ROUTINE,ENG032,Colin James,Pat Nolan,W5600257,IR,R2,2026-05-27 10:12:00,2026-05-27 12:24:00,02:12:00,2.2
EA,LUTON,EMERGENCY,ENG020,Mark Holloway,Mark Booker,W5600258,MR,R2,2026-05-21 07:44:00,2026-05-21 10:14:00,02:30:00,2.5
SO,SOUTHAMPTON,REPAIR,ENG050,Phil Hodgkins,Phil Russell,W5600259,EM,R2,2026-05-21 06:45:00,2026-05-21 13:39:00,06:54:00,6.9
SC,PAISLEY,EMERGENCY,ENG006,Kevin McAllister,Gordon Shaw,W5600260,MR,R2,2026-05-24 09:40:00,2026-05-24 12:28:00,02:48:00,2.8
SO,PORTSMOUTH,EMERGENCY,ENG051,Wendy Nash,Phil Russell,W5600261,MR,R2,2026-05-27 08:51:00,2026-05-27 22:45:00,13:54:00,13.9
EA,PETERBOROUGH,REPAIR,ENG021,Rachel Davies,Mark Booker,W5600262,IR,E1,2026-05-26 10:54:00,2026-05-27 00:12:00,13:18:00,13.3
EA,PETERBOROUGH,EMERGENCY,ENG022,Peter Wong,Mark Booker,W5600263,ME,E2,2026-05-25 11:17:00,2026-05-25 15:35:00,04:18:00,4.3
WM,WOLVERHAMPTON,ROUTINE,ENG043,Diane Hunt,Tom Avery,W5600264,EM,E1,2026-05-27 06:57:00,2026-05-27 08:57:00,02:00:00,2.0
SE,BRIGHTON,EMERGENCY,ENG031,Tracey McIntyre,Ray Ingram,W5600265,MR,M2,2026-05-26 10:30:00,2026-05-27 02:06:00,15:36:00,15.6
SO,BOURNEMOUTH,ROUTINE,ENG051,Wendy Nash,Phil Russell,W5600266,RO,E1,2026-05-27 11:27:00,2026-05-27 23:57:00,12:30:00,12.5
SE,GUILDFORD,REPAIR,ENG032,Colin James,Pat Nolan,W5600267,EM,M1,2026-05-26 09:37:00,2026-05-26 14:01:00,04:24:00,4.4
WM,DUDLEY,METERING,ENG040,Wayne Edwards,Mark Reygate,W5600268,MR,R2,2026-05-21 07:18:00,2026-05-21 11:06:00,03:48:00,3.8
NT,MANSFIELD,METERING,ENG060,Barry Noon,Sue Holt,W5600269,RO,E1,2026-05-26 10:31:00,2026-05-26 19:43:00,09:12:00,9.2
EA,CAMBRIDGE,ROUTINE,ENG022,Peter Wong,Mark Booker,W5600270,EM,M1,2026-05-26 09:50:00,2026-05-26 19:56:00,10:06:00,10.1
SO,PORTSMOUTH,METERING,ENG052,Chris Lamb,Phil Russell,W5600271,ME,M2,2026-05-22 06:37:00,2026-05-22 17:37:00,11:00:00,11.0
SO,BOURNEMOUTH,INSPECTION,ENG051,Wendy Nash,Phil Russell,W5600272,RO,M1,2026-05-22 10:02:00,2026-05-22 18:50:00,08:48:00,8.8
SO,SOUTHAMPTON,REPAIR,ENG050,Phil Hodgkins,Phil Russell,W5600273,RO,M2,2026-05-25 07:38:00,2026-05-25 11:32:00,03:54:00,3.9
SO,SALISBURY,EMERGENCY,ENG052,Chris Lamb,Phil Russell,W5600274,IR,R2,2026-05-25 10:22:00,2026-05-25 18:34:00,08:11:59,8.2
NE,NEWCASTLE,METERING,ENG072,Liz Cooke,Bill Tyne,W5600275,EM,M1,2026-05-26 11:16:00,2026-05-26 14:28:00,03:12:00,3.2
EA,BEDFORD,EMERGENCY,ENG023,Sharon King,Anne Foster,W5600276,MR,E1,2026-05-25 08:18:00,2026-05-25 15:54:00,07:36:00,7.6
NW,WARRINGTON,REPAIR,ENG012,Brian Cook,Gary Williams,W5600277,RO,E2,2026-05-25 07:10:00,2026-05-25 12:22:00,05:12:00,5.2
NW,LIVERPOOL,METERING,ENG013,Helen Morris,Dave Clarke,W5600278,EM,M2,2026-05-22 08:10:00,2026-05-22 10:16:00,02:06:00,2.1
NW,BOLTON,REPAIR,ENG010,Paul Dawson,Gary Williams,W5600279,IR,E2,2026-05-25 11:34:00,2026-05-26 01:34:00,14:00:00,14.0
SO,BASINGSTOKE,METERING,ENG051,Wendy Nash,Phil Russell,W5600280,IR,R1,2026-05-24 07:29:00,2026-05-24 22:11:00,14:42:00,14.7
NW,WIGAN,INSPECTION,ENG014,Alan Sharp,Dave Clarke,W5600281,RO,R2,2026-05-23 10:10:00,2026-05-23 16:58:00,06:48:00,6.8
NE,MIDDLESBROUGH,ROUTINE,ENG072,Liz Cooke,Bill Tyne,W5600282,EM,E1,2026-05-25 06:52:00,2026-05-25 17:46:00,10:54:00,10.9
NW,BLACKBURN,EMERGENCY,ENG011,Karen Simmons,Gary Williams,W5600283,EM,R2,2026-05-25 10:30:00,2026-05-25 19:42:00,09:12:00,9.2
NW,STOCKPORT,REPAIR,ENG013,Helen Morris,Dave Clarke,W5600284,RO,E2,2026-05-25 11:18:00,2026-05-25 16:12:00,04:54:00,4.9
WM,BIRMINGHAM,INSPECTION,ENG040,Wayne Edwards,Mark Reygate,W5600285,IR,R2,2026-05-25 06:20:00,2026-05-25 09:26:00,03:06:00,3.1
NT,NOTTINGHAM,EMERGENCY,ENG061,Cathy Dean,Sue Holt,W5600286,RO,E1,2026-05-24 11:45:00,2026-05-24 19:27:00,07:42:00,7.7
SE,MAIDSTONE,INSPECTION,ENG032,Colin James,Pat Nolan,W5600287,IR,R1,2026-05-27 06:38:00,2026-05-27 10:20:00,03:42:00,3.7
NW,WIGAN,EMERGENCY,ENG014,Alan Sharp,Dave Clarke,W5600288,IR,R1,2026-05-26 06:01:00,2026-05-26 10:37:00,04:36:00,4.6
WM,BIRMINGHAM,REPAIR,ENG043,Diane Hunt,Tom Avery,W5600289,RO,R2,2026-05-21 06:52:00,2026-05-21 16:58:00,10:06:00,10.1
SO,BOURNEMOUTH,INSPECTION,ENG050,Phil Hodgkins,Phil Russell,W5600290,IR,E2,2026-05-26 07:11:00,2026-05-26 18:41:00,11:30:00,11.5
SO,BOURNEMOUTH,REPAIR,ENG051,Wendy Nash,Phil Russell,W5600291,EM,R1,2026-05-25 08:23:00,2026-05-25 21:47:00,13:24:00,13.4
SC,DUNDEE,ROUTINE,ENG006,Kevin McAllister,Gordon Shaw,W5600292,ME,E1,2026-05-24 06:41:00,2026-05-24 19:35:00,12:54:00,12.9
NT,DERBY,ROUTINE,ENG060,Barry Noon,Sue Holt,W5600293,IR,R2,2026-05-23 11:10:00,2026-05-23 17:28:00,06:18:00,6.3
SE,GUILDFORD,REPAIR,ENG031,Tracey McIntyre,Ray Ingram,W5600294,RO,E2,2026-05-23 06:02:00,2026-05-23 20:20:00,14:18:00,14.3
NE,DURHAM,INSPECTION,ENG072,Liz Cooke,Bill Tyne,W5600295,EM,R2,2026-05-26 06:52:00,2026-05-26 12:52:00,06:00:00,6.0
NW,WIGAN,EMERGENCY,ENG011,Karen Simmons,Gary Williams,W5600296,MR,R2,2026-05-26 11:39:00,2026-05-26 19:33:00,07:54:00,7.9
SC,PERTH,INSPECTION,ENG001,John MacDonald,Steven Leckie,W5600297,RO,E1,2026-05-26 06:57:00,2026-05-26 14:03:00,07:06:00,7.1
NT,LINCOLN,INSPECTION,ENG062,Fred Archer,Sue Holt,W5600298,IR,R2,2026-05-26 09:02:00,2026-05-27 00:14:00,15:12:00,15.2
NE,MIDDLESBROUGH,REPAIR,ENG072,Liz Cooke,Bill Tyne,W5600299,MR,R2,2026-05-26 08:23:00,2026-05-26 14:47:00,06:24:00,6.4
SO,PORTSMOUTH,METERING,ENG052,Chris Lamb,Phil Russell,W5600300,MR,E2,2026-05-23 11:25:00,2026-05-23 20:07:00,08:41:59,8.7
NT,LINCOLN,EMERGENCY,ENG062,Fred Archer,Sue Holt,W5600301,RO,E2,2026-05-24 07:36:00,2026-05-24 22:24:00,14:48:00,14.8
NW,STOCKPORT,METERING,ENG012,Brian Cook,Gary Williams,W5600302,IR,M1,2026-05-26 08:14:00,2026-05-26 21:14:00,13:00:00,13.0
WM,COVENTRY,INSPECTION,ENG042,Steve Frost,Mark Reygate,W5600303,EM,M1,2026-05-25 07:55:00,2026-05-25 20:31:00,12:36:00,12.6
NT,DERBY,EMERGENCY,ENG061,Cathy Dean,Sue Holt,W5600304,IR,R2,2026-05-27 09:00:00,2026-05-27 14:12:00,05:12:00,5.2
WM,COVENTRY,ROUTINE,ENG040,Wayne Edwards,Mark Reygate,W5600305,ME,M1,2026-05-24 08:18:00,2026-05-25 00:18:00,16:00:00,16.0
NE,DURHAM,EMERGENCY,ENG072,Liz Cooke,Bill Tyne,W5600306,RO,E1,2026-05-22 08:50:00,2026-05-22 19:08:00,10:18:00,10.3
NW,LIVERPOOL,INSPECTION,ENG010,Paul Dawson,Gary Williams,W5600307,RO,R2,2026-05-24 09:19:00,2026-05-24 14:19:00,05:00:00,5.0
WM,DUDLEY,EMERGENCY,ENG041,Una Cowling,Mark Reygate,W5600308,MR,R1,2026-05-27 08:03:00,2026-05-27 14:51:00,06:48:00,6.8
SC,DUNDEE,METERING,ENG005,Fiona Cameron,Gordon Shaw,W5600309,IR,E1,2026-05-21 10:39:00,2026-05-21 21:27:00,10:48:00,10.8
NW,STOCKPORT,INSPECTION,ENG011,Karen Simmons,Gary Williams,W5600310,EM,E1,2026-05-25 08:28:00,2026-05-25 20:16:00,11:48:00,11.8
SO,BOURNEMOUTH,METERING,ENG051,Wendy Nash,Phil Russell,W5600311,MR,R1,2026-05-22 09:50:00,2026-05-22 12:20:00,02:30:00,2.5
NW,WIGAN,REPAIR,ENG010,Paul Dawson,Gary Williams,W5600312,ME,E2,2026-05-27 09:20:00,2026-05-27 17:38:00,08:18:00,8.3
NW,BOLTON,ROUTINE,ENG014,Alan Sharp,Dave Clarke,W5600313,EM,M1,2026-05-23 10:03:00,2026-05-23 20:21:00,10:18:00,10.3
NE,GATESHEAD,EMERGENCY,ENG072,Liz Cooke,Bill Tyne,W5600314,EM,M2,2026-05-23 08:29:00,2026-05-23 22:59:00,14:30:00,14.5
SC,INVERNESS,INSPECTION,ENG003,Catriona Stewart,Graham Loan,W5600315,RO,R2,2026-05-27 07:41:00,2026-05-27 12:59:00,05:18:00,5.3
EA,NORWICH,METERING,ENG022,Peter Wong,Mark Booker,W5600316,IR,M2,2026-05-22 06:39:00,2026-05-22 22:09:00,15:30:00,15.5
SE,EASTBOURNE,INSPECTION,ENG032,Colin James,Pat Nolan,W5600317,MR,M1,2026-05-21 11:38:00,2026-05-21 20:14:00,08:36:00,8.6
SO,SOUTHAMPTON,EMERGENCY,ENG050,Phil Hodgkins,Phil Russell,W5600318,EM,R2,2026-05-26 11:02:00,2026-05-26 22:32:00,11:30:00,11.5
NW,BOLTON,REPAIR,ENG014,Alan Sharp,Dave Clarke,W5600319,EM,E1,2026-05-25 08:53:00,2026-05-25 23:29:00,14:36:00,14.6
SO,BASINGSTOKE,EMERGENCY,ENG052,Chris Lamb,Phil Russell,W5600320,EM,E1,2026-05-21 10:26:00,2026-05-21 14:02:00,03:36:00,3.6
NW,WARRINGTON,EMERGENCY,ENG011,Karen Simmons,Gary Williams,W5600321,MR,E2,2026-05-22 06:38:00,2026-05-22 11:50:00,05:12:00,5.2
WM,WOLVERHAMPTON,ROUTINE,ENG042,Steve Frost,Mark Reygate,W5600322,ME,M1,2026-05-23 08:35:00,2026-05-23 11:41:00,03:06:00,3.1
SO,SALISBURY,INSPECTION,ENG051,Wendy Nash,Phil Russell,W5600323,ME,R2,2026-05-21 10:39:00,2026-05-22 02:03:00,15:24:00,15.4
NW,BLACKBURN,INSPECTION,ENG012,Brian Cook,Gary Williams,W5600324,MR,E2,2026-05-23 11:29:00,2026-05-23 14:17:00,02:48:00,2.8
WM,WALSALL,REPAIR,ENG043,Diane Hunt,Tom Avery,W5600325,RO,R2,2026-05-27 11:44:00,2026-05-27 16:56:00,05:12:00,5.2
SC,INVERNESS,ROUTINE,ENG002,Alistair Fraser,Steven Leckie,W5600326,ME,R1,2026-05-25 06:18:00,2026-05-25 20:18:00,14:00:00,14.0
EA,CAMBRIDGE,METERING,ENG022,Peter Wong,Mark Booker,W5600327,RO,M1,2026-05-21 09:55:00,2026-05-21 14:13:00,04:18:00,4.3
NE,DURHAM,INSPECTION,ENG071,Alan Shaw,Bill Tyne,W5600328,RO,M1,2026-05-22 06:32:00,2026-05-22 10:26:00,03:54:00,3.9
WM,BIRMINGHAM,EMERGENCY,ENG042,Steve Frost,Mark Reygate,W5600329,ME,R2,2026-05-23 10:22:00,2026-05-23 16:22:00,06:00:00,6.0
EA,LUTON,EMERGENCY,ENG022,Peter Wong,Mark Booker,W5600330,EM,E1,2026-05-26 07:34:00,2026-05-26 12:04:00,04:30:00,4.5
NE,GATESHEAD,INSPECTION,ENG071,Alan Shaw,Bill Tyne,W5600331,RO,M2,2026-05-23 06:42:00,2026-05-23 11:54:00,05:12:00,5.2
NE,SUNDERLAND,EMERGENCY,ENG071,Alan Shaw,Bill Tyne,W5600332,ME,M2,2026-05-21 11:28:00,2026-05-22 01:52:00,14:24:00,14.4
NE,NEWCASTLE,INSPECTION,ENG071,Alan Shaw,Bill Tyne,W5600333,MR,R1,2026-05-26 11:49:00,2026-05-26 17:13:00,05:24:00,5.4
WM,WOLVERHAMPTON,ROUTINE,ENG040,Wayne Edwards,Mark Reygate,W5600334,IR,M2,2026-05-22 07:54:00,2026-05-22 17:06:00,09:12:00,9.2
NT,MANSFIELD,REPAIR,ENG061,Cathy Dean,Sue Holt,W5600335,RO,M1,2026-05-24 11:22:00,2026-05-24 23:40:00,12:18:00,12.3
NW,LIVERPOOL,INSPECTION,ENG012,Brian Cook,Gary Williams,W5600336,EM,M2,2026-05-26 07:50:00,2026-05-26 12:08:00,04:18:00,4.3
SC,PAISLEY,REPAIR,ENG001,John MacDonald,Steven Leckie,W5600337,IR,M2,2026-05-24 08:48:00,2026-05-24 19:36:00,10:48:00,10.8
SE,CROYDON,REPAIR,ENG030,Stuart Porter,Ray Ingram,W5600338,MR,E2,2026-05-21 11:44:00,2026-05-21 20:20:00,08:36:00,8.6
SC,ABERDEEN,INSPECTION,ENG005,Fiona Cameron,Gordon Shaw,W5600339,IR,E1,2026-05-25 10:25:00,2026-05-25 15:31:00,05:06:00,5.1
SC,PERTH,EMERGENCY,ENG005,Fiona Cameron,Gordon Shaw,W5600340,ME,R2,2026-05-25 09:28:00,2026-05-25 12:10:00,02:42:00,2.7
NW,WARRINGTON,ROUTINE,ENG012,Brian Cook,Gary Williams,W5600341,EM,R1,2026-05-22 07:31:00,2026-05-22 12:55:00,05:24:00,5.4
NE,GATESHEAD,ROUTINE,ENG071,Alan Shaw,Bill Tyne,W5600342,MR,E2,2026-05-27 08:32:00,2026-05-27 15:38:00,07:06:00,7.1
SE,CROYDON,ROUTINE,ENG033,Julie Price,Pat Nolan,W5600343,MR,E1,2026-05-25 08:14:00,2026-05-25 11:02:00,02:48:00,2.8
NT,DERBY,INSPECTION,ENG061,Cathy Dean,Sue Holt,W5600344,MR,M1,2026-05-27 07:31:00,2026-05-27 10:25:00,02:54:00,2.9
WM,STOKE,ROUTINE,ENG041,Una Cowling,Mark Reygate,W5600345,RO,R1,2026-05-26 08:49:00,2026-05-26 19:37:00,10:48:00,10.8
NT,LINCOLN,EMERGENCY,ENG062,Fred Archer,Sue Holt,W5600346,MR,E2,2026-05-23 09:21:00,2026-05-23 18:51:00,09:30:00,9.5
NW,BLACKBURN,INSPECTION,ENG013,Helen Morris,Dave Clarke,W5600347,IR,R1,2026-05-27 09:55:00,2026-05-28 01:19:00,15:24:00,15.4
SE,MAIDSTONE,REPAIR,ENG030,Stuart Porter,Ray Ingram,W5600348,ME,E1,2026-05-22 06:31:00,2026-05-22 11:43:00,05:12:00,5.2
NE,MIDDLESBROUGH,REPAIR,ENG072,Liz Cooke,Bill Tyne,W5600349,MR,E2,2026-05-26 10:45:00,2026-05-26 19:03:00,08:18:00,8.3
NW,MANCHESTER,ROUTINE,ENG012,Brian Cook,Gary Williams,W5600350,EM,M1,2026-05-22 10:26:00,2026-05-22 18:50:00,08:24:00,8.4
NT,LEICESTER,METERING,ENG062,Fred Archer,Sue Holt,W5600351,EM,E1,2026-05-25 11:58:00,2026-05-25 14:16:00,02:18:00,2.3
SC,DUNDEE,INSPECTION,ENG002,Alistair Fraser,Steven Leckie,W5600352,RO,E1,2026-05-26 07:41:00,2026-05-26 14:23:00,06:42:00,6.7
SO,PORTSMOUTH,ROUTINE,ENG050,Phil Hodgkins,Phil Russell,W5600353,ME,R2,2026-05-25 07:12:00,2026-05-25 16:30:00,09:18:00,9.3
NT,LEICESTER,INSPECTION,ENG062,Fred Archer,Sue Holt,W5600354,EM,R2,2026-05-25 09:25:00,2026-05-25 22:25:00,13:00:00,13.0
SC,PAISLEY,REPAIR,ENG004,Douglas Reid,Graham Loan,W5600355,RO,R2,2026-05-27 07:57:00,2026-05-27 21:21:00,13:24:00,13.4
SO,SALISBURY,EMERGENCY,ENG052,Chris Lamb,Phil Russell,W5600356,EM,R2,2026-05-21 11:50:00,2026-05-21 16:08:00,04:18:00,4.3
NE,NEWCASTLE,METERING,ENG072,Liz Cooke,Bill Tyne,W5600357,RO,M1,2026-05-25 07:18:00,2026-05-25 12:48:00,05:30:00,5.5
NT,LEICESTER,INSPECTION,ENG060,Barry Noon,Sue Holt,W5600358,RO,M1,2026-05-26 10:51:00,2026-05-26 16:33:00,05:42:00,5.7
NE,NEWCASTLE,EMERGENCY,ENG071,Alan Shaw,Bill Tyne,W5600359,RO,E2,2026-05-23 08:33:00,2026-05-23 11:09:00,02:36:00,2.6
SO,SOUTHAMPTON,INSPECTION,ENG051,Wendy Nash,Phil Russell,W5600360,IR,E2,2026-05-21 07:22:00,2026-05-21 10:04:00,02:42:00,2.7
SO,BOURNEMOUTH,ROUTINE,ENG050,Phil Hodgkins,Phil Russell,W5600361,ME,R1,2026-05-25 06:57:00,2026-05-25 09:03:00,02:06:00,2.1
NE,NEWCASTLE,METERING,ENG071,Alan Shaw,Bill Tyne,W5600362,ME,E1,2026-05-26 06:59:00,2026-05-26 18:05:00,11:06:00,11.1
SO,BASINGSTOKE,INSPECTION,ENG052,Chris Lamb,Phil Russell,W5600363,MR,M1,2026-05-26 11:22:00,2026-05-26 22:52:00,11:30:00,11.5
WM,BIRMINGHAM,EMERGENCY,ENG042,Steve Frost,Mark Reygate,W5600364,IR,M2,2026-05-25 08:05:00,2026-05-25 16:47:00,08:41:59,8.7
SE,EASTBOURNE,INSPECTION,ENG033,Julie Price,Pat Nolan,W5600365,EM,M2,2026-05-24 07:17:00,2026-05-24 12:59:00,05:42:00,5.7
SO,SALISBURY,INSPECTION,ENG050,Phil Hodgkins,Phil Russell,W5600366,RO,M2,2026-05-27 11:29:00,2026-05-28 00:53:00,13:24:00,13.4
NT,LEICESTER,INSPECTION,ENG060,Barry Noon,Sue Holt,W5600367,RO,E2,2026-05-27 10:58:00,2026-05-28 02:46:00,15:48:00,15.8
EA,IPSWICH,METERING,ENG022,Peter Wong,Mark Booker,W5600368,ME,M1,2026-05-23 07:41:00,2026-05-23 13:29:00,05:48:00,5.8
EA,LUTON,EMERGENCY,ENG022,Peter Wong,Mark Booker,W5600369,RO,E2,2026-05-24 09:06:00,2026-05-25 00:42:00,15:36:00,15.6
SE,CROYDON,INSPECTION,ENG033,Julie Price,Pat Nolan,W5600370,RO,E2,2026-05-22 10:00:00,2026-05-22 17:36:00,07:36:00,7.6
EA,CAMBRIDGE,INSPECTION,ENG020,Mark Holloway,Mark Booker,W5600371,RO,R2,2026-05-27 08:00:00,2026-05-27 11:42:00,03:42:00,3.7
SE,HORSHAM,ROUTINE,ENG033,Julie Price,Pat Nolan,W5600372,ME,M1,2026-05-23 10:38:00,2026-05-23 18:20:00,07:42:00,7.7
NE,GATESHEAD,METERING,ENG072,Liz Cooke,Bill Tyne,W5600373,EM,M1,2026-05-22 08:34:00,2026-05-22 11:10:00,02:36:00,2.6
SO,BASINGSTOKE,REPAIR,ENG051,Wendy Nash,Phil Russell,W5600374,RO,R2,2026-05-25 08:00:00,2026-05-25 22:24:00,14:24:00,14.4
SE,MAIDSTONE,INSPECTION,ENG030,Stuart Porter,Ray Ingram,W5600375,RO,E2,2026-05-22 08:57:00,2026-05-22 23:27:00,14:30:00,14.5
SE,MAIDSTONE,REPAIR,ENG032,Colin James,Pat Nolan,W5600376,IR,R1,2026-05-27 07:10:00,2026-05-27 17:46:00,10:36:00,10.6
SE,EASTBOURNE,INSPECTION,ENG033,Julie Price,Pat Nolan,W5600377,ME,R2,2026-05-22 08:23:00,2026-05-22 13:35:00,05:12:00,5.2
SC,INVERNESS,INSPECTION,ENG001,John MacDonald,Steven Leckie,W5600378,IR,E1,2026-05-21 06:13:00,2026-05-21 11:31:00,05:18:00,5.3
SE,EASTBOURNE,INSPECTION,ENG033,Julie Price,Pat Nolan,W5600379,MR,E1,2026-05-26 11:03:00,2026-05-26 20:09:00,09:06:00,9.1
WM,BIRMINGHAM,REPAIR,ENG041,Una Cowling,Mark Reygate,W5600380,ME,E2,2026-05-25 08:25:00,2026-05-25 11:25:00,03:00:00,3.0
WM,WALSALL,INSPECTION,ENG041,Una Cowling,Mark Reygate,W5600381,ME,M2,2026-05-24 08:31:00,2026-05-24 13:07:00,04:36:00,4.6
SC,PAISLEY,INSPECTION,ENG005,Fiona Cameron,Gordon Shaw,W5600382,ME,M1,2026-05-22 08:38:00,2026-05-22 14:08:00,05:30:00,5.5
SE,CROYDON,ROUTINE,ENG031,Tracey McIntyre,Ray Ingram,W5600383,MR,R1,2026-05-21 08:56:00,2026-05-21 23:38:00,14:42:00,14.7
SO,SOUTHAMPTON,EMERGENCY,ENG051,Wendy Nash,Phil Russell,W5600384,MR,M2,2026-05-22 11:28:00,2026-05-22 20:58:00,09:30:00,9.5
SE,BRIGHTON,INSPECTION,ENG032,Colin James,Pat Nolan,W5600385,RO,R1,2026-05-27 11:09:00,2026-05-28 00:51:00,13:42:00,13.7
SE,HORSHAM,METERING,ENG031,Tracey McIntyre,Ray Ingram,W5600386,EM,E1,2026-05-21 10:25:00,2026-05-21 17:43:00,07:18:00,7.3
WM,BIRMINGHAM,METERING,ENG040,Wayne Edwards,Mark Reygate,W5600387,ME,E2,2026-05-21 06:47:00,2026-05-21 12:35:00,05:48:00,5.8
SE,CROYDON,REPAIR,ENG031,Tracey McIntyre,Ray Ingram,W5600388,EM,E1,2026-05-26 07:49:00,2026-05-26 15:07:00,07:18:00,7.3
NT,NOTTINGHAM,EMERGENCY,ENG060,Barry Noon,Sue Holt,W5600389,RO,R2,2026-05-27 07:10:00,2026-05-27 16:22:00,09:12:00,9.2
NW,STOCKPORT,EMERGENCY,ENG012,Brian Cook,Gary Williams,W5600390,EM,R2,2026-05-26 09:12:00,2026-05-26 20:18:00,11:06:00,11.1
NT,NOTTINGHAM,ROUTINE,ENG062,Fred Archer,Sue Holt,W5600391,RO,E1,2026-05-22 07:48:00,2026-05-22 17:48:00,10:00:00,10.0
NE,DURHAM,INSPECTION,ENG070,Janet Robb,Bill Tyne,W5600392,ME,E1,2026-05-21 07:54:00,2026-05-21 13:00:00,05:06:00,5.1
WM,STOKE,METERING,ENG043,Diane Hunt,Tom Avery,W5600393,IR,E2,2026-05-25 06:55:00,2026-05-25 18:49:00,11:54:00,11.9
NE,MIDDLESBROUGH,ROUTINE,ENG072,Liz Cooke,Bill Tyne,W5600394,RO,E2,2026-05-26 08:34:00,2026-05-26 16:10:00,07:36:00,7.6
SO,SOUTHAMPTON,INSPECTION,ENG050,Phil Hodgkins,Phil Russell,W5600395,EM,M1,2026-05-23 09:16:00,2026-05-23 15:16:00,06:00:00,6.0
SO,BASINGSTOKE,ROUTINE,ENG050,Phil Hodgkins,Phil Russell,W5600396,IR,R1,2026-05-27 06:28:00,2026-05-27 17:22:00,10:54:00,10.9
SE,MAIDSTONE,INSPECTION,ENG031,Tracey McIntyre,Ray Ingram,W5600397,EM,M1,2026-05-23 06:38:00,2026-05-23 08:44:00,02:06:00,2.1
NW,WARRINGTON,INSPECTION,ENG011,Karen Simmons,Gary Williams,W5600398,RO,R1,2026-05-25 09:10:00,2026-05-26 00:16:00,15:06:00,15.1
EA,IPSWICH,METERING,ENG022,Peter Wong,Mark Booker,W5600399,ME,E1,2026-05-24 08:34:00,2026-05-24 17:28:00,08:54:00,8.9
EA,BEDFORD,EMERGENCY,ENG021,Rachel Davies,Mark Booker,W5600400,EM,E2,2026-05-21 06:46:00,2026-05-21 11:10:00,04:24:00,4.4
EA,PETERBOROUGH,EMERGENCY,ENG022,Peter Wong,Mark Booker,W5600401,MR,E1,2026-05-24 11:41:00,2026-05-24 23:41:00,12:00:00,12.0
NT,LEICESTER,METERING,ENG061,Cathy Dean,Sue Holt,W5600402,RO,M1,2026-05-25 09:29:00,2026-05-25 20:29:00,11:00:00,11.0
EA,BEDFORD,REPAIR,ENG022,Peter Wong,Mark Booker,W5600403,MR,E1,2026-05-26 10:24:00,2026-05-26 14:12:00,03:48:00,3.8
SC,GLASGOW,METERING,ENG004,Douglas Reid,Graham Loan,W5600404,MR,R1,2026-05-22 11:27:00,2026-05-22 13:33:00,02:06:00,2.1
SE,HORSHAM,EMERGENCY,ENG032,Colin James,Pat Nolan,W5600405,MR,R1,2026-05-23 07:00:00,2026-05-23 13:18:00,06:18:00,6.3
NT,LEICESTER,METERING,ENG060,Barry Noon,Sue Holt,W5600406,MR,R1,2026-05-27 08:47:00,2026-05-27 18:47:00,10:00:00,10.0
NE,GATESHEAD,METERING,ENG070,Janet Robb,Bill Tyne,W5600407,EM,M2,2026-05-22 10:35:00,2026-05-22 23:59:00,13:24:00,13.4
SC,INVERNESS,EMERGENCY,ENG005,Fiona Cameron,Gordon Shaw,W5600408,RO,R1,2026-05-27 07:54:00,2026-05-27 16:00:00,08:06:00,8.1
NE,DURHAM,INSPECTION,ENG072,Liz Cooke,Bill Tyne,W5600409,EM,R1,2026-05-27 07:55:00,2026-05-27 20:31:00,12:36:00,12.6
SO,SOUTHAMPTON,ROUTINE,ENG051,Wendy Nash,Phil Russell,W5600410,MR,R1,2026-05-22 06:47:00,2026-05-22 11:47:00,05:00:00,5.0
NE,MIDDLESBROUGH,ROUTINE,ENG070,Janet Robb,Bill Tyne,W5600411,EM,E2,2026-05-25 08:49:00,2026-05-25 14:55:00,06:06:00,6.1
WM,WOLVERHAMPTON,METERING,ENG043,Diane Hunt,Tom Avery,W5600412,RO,M1,2026-05-25 09:02:00,2026-05-25 14:38:00,05:36:00,5.6
NT,LINCOLN,ROUTINE,ENG060,Barry Noon,Sue Holt,W5600413,RO,E1,2026-05-27 10:43:00,2026-05-27 22:01:00,11:18:00,11.3
NE,DURHAM,INSPECTION,ENG071,Alan Shaw,Bill Tyne,W5600414,MR,R2,2026-05-26 07:14:00,2026-05-26 14:32:00,07:18:00,7.3
NT,MANSFIELD,INSPECTION,ENG060,Barry Noon,Sue Holt,W5600415,ME,E2,2026-05-26 09:22:00,2026-05-26 15:28:00,06:06:00,6.1
NW,STOCKPORT,ROUTINE,ENG013,Helen Morris,Dave Clarke,W5600416,RO,E2,2026-05-26 07:02:00,2026-05-26 17:14:00,10:12:00,10.2
NT,LEICESTER,REPAIR,ENG062,Fred Archer,Sue Holt,W5600417,MR,M2,2026-05-23 11:55:00,2026-05-23 18:13:00,06:18:00,6.3
SO,BOURNEMOUTH,EMERGENCY,ENG051,Wendy Nash,Phil Russell,W5600418,RO,E2,2026-05-23 06:15:00,2026-05-23 20:57:00,14:42:00,14.7
SE,GUILDFORD,REPAIR,ENG033,Julie Price,Pat Nolan,W5600419,IR,E1,2026-05-22 07:16:00,2026-05-22 14:58:00,07:42:00,7.7
SO,SOUTHAMPTON,METERING,ENG050,Phil Hodgkins,Phil Russell,W5600420,ME,E1,2026-05-22 07:04:00,2026-05-22 09:34:00,02:30:00,2.5
SC,EDINBURGH,REPAIR,ENG006,Kevin McAllister,Gordon Shaw,W5600421,RO,R2,2026-05-24 11:04:00,2026-05-24 22:46:00,11:42:00,11.7
SC,PERTH,REPAIR,ENG004,Douglas Reid,Graham Loan,W5600422,EM,E2,2026-05-27 11:55:00,2026-05-27 22:01:00,10:06:00,10.1
NW,BLACKBURN,METERING,ENG014,Alan Sharp,Dave Clarke,W5600423,ME,E1,2026-05-21 08:53:00,2026-05-21 19:41:00,10:48:00,10.8
NE,DURHAM,INSPECTION,ENG071,Alan Shaw,Bill Tyne,W5600424,MR,M1,2026-05-23 11:16:00,2026-05-23 17:10:00,05:54:00,5.9
WM,WALSALL,EMERGENCY,ENG043,Diane Hunt,Tom Avery,W5600425,IR,R1,2026-05-21 11:42:00,2026-05-21 23:48:00,12:06:00,12.1
SE,MAIDSTONE,INSPECTION,ENG033,Julie Price,Pat Nolan,W5600426,ME,E1,2026-05-21 10:33:00,2026-05-21 14:21:00,03:48:00,3.8
SE,HORSHAM,METERING,ENG030,Stuart Porter,Ray Ingram,W5600427,ME,M2,2026-05-25 10:17:00,2026-05-25 23:35:00,13:18:00,13.3
SE,EASTBOURNE,ROUTINE,ENG031,Tracey McIntyre,Ray Ingram,W5600428,RO,M1,2026-05-21 10:15:00,2026-05-21 23:39:00,13:24:00,13.4
SO,PORTSMOUTH,REPAIR,ENG051,Wendy Nash,Phil Russell,W5600429,EM,R2,2026-05-23 10:41:00,2026-05-23 15:59:00,05:18:00,5.3
NE,DURHAM,REPAIR,ENG070,Janet Robb,Bill Tyne,W5600430,ME,M1,2026-05-23 06:27:00,2026-05-23 13:03:00,06:36:00,6.6
WM,WALSALL,EMERGENCY,ENG042,Steve Frost,Mark Reygate,W5600431,EM,M2,2026-05-22 10:27:00,2026-05-22 18:39:00,08:11:59,8.2
WM,WALSALL,INSPECTION,ENG040,Wayne Edwards,Mark Reygate,W5600432,IR,M2,2026-05-26 09:31:00,2026-05-26 19:19:00,09:48:00,9.8
NE,DURHAM,ROUTINE,ENG071,Alan Shaw,Bill Tyne,W5600433,MR,E2,2026-05-26 08:11:00,2026-05-26 11:41:00,03:30:00,3.5
SO,BOURNEMOUTH,EMERGENCY,ENG052,Chris Lamb,Phil Russell,W5600434,EM,R1,2026-05-24 11:04:00,2026-05-25 00:10:00,13:06:00,13.1
SE,GUILDFORD,EMERGENCY,ENG030,Stuart Porter,Ray Ingram,W5600435,ME,M1,2026-05-24 07:11:00,2026-05-24 11:23:00,04:12:00,4.2
NW,WARRINGTON,REPAIR,ENG013,Helen Morris,Dave Clarke,W5600436,MR,M2,2026-05-24 09:15:00,2026-05-24 21:21:00,12:06:00,12.1
SO,SALISBURY,EMERGENCY,ENG052,Chris Lamb,Phil Russell,W5600437,IR,M2,2026-05-27 08:38:00,2026-05-27 15:14:00,06:36:00,6.6
WM,WOLVERHAMPTON,REPAIR,ENG042,Steve Frost,Mark Reygate,W5600438,EM,R1,2026-05-27 08:46:00,2026-05-27 15:10:00,06:24:00,6.4
WM,STOKE,INSPECTION,ENG040,Wayne Edwards,Mark Reygate,W5600439,EM,M2,2026-05-23 10:50:00,2026-05-23 19:26:00,08:36:00,8.6
NE,NEWCASTLE,REPAIR,ENG071,Alan Shaw,Bill Tyne,W5600440,EM,M1,2026-05-25 08:10:00,2026-05-25 13:10:00,05:00:00,5.0
SE,CROYDON,EMERGENCY,ENG031,Tracey McIntyre,Ray Ingram,W5600441,ME,E2,2026-05-25 08:49:00,2026-05-25 22:55:00,14:06:00,14.1
SC,PERTH,EMERGENCY,ENG006,Kevin McAllister,Gordon Shaw,W5600442,MR,R1,2026-05-23 10:03:00,2026-05-23 14:03:00,04:00:00,4.0
NW,LIVERPOOL,REPAIR,ENG014,Alan Sharp,Dave Clarke,W5600443,MR,M2,2026-05-27 07:44:00,2026-05-27 12:32:00,04:48:00,4.8
NT,NOTTINGHAM,EMERGENCY,ENG062,Fred Archer,Sue Holt,W5600444,IR,M2,2026-05-24 06:55:00,2026-05-24 20:55:00,14:00:00,14.0
SE,HORSHAM,METERING,ENG031,Tracey McIntyre,Ray Ingram,W5600445,IR,E2,2026-05-23 09:05:00,2026-05-23 17:41:00,08:36:00,8.6
NT,MANSFIELD,INSPECTION,ENG062,Fred Archer,Sue Holt,W5600446,EM,M2,2026-05-24 09:35:00,2026-05-24 15:11:00,05:36:00,5.6
NT,NOTTINGHAM,EMERGENCY,ENG062,Fred Archer,Sue Holt,W5600447,ME,M2,2026-05-23 10:15:00,2026-05-23 12:39:00,02:24:00,2.4
NW,WARRINGTON,EMERGENCY,ENG012,Brian Cook,Gary Williams,W5600448,EM,M2,2026-05-25 09:42:00,2026-05-25 14:12:00,04:30:00,4.5
NE,SUNDERLAND,REPAIR,ENG072,Liz Cooke,Bill Tyne,W5600449,EM,M2,2026-05-21 10:42:00,2026-05-21 16:48:00,06:06:00,6.1
WM,STOKE,REPAIR,ENG043,Diane Hunt,Tom Avery,W5600450,MR,E2,2026-05-24 09:21:00,2026-05-24 21:51:00,12:30:00,12.5
NE,MIDDLESBROUGH,INSPECTION,ENG070,Janet Robb,Bill Tyne,W5600451,ME,R1,2026-05-27 10:47:00,2026-05-27 21:23:00,10:36:00,10.6
SO,SALISBURY,EMERGENCY,ENG052,Chris Lamb,Phil Russell,W5600452,ME,R1,2026-05-22 11:15:00,2026-05-23 00:57:00,13:42:00,13.7
SC,INVERNESS,ROUTINE,ENG004,Douglas Reid,Graham Loan,W5600453,MR,R1,2026-05-24 06:28:00,2026-05-24 15:28:00,09:00:00,9.0
NE,SUNDERLAND,EMERGENCY,ENG071,Alan Shaw,Bill Tyne,W5600454,RO,M2,2026-05-21 07:29:00,2026-05-21 16:17:00,08:48:00,8.8
EA,PETERBOROUGH,ROUTINE,ENG022,Peter Wong,Mark Booker,W5600455,RO,R1,2026-05-27 07:41:00,2026-05-27 11:41:00,04:00:00,4.0
NE,GATESHEAD,ROUTINE,ENG070,Janet Robb,Bill Tyne,W5600456,RO,E1,2026-05-23 06:11:00,2026-05-23 16:59:00,10:48:00,10.8
NE,GATESHEAD,METERING,ENG071,Alan Shaw,Bill Tyne,W5600457,RO,R1,2026-05-27 11:42:00,2026-05-27 15:00:00,03:18:00,3.3
SO,SOUTHAMPTON,REPAIR,ENG051,Wendy Nash,Phil Russell,W5600458,ME,R2,2026-05-22 10:07:00,2026-05-22 13:49:00,03:42:00,3.7
SO,BASINGSTOKE,METERING,ENG050,Phil Hodgkins,Phil Russell,W5600459,RO,E2,2026-05-22 11:51:00,2026-05-22 19:09:00,07:18:00,7.3
NW,BLACKBURN,REPAIR,ENG012,Brian Cook,Gary Williams,W5600460,ME,R2,2026-05-21 08:58:00,2026-05-21 18:34:00,09:36:00,9.6
WM,DUDLEY,METERING,ENG043,Diane Hunt,Tom Avery,W5600461,IR,M1,2026-05-27 07:58:00,2026-05-27 22:52:00,14:54:00,14.9
NW,STOCKPORT,INSPECTION,ENG010,Paul Dawson,Gary Williams,W5600462,RO,R2,2026-05-22 11:43:00,2026-05-22 17:07:00,05:24:00,5.4
EA,LUTON,ROUTINE,ENG023,Sharon King,Anne Foster,W5600463,RO,E2,2026-05-22 10:12:00,2026-05-22 19:00:00,08:48:00,8.8
WM,DUDLEY,REPAIR,ENG040,Wayne Edwards,Mark Reygate,W5600464,RO,R2,2026-05-27 07:23:00,2026-05-27 15:47:00,08:24:00,8.4
NT,DERBY,ROUTINE,ENG060,Barry Noon,Sue Holt,W5600465,RO,R1,2026-05-26 11:30:00,2026-05-26 21:48:00,10:18:00,10.3
NT,MANSFIELD,ROUTINE,ENG060,Barry Noon,Sue Holt,W5600466,RO,M1,2026-05-23 11:25:00,2026-05-23 17:01:00,05:36:00,5.6
SE,MAIDSTONE,ROUTINE,ENG032,Colin James,Pat Nolan,W5600467,EM,M1,2026-05-27 11:26:00,2026-05-27 14:56:00,03:30:00,3.5
SO,SOUTHAMPTON,EMERGENCY,ENG050,Phil Hodgkins,Phil Russell,W5600468,ME,E2,2026-05-27 10:31:00,2026-05-27 13:01:00,02:30:00,2.5
WM,WOLVERHAMPTON,ROUTINE,ENG042,Steve Frost,Mark Reygate,W5600469,MR,M2,2026-05-26 07:54:00,2026-05-26 19:06:00,11:12:00,11.2
SE,CROYDON,METERING,ENG032,Colin James,Pat Nolan,W5600470,ME,R1,2026-05-21 11:16:00,2026-05-22 00:04:00,12:48:00,12.8
NT,MANSFIELD,INSPECTION,ENG061,Cathy Dean,Sue Holt,W5600471,ME,M1,2026-05-26 11:44:00,2026-05-26 23:02:00,11:18:00,11.3
EA,CAMBRIDGE,METERING,ENG021,Rachel Davies,Mark Booker,W5600472,MR,R1,2026-05-21 08:20:00,2026-05-21 16:44:00,08:24:00,8.4
WM,STOKE,INSPECTION,ENG043,Diane Hunt,Tom Avery,W5600473,EM,R2,2026-05-23 10:04:00,2026-05-23 15:28:00,05:24:00,5.4
NT,LINCOLN,ROUTINE,ENG062,Fred Archer,Sue Holt,W5600474,MR,M1,2026-05-21 09:17:00,2026-05-21 12:05:00,02:48:00,2.8
NT,MANSFIELD,INSPECTION,ENG062,Fred Archer,Sue Holt,W5600475,EM,E1,2026-05-21 11:44:00,2026-05-21 21:02:00,09:18:00,9.3
WM,STOKE,INSPECTION,ENG042,Steve Frost,Mark Reygate,W5600476,IR,M1,2026-05-23 11:47:00,2026-05-24 01:11:00,13:24:00,13.4
NT,DERBY,INSPECTION,ENG061,Cathy Dean,Sue Holt,W5600477,EM,R2,2026-05-25 08:50:00,2026-05-26 00:44:00,15:54:00,15.9
WM,DUDLEY,ROUTINE,ENG040,Wayne Edwards,Mark Reygate,W5600478,IR,R2,2026-05-21 10:09:00,2026-05-21 18:09:00,08:00:00,8.0
WM,WOLVERHAMPTON,ROUTINE,ENG042,Steve Frost,Mark Reygate,W5600479,IR,R2,2026-05-24 11:35:00,2026-05-24 15:05:00,03:30:00,3.5
NT,MANSFIELD,REPAIR,ENG060,Barry Noon,Sue Holt,W5600480,IR,E2,2026-05-26 08:28:00,2026-05-26 10:28:00,02:00:00,2.0
NE,NEWCASTLE,EMERGENCY,ENG070,Janet Robb,Bill Tyne,W5600481,RO,M2,2026-05-23 07:10:00,2026-05-23 16:40:00,09:30:00,9.5
SC,EDINBURGH,INSPECTION,ENG004,Douglas Reid,Graham Loan,W5600482,MR,M2,2026-05-27 07:09:00,2026-05-27 14:27:00,07:18:00,7.3
SE,HORSHAM,METERING,ENG032,Colin James,Pat Nolan,W5600483,MR,R1,2026-05-24 07:20:00,2026-05-24 20:44:00,13:24:00,13.4
WM,WOLVERHAMPTON,INSPECTION,ENG041,Una Cowling,Mark Reygate,W5600484,ME,R2,2026-05-21 11:14:00,2026-05-21 16:32:00,05:18:00,5.3
EA,CAMBRIDGE,METERING,ENG022,Peter Wong,Mark Booker,W5600485,ME,E2,2026-05-21 10:26:00,2026-05-21 22:44:00,12:18:00,12.3
WM,COVENTRY,EMERGENCY,ENG040,Wayne Edwards,Mark Reygate,W5600486,ME,E2,2026-05-21 08:23:00,2026-05-21 15:41:00,07:18:00,7.3
WM,DUDLEY,EMERGENCY,ENG042,Steve Frost,Mark Reygate,W5600487,EM,R2,2026-05-24 06:54:00,2026-05-24 21:12:00,14:18:00,14.3
WM,DUDLEY,METERING,ENG042,Steve Frost,Mark Reygate,W5600488,EM,E1,2026-05-24 09:30:00,2026-05-25 00:24:00,14:54:00,14.9
SE,EASTBOURNE,EMERGENCY,ENG032,Colin James,Pat Nolan,W5600489,ME,E1,2026-05-27 11:49:00,2026-05-28 03:07:00,15:18:00,15.3
WM,WALSALL,REPAIR,ENG041,Una Cowling,Mark Reygate,W5600490,ME,E2,2026-05-27 11:31:00,2026-05-28 01:43:00,14:12:00,14.2
NE,GATESHEAD,REPAIR,ENG071,Alan Shaw,Bill Tyne,W5600491,MR,E1,2026-05-26 09:41:00,2026-05-26 20:11:00,10:30:00,10.5
SO,BASINGSTOKE,METERING,ENG050,Phil Hodgkins,Phil Russell,W5600492,EM,R2,2026-05-24 07:44:00,2026-05-24 18:38:00,10:54:00,10.9
SE,MAIDSTONE,INSPECTION,ENG031,Tracey McIntyre,Ray Ingram,W5600493,RO,M1,2026-05-22 06:59:00,2026-05-22 10:17:00,03:18:00,3.3
SE,GUILDFORD,METERING,ENG033,Julie Price,Pat Nolan,W5600494,EM,E1,2026-05-24 10:35:00,2026-05-24 20:59:00,10:24:00,10.4
NE,MIDDLESBROUGH,INSPECTION,ENG070,Janet Robb,Bill Tyne,W5600495,IR,E2,2026-05-27 10:44:00,2026-05-27 14:14:00,03:30:00,3.5
NT,LEICESTER,METERING,ENG061,Cathy Dean,Sue Holt,W5600496,IR,R2,2026-05-24 10:18:00,2026-05-24 14:36:00,04:18:00,4.3
NW,LIVERPOOL,ROUTINE,ENG013,Helen Morris,Dave Clarke,W5600497,EM,R1,2026-05-27 11:31:00,2026-05-27 22:55:00,11:24:00,11.4
SE,EASTBOURNE,EMERGENCY,ENG030,Stuart Porter,Ray Ingram,W5600498,EM,M1,2026-05-21 08:14:00,2026-05-21 22:50:00,14:36:00,14.6
NE,MIDDLESBROUGH,REPAIR,ENG072,Liz Cooke,Bill Tyne,W5600499,RO,R2,2026-05-26 06:19:00,2026-05-26 10:13:00,03:54:00,3.9
SC,EDINBURGH,INSPECTION,ENG001,John MacDonald,Steven Leckie,W5600500,RO,E2,2026-05-27 10:32:00,2026-05-27 15:02:00,04:30:00,4.5
NT,LINCOLN,METERING,ENG062,Fred Archer,Sue Holt,W5600501,MR,E1,2026-05-21 11:32:00,2026-05-21 22:14:00,10:42:00,10.7
SE,GUILDFORD,REPAIR,ENG030,Stuart Porter,Ray Ingram,W5600502,MR,E1,2026-05-27 07:36:00,2026-05-27 10:00:00,02:24:00,2.4
NT,MANSFIELD,ROUTINE,ENG060,Barry Noon,Sue Holt,W5600503,RO,E2,2026-05-22 11:22:00,2026-05-22 22:04:00,10:42:00,10.7
WM,COVENTRY,METERING,ENG042,Steve Frost,Mark Reygate,W5600504,ME,E1,2026-05-23 11:43:00,2026-05-23 19:43:00,08:00:00,8.0
WM,COVENTRY,INSPECTION,ENG042,Steve Frost,Mark Reygate,W5600505,EM,M2,2026-05-21 08:41:00,2026-05-21 17:41:00,09:00:00,9.0
SE,BRIGHTON,EMERGENCY,ENG033,Julie Price,Pat Nolan,W5600506,IR,E2,2026-05-23 10:10:00,2026-05-23 20:16:00,10:06:00,10.1
NW,STOCKPORT,METERING,ENG012,Brian Cook,Gary Williams,W5600507,MR,M1,2026-05-22 08:59:00,2026-05-22 19:47:00,10:48:00,10.8
SO,BOURNEMOUTH,REPAIR,ENG051,Wendy Nash,Phil Russell,W5600508,RO,M1,2026-05-21 11:12:00,2026-05-21 18:06:00,06:54:00,6.9
EA,IPSWICH,EMERGENCY,ENG023,Sharon King,Anne Foster,W5600509,IR,E2,2026-05-27 11:58:00,2026-05-27 22:40:00,10:42:00,10.7
SE,HORSHAM,INSPECTION,ENG032,Colin James,Pat Nolan,W5600510,ME,R2,2026-05-27 09:52:00,2026-05-27 17:10:00,07:18:00,7.3
NT,MANSFIELD,ROUTINE,ENG060,Barry Noon,Sue Holt,W5600511,MR,E1,2026-05-26 11:12:00,2026-05-26 14:48:00,03:36:00,3.6
NE,NEWCASTLE,METERING,ENG072,Liz Cooke,Bill Tyne,W5600512,RO,E1,2026-05-23 07:29:00,2026-05-23 15:23:00,07:54:00,7.9
SO,BOURNEMOUTH,INSPECTION,ENG050,Phil Hodgkins,Phil Russell,W5600513,MR,R2,2026-05-25 07:15:00,2026-05-25 14:15:00,07:00:00,7.0
WM,DUDLEY,REPAIR,ENG042,Steve Frost,Mark Reygate,W5600514,EM,E1,2026-05-27 11:51:00,2026-05-28 00:45:00,12:54:00,12.9
WM,COVENTRY,METERING,ENG040,Wayne Edwards,Mark Reygate,W5600515,MR,E1,2026-05-24 08:47:00,2026-05-24 14:59:00,06:12:00,6.2
NT,MANSFIELD,INSPECTION,ENG062,Fred Archer,Sue Holt,W5600516,ME,M2,2026-05-27 11:02:00,2026-05-27 15:56:00,04:54:00,4.9
NW,WARRINGTON,ROUTINE,ENG010,Paul Dawson,Gary Williams,W5600517,MR,E2,2026-05-26 08:32:00,2026-05-26 21:14:00,12:42:00,12.7
SC,EDINBURGH,REPAIR,ENG001,John MacDonald,Steven Leckie,W5600518,RO,M1,2026-05-26 06:48:00,2026-05-26 14:06:00,07:18:00,7.3
WM,DUDLEY,INSPECTION,ENG042,Steve Frost,Mark Reygate,W5600519,ME,R1,2026-05-23 11:12:00,2026-05-23 16:30:00,05:18:00,5.3
NE,SUNDERLAND,EMERGENCY,ENG071,Alan Shaw,Bill Tyne,W5600520,RO,M1,2026-05-21 09:27:00,2026-05-22 01:21:00,15:54:00,15.9
SO,BOURNEMOUTH,INSPECTION,ENG052,Chris Lamb,Phil Russell,W5600521,IR,R1,2026-05-21 11:43:00,2026-05-21 17:37:00,05:54:00,5.9
SO,BOURNEMOUTH,METERING,ENG052,Chris Lamb,Phil Russell,W5600522,MR,M2,2026-05-24 08:42:00,2026-05-24 11:36:00,02:54:00,2.9
NT,LEICESTER,REPAIR,ENG060,Barry Noon,Sue Holt,W5600523,IR,E1,2026-05-24 07:01:00,2026-05-24 10:13:00,03:12:00,3.2
SO,PORTSMOUTH,METERING,ENG050,Phil Hodgkins,Phil Russell,W5600524,EM,R1,2026-05-22 07:54:00,2026-05-22 12:54:00,05:00:00,5.0
NW,WIGAN,ROUTINE,ENG014,Alan Sharp,Dave Clarke,W5600525,ME,E2,2026-05-21 10:54:00,2026-05-21 18:18:00,07:24:00,7.4
SO,BOURNEMOUTH,METERING,ENG051,Wendy Nash,Phil Russell,W5600526,MR,M2,2026-05-23 09:38:00,2026-05-23 19:08:00,09:30:00,9.5
SC,STIRLING,REPAIR,ENG006,Kevin McAllister,Gordon Shaw,W5600527,RO,R1,2026-05-27 06:38:00,2026-05-27 10:08:00,03:30:00,3.5
SO,SALISBURY,METERING,ENG051,Wendy Nash,Phil Russell,W5600528,MR,E1,2026-05-27 06:03:00,2026-05-27 14:21:00,08:18:00,8.3
SE,GUILDFORD,METERING,ENG033,Julie Price,Pat Nolan,W5600529,EM,E1,2026-05-23 06:06:00,2026-05-23 19:24:00,13:18:00,13.3
EA,NORWICH,ROUTINE,ENG021,Rachel Davies,Mark Booker,W5600530,RO,R2,2026-05-24 09:08:00,2026-05-24 18:38:00,09:30:00,9.5
NE,NEWCASTLE,REPAIR,ENG072,Liz Cooke,Bill Tyne,W5600531,IR,M1,2026-05-24 10:07:00,2026-05-24 20:01:00,09:54:00,9.9
SO,BOURNEMOUTH,EMERGENCY,ENG050,Phil Hodgkins,Phil Russell,W5600532,MR,M1,2026-05-23 09:54:00,2026-05-23 14:36:00,04:42:00,4.7
WM,COVENTRY,ROUTINE,ENG041,Una Cowling,Mark Reygate,W5600533,ME,M2,2026-05-23 06:52:00,2026-05-23 13:58:00,07:06:00,7.1
NE,DURHAM,EMERGENCY,ENG071,Alan Shaw,Bill Tyne,W5600534,EM,M1,2026-05-27 11:25:00,2026-05-27 16:13:00,04:48:00,4.8
EA,IPSWICH,METERING,ENG022,Peter Wong,Mark Booker,W5600535,IR,R2,2026-05-24 06:40:00,2026-05-24 19:46:00,13:06:00,13.1
SO,SALISBURY,EMERGENCY,ENG050,Phil Hodgkins,Phil Russell,W5600536,ME,E2,2026-05-25 10:41:00,2026-05-25 14:29:00,03:48:00,3.8
SE,CROYDON,EMERGENCY,ENG030,Stuart Porter,Ray Ingram,W5600537,RO,E1,2026-05-22 10:47:00,2026-05-22 15:11:00,04:24:00,4.4
SE,HORSHAM,EMERGENCY,ENG032,Colin James,Pat Nolan,W5600538,IR,R1,2026-05-23 11:19:00,2026-05-23 20:37:00,09:18:00,9.3
SO,SALISBURY,ROUTINE,ENG052,Chris Lamb,Phil Russell,W5600539,EM,M1,2026-05-27 11:52:00,2026-05-27 21:28:00,09:36:00,9.6
NE,DURHAM,INSPECTION,ENG072,Liz Cooke,Bill Tyne,W5600540,ME,E1,2026-05-21 11:22:00,2026-05-21 20:10:00,08:48:00,8.8
EA,NORWICH,EMERGENCY,ENG020,Mark Holloway,Mark Booker,W5600541,MR,M1,2026-05-24 08:53:00,2026-05-24 17:29:00,08:36:00,8.6
WM,BIRMINGHAM,INSPECTION,ENG041,Una Cowling,Mark Reygate,W5600542,RO,M1,2026-05-23 09:02:00,2026-05-23 21:08:00,12:06:00,12.1
NT,LEICESTER,REPAIR,ENG060,Barry Noon,Sue Holt,W5600543,MR,M1,2026-05-26 08:00:00,2026-05-26 12:42:00,04:42:00,4.7
NW,WARRINGTON,REPAIR,ENG010,Paul Dawson,Gary Williams,W5600544,MR,R2,2026-05-26 09:24:00,2026-05-26 23:18:00,13:54:00,13.9
SO,SALISBURY,EMERGENCY,ENG050,Phil Hodgkins,Phil Russell,W5600545,ME,R2,2026-05-24 09:58:00,2026-05-24 20:58:00,11:00:00,11.0
EA,CAMBRIDGE,ROUTINE,ENG023,Sharon King,Anne Foster,W5600546,EM,M1,2026-05-25 09:52:00,2026-05-25 16:28:00,06:36:00,6.6
NW,STOCKPORT,EMERGENCY,ENG014,Alan Sharp,Dave Clarke,W5600547,IR,R2,2026-05-27 06:18:00,2026-05-27 14:36:00,08:18:00,8.3
EA,IPSWICH,EMERGENCY,ENG023,Sharon King,Anne Foster,W5600548,IR,M1,2026-05-24 07:51:00,2026-05-24 17:15:00,09:24:00,9.4
NE,GATESHEAD,ROUTINE,ENG070,Janet Robb,Bill Tyne,W5600549,EM,R2,2026-05-22 11:22:00,2026-05-22 22:22:00,11:00:00,11.0
WM,WALSALL,REPAIR,ENG042,Steve Frost,Mark Reygate,W5600550,EM,E1,2026-05-26 08:54:00,2026-05-26 11:06:00,02:12:00,2.2
SO,BOURNEMOUTH,REPAIR,ENG051,Wendy Nash,Phil Russell,W5600551,MR,M2,2026-05-22 10:08:00,2026-05-23 00:50:00,14:42:00,14.7
NT,LINCOLN,INSPECTION,ENG062,Fred Archer,Sue Holt,W5600552,EM,M1,2026-05-22 06:47:00,2026-05-22 19:59:00,13:12:00,13.2
SE,BRIGHTON,METERING,ENG033,Julie Price,Pat Nolan,W5600553,RO,R2,2026-05-27 07:29:00,2026-05-27 11:47:00,04:18:00,4.3
SO,BOURNEMOUTH,INSPECTION,ENG051,Wendy Nash,Phil Russell,W5600554,ME,M2,2026-05-27 10:24:00,2026-05-27 22:06:00,11:42:00,11.7
NW,LIVERPOOL,REPAIR,ENG010,Paul Dawson,Gary Williams,W5600555,EM,E2,2026-05-27 06:30:00,2026-05-27 13:06:00,06:36:00,6.6
SO,BOURNEMOUTH,METERING,ENG051,Wendy Nash,Phil Russell,W5600556,RO,E1,2026-05-24 10:14:00,2026-05-24 18:32:00,08:18:00,8.3
EA,IPSWICH,METERING,ENG023,Sharon King,Anne Foster,W5600557,ME,M1,2026-05-27 08:27:00,2026-05-27 17:09:00,08:41:59,8.7
NT,LINCOLN,METERING,ENG061,Cathy Dean,Sue Holt,W5600558,IR,M1,2026-05-25 07:28:00,2026-05-25 19:34:00,12:06:00,12.1
SC,DUNDEE,INSPECTION,ENG002,Alistair Fraser,Steven Leckie,W5600559,EM,M1,2026-05-27 08:58:00,2026-05-27 20:28:00,11:30:00,11.5
SC,PERTH,METERING,ENG002,Alistair Fraser,Steven Leckie,W5600560,EM,M1,2026-05-24 10:21:00,2026-05-25 00:33:00,14:12:00,14.2
EA,IPSWICH,EMERGENCY,ENG020,Mark Holloway,Mark Booker,W5600561,MR,R1,2026-05-24 11:36:00,2026-05-25 01:36:00,14:00:00,14.0
EA,LUTON,REPAIR,ENG021,Rachel Davies,Mark Booker,W5600562,RO,R2,2026-05-27 08:01:00,2026-05-27 19:31:00,11:30:00,11.5
EA,NORWICH,EMERGENCY,ENG021,Rachel Davies,Mark Booker,W5600563,ME,R2,2026-05-27 10:29:00,2026-05-27 13:11:00,02:42:00,2.7
NE,SUNDERLAND,REPAIR,ENG071,Alan Shaw,Bill Tyne,W5600564,EM,E1,2026-05-21 06:15:00,2026-05-21 10:03:00,03:48:00,3.8
EA,PETERBOROUGH,REPAIR,ENG020,Mark Holloway,Mark Booker,W5600565,IR,E1,2026-05-24 07:25:00,2026-05-24 22:55:00,15:30:00,15.5
EA,IPSWICH,INSPECTION,ENG020,Mark Holloway,Mark Booker,W5600566,MR,E1,2026-05-21 11:38:00,2026-05-22 00:20:00,12:42:00,12.7
NT,NOTTINGHAM,INSPECTION,ENG062,Fred Archer,Sue Holt,W5600567,MR,R1,2026-05-24 10:18:00,2026-05-25 01:36:00,15:18:00,15.3
NE,SUNDERLAND,EMERGENCY,ENG071,Alan Shaw,Bill Tyne,W5600568,MR,R2,2026-05-23 06:21:00,2026-05-23 13:51:00,07:30:00,7.5
NT,DERBY,REPAIR,ENG061,Cathy Dean,Sue Holt,W5600569,IR,R2,2026-05-21 09:37:00,2026-05-21 13:25:00,03:48:00,3.8
EA,LUTON,METERING,ENG021,Rachel Davies,Mark Booker,W5600570,EM,E2,2026-05-24 10:53:00,2026-05-25 00:23:00,13:30:00,13.5
WM,WOLVERHAMPTON,METERING,ENG041,Una Cowling,Mark Reygate,W5600571,RO,M2,2026-05-24 10:38:00,2026-05-24 23:02:00,12:24:00,12.4
NW,STOCKPORT,METERING,ENG012,Brian Cook,Gary Williams,W5600572,IR,M2,2026-05-27 08:12:00,2026-05-27 19:24:00,11:12:00,11.2
SE,BRIGHTON,REPAIR,ENG032,Colin James,Pat Nolan,W5600573,ME,E2,2026-05-22 09:36:00,2026-05-22 11:42:00,02:06:00,2.1
NT,DERBY,METERING,ENG060,Barry Noon,Sue Holt,W5600574,ME,R2,2026-05-21 08:08:00,2026-05-21 20:26:00,12:18:00,12.3
SC,INVERNESS,INSPECTION,ENG004,Douglas Reid,Graham Loan,W5600575,ME,E1,2026-05-27 09:21:00,2026-05-28 01:21:00,16:00:00,16.0
EA,PETERBOROUGH,REPAIR,ENG023,Sharon King,Anne Foster,W5600576,RO,M2,2026-05-21 07:44:00,2026-05-21 21:20:00,13:36:00,13.6
SO,BOURNEMOUTH,INSPECTION,ENG050,Phil Hodgkins,Phil Russell,W5600577,EM,E1,2026-05-26 09:02:00,2026-05-26 19:02:00,10:00:00,10.0
SC,INVERNESS,REPAIR,ENG002,Alistair Fraser,Steven Leckie,W5600578,IR,R1,2026-05-22 10:26:00,2026-05-22 21:14:00,10:48:00,10.8
NW,STOCKPORT,ROUTINE,ENG014,Alan Sharp,Dave Clarke,W5600579,EM,E1,2026-05-25 07:49:00,2026-05-25 23:31:00,15:42:00,15.7
NW,LIVERPOOL,ROUTINE,ENG012,Brian Cook,Gary Williams,W5600580,IR,M1,2026-05-25 08:01:00,2026-05-25 19:19:00,11:18:00,11.3
EA,LUTON,REPAIR,ENG023,Sharon King,Anne Foster,W5600581,RO,M1,2026-05-26 06:29:00,2026-05-26 19:17:00,12:48:00,12.8
SO,SALISBURY,ROUTINE,ENG051,Wendy Nash,Phil Russell,W5600582,IR,R1,2026-05-23 10:00:00,2026-05-23 19:00:00,09:00:00,9.0
EA,LUTON,ROUTINE,ENG020,Mark Holloway,Mark Booker,W5600583,IR,R2,2026-05-21 10:39:00,2026-05-21 21:21:00,10:42:00,10.7
NT,LINCOLN,REPAIR,ENG060,Barry Noon,Sue Holt,W5600584,MR,M2,2026-05-24 07:54:00,2026-05-24 19:54:00,12:00:00,12.0
NT,LEICESTER,ROUTINE,ENG060,Barry Noon,Sue Holt,W5600585,IR,E2,2026-05-25 10:26:00,2026-05-25 20:44:00,10:18:00,10.3
SE,GUILDFORD,ROUTINE,ENG032,Colin James,Pat Nolan,W5600586,EM,E2,2026-05-24 10:47:00,2026-05-24 14:05:00,03:18:00,3.3
NW,BOLTON,ROUTINE,ENG012,Brian Cook,Gary Williams,W5600587,ME,R1,2026-05-25 09:41:00,2026-05-25 23:29:00,13:48:00,13.8
SE,HORSHAM,ROUTINE,ENG030,Stuart Porter,Ray Ingram,W5600588,MR,M2,2026-05-21 08:43:00,2026-05-21 22:25:00,13:42:00,13.7
NT,MANSFIELD,INSPECTION,ENG062,Fred Archer,Sue Holt,W5600589,RO,R1,2026-05-24 08:20:00,2026-05-24 22:38:00,14:18:00,14.3
WM,COVENTRY,METERING,ENG042,Steve Frost,Mark Reygate,W5600590,EM,R1,2026-05-24 08:06:00,2026-05-24 20:06:00,12:00:00,12.0
SO,SOUTHAMPTON,EMERGENCY,ENG051,Wendy Nash,Phil Russell,W5600591,ME,M1,2026-05-26 11:51:00,2026-05-26 20:03:00,08:11:59,8.2
WM,BIRMINGHAM,ROUTINE,ENG043,Diane Hunt,Tom Avery,W5600592,EM,R2,2026-05-25 09:55:00,2026-05-25 15:37:00,05:42:00,5.7
NW,LIVERPOOL,METERING,ENG012,Brian Cook,Gary Williams,W5600593,ME,E2,2026-05-21 08:47:00,2026-05-21 16:59:00,08:11:59,8.2
WM,COVENTRY,REPAIR,ENG043,Diane Hunt,Tom Avery,W5600594,IR,R2,2026-05-26 08:22:00,2026-05-26 16:28:00,08:06:00,8.1
WM,COVENTRY,EMERGENCY,ENG041,Una Cowling,Mark Reygate,W5600595,ME,M2,2026-05-26 10:26:00,2026-05-27 01:32:00,15:06:00,15.1
SC,PERTH,ROUTINE,ENG003,Catriona Stewart,Graham Loan,W5600596,ME,E1,2026-05-24 08:09:00,2026-05-24 18:39:00,10:30:00,10.5
WM,DUDLEY,METERING,ENG040,Wayne Edwards,Mark Reygate,W5600597,EM,R1,2026-05-23 10:53:00,2026-05-23 15:11:00,04:18:00,4.3
EA,NORWICH,INSPECTION,ENG021,Rachel Davies,Mark Booker,W5600598,IR,M2,2026-05-23 06:46:00,2026-05-23 21:34:00,14:48:00,14.8
NW,WIGAN,REPAIR,ENG011,Karen Simmons,Gary Williams,W5600599,MR,M1,2026-05-22 11:57:00,2026-05-22 19:51:00,07:54:00,7.9
NE,DURHAM,ROUTINE,ENG070,Janet Robb,Bill Tyne,W5600600,MR,M1,2026-05-25 10:15:00,2026-05-25 16:15:00,06:00:00,6.0
SO,BASINGSTOKE,EMERGENCY,ENG052,Chris Lamb,Phil Russell,W5600601,ME,M2,2026-05-21 11:23:00,2026-05-22 02:29:00,15:06:00,15.1
EA,IPSWICH,EMERGENCY,ENG023,Sharon King,Anne Foster,W5600602,MR,E1,2026-05-21 10:01:00,2026-05-21 18:25:00,08:24:00,8.4
NT,LEICESTER,EMERGENCY,ENG062,Fred Archer,Sue Holt,W5600603,ME,M2,2026-05-21 09:40:00,2026-05-21 18:46:00,09:06:00,9.1
SO,BASINGSTOKE,ROUTINE,ENG050,Phil Hodgkins,Phil Russell,W5600604,MR,E1,2026-05-26 09:59:00,2026-05-26 16:05:00,06:06:00,6.1
SC,PERTH,METERING,ENG002,Alistair Fraser,Steven Leckie,W5600605,EM,E1,2026-05-23 08:52:00,2026-05-23 14:22:00,05:30:00,5.5
NW,BLACKBURN,ROUTINE,ENG010,Paul Dawson,Gary Williams,W5600606,IR,E2,2026-05-26 11:50:00,2026-05-27 00:20:00,12:30:00,12.5
WM,WOLVERHAMPTON,INSPECTION,ENG040,Wayne Edwards,Mark Reygate,W5600607,EM,M2,2026-05-21 08:28:00,2026-05-21 20:34:00,12:06:00,12.1
NT,MANSFIELD,ROUTINE,ENG060,Barry Noon,Sue Holt,W5600608,RO,M1,2026-05-23 10:12:00,2026-05-24 00:00:00,13:48:00,13.8
SO,BASINGSTOKE,INSPECTION,ENG050,Phil Hodgkins,Phil Russell,W5600609,MR,R1,2026-05-24 09:10:00,2026-05-24 22:34:00,13:24:00,13.4
NW,MANCHESTER,INSPECTION,ENG014,Alan Sharp,Dave Clarke,W5600610,MR,E1,2026-05-27 08:44:00,2026-05-27 17:20:00,08:36:00,8.6
WM,DUDLEY,REPAIR,ENG040,Wayne Edwards,Mark Reygate,W5600611,MR,E2,2026-05-27 09:58:00,2026-05-27 14:28:00,04:30:00,4.5
NE,DURHAM,ROUTINE,ENG071,Alan Shaw,Bill Tyne,W5600612,EM,M1,2026-05-26 09:08:00,2026-05-26 12:38:00,03:30:00,3.5
EA,PETERBOROUGH,METERING,ENG022,Peter Wong,Mark Booker,W5600613,ME,E1,2026-05-21 06:31:00,2026-05-21 13:49:00,07:18:00,7.3
SE,BRIGHTON,EMERGENCY,ENG032,Colin James,Pat Nolan,W5600614,RO,M2,2026-05-22 07:11:00,2026-05-22 10:35:00,03:24:00,3.4
SE,GUILDFORD,INSPECTION,ENG033,Julie Price,Pat Nolan,W5600615,IR,E1,2026-05-23 11:20:00,2026-05-23 17:26:00,06:06:00,6.1
EA,NORWICH,REPAIR,ENG020,Mark Holloway,Mark Booker,W5600616,MR,M1,2026-05-23 08:28:00,2026-05-23 23:34:00,15:06:00,15.1
NT,MANSFIELD,METERING,ENG061,Cathy Dean,Sue Holt,W5600617,IR,M1,2026-05-24 10:10:00,2026-05-24 20:34:00,10:24:00,10.4
SO,BOURNEMOUTH,ROUTINE,ENG050,Phil Hodgkins,Phil Russell,W5600618,RO,E2,2026-05-26 10:14:00,2026-05-26 21:14:00,11:00:00,11.0
NW,LIVERPOOL,EMERGENCY,ENG014,Alan Sharp,Dave Clarke,W5600619,IR,R2,2026-05-23 09:30:00,2026-05-23 14:42:00,05:12:00,5.2
NW,MANCHESTER,EMERGENCY,ENG014,Alan Sharp,Dave Clarke,W5600620,RO,M2,2026-05-25 08:21:00,2026-05-25 12:09:00,03:48:00,3.8
EA,LUTON,ROUTINE,ENG022,Peter Wong,Mark Booker,W5600621,RO,M2,2026-05-26 09:34:00,2026-05-26 22:34:00,13:00:00,13.0
NE,DURHAM,INSPECTION,ENG070,Janet Robb,Bill Tyne,W5600622,MR,E2,2026-05-26 08:22:00,2026-05-26 22:04:00,13:42:00,13.7
EA,NORWICH,REPAIR,ENG022,Peter Wong,Mark Booker,W5600623,RO,E1,2026-05-21 09:44:00,2026-05-21 14:38:00,04:54:00,4.9
NT,MANSFIELD,REPAIR,ENG061,Cathy Dean,Sue Holt,W5600624,MR,M1,2026-05-26 10:27:00,2026-05-26 22:57:00,12:30:00,12.5
NW,BLACKBURN,REPAIR,ENG014,Alan Sharp,Dave Clarke,W5600625,ME,E2,2026-05-22 07:53:00,2026-05-22 17:23:00,09:30:00,9.5
SO,SOUTHAMPTON,REPAIR,ENG050,Phil Hodgkins,Phil Russell,W5600626,MR,R2,2026-05-21 09:43:00,2026-05-21 12:01:00,02:18:00,2.3
NW,STOCKPORT,INSPECTION,ENG013,Helen Morris,Dave Clarke,W5600627,EM,E1,2026-05-26 07:51:00,2026-05-26 16:57:00,09:06:00,9.1
NT,NOTTINGHAM,ROUTINE,ENG060,Barry Noon,Sue Holt,W5600628,RO,R1,2026-05-22 07:17:00,2026-05-22 15:53:00,08:36:00,8.6
NW,LIVERPOOL,METERING,ENG011,Karen Simmons,Gary Williams,W5600629,MR,R1,2026-05-25 07:19:00,2026-05-25 09:55:00,02:36:00,2.6
NT,LINCOLN,METERING,ENG062,Fred Archer,Sue Holt,W5600630,EM,E1,2026-05-27 10:19:00,2026-05-28 00:13:00,13:54:00,13.9
SO,SOUTHAMPTON,ROUTINE,ENG051,Wendy Nash,Phil Russell,W5600631,RO,M1,2026-05-23 06:44:00,2026-05-23 09:38:00,02:54:00,2.9
SE,GUILDFORD,REPAIR,ENG030,Stuart Porter,Ray Ingram,W5600632,IR,E1,2026-05-27 11:55:00,2026-05-27 20:07:00,08:11:59,8.2
NT,NOTTINGHAM,METERING,ENG061,Cathy Dean,Sue Holt,W5600633,RO,R2,2026-05-22 09:19:00,2026-05-22 23:49:00,14:30:00,14.5
WM,WALSALL,INSPECTION,ENG042,Steve Frost,Mark Reygate,W5600634,IR,E1,2026-05-26 11:20:00,2026-05-26 14:50:00,03:30:00,3.5
SC,EDINBURGH,ROUTINE,ENG002,Alistair Fraser,Steven Leckie,W5600635,RO,R2,2026-05-23 11:00:00,2026-05-23 17:36:00,06:36:00,6.6
SO,BOURNEMOUTH,EMERGENCY,ENG052,Chris Lamb,Phil Russell,W5600636,EM,E2,2026-05-22 11:17:00,2026-05-22 19:11:00,07:54:00,7.9
NW,BOLTON,METERING,ENG011,Karen Simmons,Gary Williams,W5600637,RO,M1,2026-05-25 08:16:00,2026-05-25 12:46:00,04:30:00,4.5
NT,DERBY,INSPECTION,ENG062,Fred Archer,Sue Holt,W5600638,ME,R2,2026-05-24 11:14:00,2026-05-25 00:26:00,13:12:00,13.2
SO,BASINGSTOKE,REPAIR,ENG050,Phil Hodgkins,Phil Russell,W5600639,IR,M2,2026-05-26 06:11:00,2026-05-26 09:05:00,02:54:00,2.9
SC,PERTH,ROUTINE,ENG005,Fiona Cameron,Gordon Shaw,W5600640,IR,M1,2026-05-25 10:01:00,2026-05-25 13:31:00,03:30:00,3.5
SO,BOURNEMOUTH,REPAIR,ENG050,Phil Hodgkins,Phil Russell,W5600641,IR,E2,2026-05-21 07:37:00,2026-05-21 11:25:00,03:48:00,3.8
SE,CROYDON,ROUTINE,ENG033,Julie Price,Pat Nolan,W5600642,RO,E1,2026-05-22 10:13:00,2026-05-23 01:13:00,15:00:00,15.0
NW,WARRINGTON,METERING,ENG014,Alan Sharp,Dave Clarke,W5600643,MR,E1,2026-05-21 10:49:00,2026-05-21 18:19:00,07:30:00,7.5
NW,WARRINGTON,EMERGENCY,ENG013,Helen Morris,Dave Clarke,W5600644,ME,R2,2026-05-22 08:03:00,2026-05-22 17:45:00,09:42:00,9.7
WM,STOKE,INSPECTION,ENG041,Una Cowling,Mark Reygate,W5600645,IR,E1,2026-05-23 07:28:00,2026-05-23 23:22:00,15:54:00,15.9
NT,LEICESTER,EMERGENCY,ENG062,Fred Archer,Sue Holt,W5600646,RO,M1,2026-05-21 10:15:00,2026-05-21 21:09:00,10:54:00,10.9
SE,BRIGHTON,ROUTINE,ENG032,Colin James,Pat Nolan,W5600647,MR,R2,2026-05-26 11:05:00,2026-05-26 17:35:00,06:30:00,6.5
NE,NEWCASTLE,REPAIR,ENG072,Liz Cooke,Bill Tyne,W5600648,IR,M2,2026-05-21 07:08:00,2026-05-21 17:32:00,10:24:00,10.4
NE,NEWCASTLE,METERING,ENG071,Alan Shaw,Bill Tyne,W5600649,IR,R2,2026-05-22 07:02:00,2026-05-22 12:38:00,05:36:00,5.6
NT,NOTTINGHAM,INSPECTION,ENG060,Barry Noon,Sue Holt,W5600650,ME,E2,2026-05-21 06:22:00,2026-05-21 14:52:00,08:30:00,8.5
SC,GLASGOW,METERING,ENG006,Kevin McAllister,Gordon Shaw,W5600651,EM,E1,2026-05-23 06:49:00,2026-05-23 18:55:00,12:06:00,12.1
NW,STOCKPORT,ROUTINE,ENG012,Brian Cook,Gary Williams,W5600652,EM,E2,2026-05-25 11:34:00,2026-05-25 14:40:00,03:06:00,3.1
SO,SOUTHAMPTON,METERING,ENG050,Phil Hodgkins,Phil Russell,W5600653,ME,R1,2026-05-25 09:25:00,2026-05-25 17:43:00,08:18:00,8.3
NT,MANSFIELD,REPAIR,ENG060,Barry Noon,Sue Holt,W5600654,EM,R2,2026-05-24 08:07:00,2026-05-24 23:31:00,15:24:00,15.4
NW,WIGAN,INSPECTION,ENG010,Paul Dawson,Gary Williams,W5600655,IR,E2,2026-05-21 07:23:00,2026-05-21 17:05:00,09:42:00,9.7
SC,DUNDEE,INSPECTION,ENG001,John MacDonald,Steven Leckie,W5600656,EM,E1,2026-05-24 08:10:00,2026-05-24 19:40:00,11:30:00,11.5
SE,MAIDSTONE,METERING,ENG030,Stuart Porter,Ray Ingram,W5600657,RO,R2,2026-05-26 10:59:00,2026-05-26 17:05:00,06:06:00,6.1
SC,ABERDEEN,REPAIR,ENG001,John MacDonald,Steven Leckie,W5600658,EM,E2,2026-05-27 07:20:00,2026-05-27 14:26:00,07:06:00,7.1
NW,BLACKBURN,REPAIR,ENG012,Brian Cook,Gary Williams,W5600659,RO,M1,2026-05-22 09:04:00,2026-05-22 14:16:00,05:12:00,5.2
SE,EASTBOURNE,REPAIR,ENG030,Stuart Porter,Ray Ingram,W5600660,RO,R2,2026-05-25 06:40:00,2026-05-25 10:04:00,03:24:00,3.4
SO,SOUTHAMPTON,EMERGENCY,ENG051,Wendy Nash,Phil Russell,W5600661,IR,E1,2026-05-25 07:48:00,2026-05-25 21:42:00,13:54:00,13.9
SO,BOURNEMOUTH,ROUTINE,ENG050,Phil Hodgkins,Phil Russell,W5600662,ME,E1,2026-05-23 08:36:00,2026-05-23 12:48:00,04:12:00,4.2
WM,WOLVERHAMPTON,ROUTINE,ENG042,Steve Frost,Mark Reygate,W5600663,RO,R2,2026-05-21 07:18:00,2026-05-21 14:36:00,07:18:00,7.3
NW,BLACKBURN,REPAIR,ENG010,Paul Dawson,Gary Williams,W5600664,RO,E1,2026-05-24 09:52:00,2026-05-24 22:34:00,12:42:00,12.7
NT,MANSFIELD,INSPECTION,ENG062,Fred Archer,Sue Holt,W5600665,EM,M1,2026-05-24 10:46:00,2026-05-24 19:40:00,08:54:00,8.9
SC,STIRLING,INSPECTION,ENG004,Douglas Reid,Graham Loan,W5600666,MR,E2,2026-05-21 11:41:00,2026-05-21 21:59:00,10:18:00,10.3
NT,LINCOLN,ROUTINE,ENG062,Fred Archer,Sue Holt,W5600667,IR,M1,2026-05-21 09:20:00,2026-05-21 18:38:00,09:18:00,9.3
SO,PORTSMOUTH,METERING,ENG050,Phil Hodgkins,Phil Russell,W5600668,ME,E1,2026-05-27 09:10:00,2026-05-27 13:10:00,04:00:00,4.0
SE,CROYDON,INSPECTION,ENG031,Tracey McIntyre,Ray Ingram,W5600669,EM,R2,2026-05-25 06:59:00,2026-05-25 22:17:00,15:18:00,15.3
NT,LINCOLN,REPAIR,ENG060,Barry Noon,Sue Holt,W5600670,MR,E1,2026-05-26 08:04:00,2026-05-26 19:22:00,11:18:00,11.3
SC,INVERNESS,REPAIR,ENG005,Fiona Cameron,Gordon Shaw,W5600671,ME,E2,2026-05-25 09:48:00,2026-05-25 13:30:00,03:42:00,3.7
SC,PAISLEY,INSPECTION,ENG001,John MacDonald,Steven Leckie,W5600672,ME,R1,2026-05-25 09:08:00,2026-05-25 23:20:00,14:12:00,14.2
NW,WIGAN,INSPECTION,ENG013,Helen Morris,Dave Clarke,W5600673,RO,E1,2026-05-22 06:06:00,2026-05-22 08:06:00,02:00:00,2.0
NE,NEWCASTLE,REPAIR,ENG071,Alan Shaw,Bill Tyne,W5600674,EM,R2,2026-05-26 06:54:00,2026-05-26 20:36:00,13:42:00,13.7
NW,BOLTON,EMERGENCY,ENG012,Brian Cook,Gary Williams,W5600675,IR,E2,2026-05-24 09:02:00,2026-05-24 13:50:00,04:48:00,4.8
SO,PORTSMOUTH,ROUTINE,ENG050,Phil Hodgkins,Phil Russell,W5600676,MR,M1,2026-05-25 11:57:00,2026-05-25 14:45:00,02:48:00,2.8
SE,GUILDFORD,METERING,ENG031,Tracey McIntyre,Ray Ingram,W5600677,EM,E1,2026-05-24 11:54:00,2026-05-24 22:12:00,10:18:00,10.3
NE,DURHAM,METERING,ENG070,Janet Robb,Bill Tyne,W5600678,IR,E1,2026-05-24 10:30:00,2026-05-24 20:24:00,09:54:00,9.9
NT,LEICESTER,ROUTINE,ENG061,Cathy Dean,Sue Holt,W5600679,EM,R2,2026-05-26 06:52:00,2026-05-26 22:28:00,15:36:00,15.6
WM,STOKE,INSPECTION,ENG043,Diane Hunt,Tom Avery,W5600680,RO,M2,2026-05-27 06:51:00,2026-05-27 21:15:00,14:24:00,14.4
SC,EDINBURGH,EMERGENCY,ENG006,Kevin McAllister,Gordon Shaw,W5600681,MR,R2,2026-05-21 11:55:00,2026-05-22 02:49:00,14:54:00,14.9
EA,LUTON,METERING,ENG022,Peter Wong,Mark Booker,W5600682,IR,M1,2026-05-26 07:42:00,2026-05-26 11:00:00,03:18:00,3.3
NW,WARRINGTON,METERING,ENG011,Karen Simmons,Gary Williams,W5600683,RO,R1,2026-05-26 11:04:00,2026-05-26 17:58:00,06:54:00,6.9
EA,IPSWICH,ROUTINE,ENG020,Mark Holloway,Mark Booker,W5600684,RO,R2,2026-05-26 06:02:00,2026-05-26 20:44:00,14:42:00,14.7
WM,WOLVERHAMPTON,INSPECTION,ENG040,Wayne Edwards,Mark Reygate,W5600685,EM,M2,2026-05-24 06:25:00,2026-05-24 11:43:00,05:18:00,5.3
WM,WALSALL,REPAIR,ENG040,Wayne Edwards,Mark Reygate,W5600686,ME,E2,2026-05-21 08:59:00,2026-05-21 17:47:00,08:48:00,8.8
EA,LUTON,EMERGENCY,ENG020,Mark Holloway,Mark Booker,W5600687,IR,M1,2026-05-27 10:48:00,2026-05-28 01:36:00,14:48:00,14.8
WM,COVENTRY,INSPECTION,ENG043,Diane Hunt,Tom Avery,W5600688,RO,R1,2026-05-24 11:12:00,2026-05-25 02:24:00,15:12:00,15.2
NT,DERBY,REPAIR,ENG062,Fred Archer,Sue Holt,W5600689,EM,R1,2026-05-22 11:14:00,2026-05-22 13:20:00,02:06:00,2.1
NT,DERBY,INSPECTION,ENG061,Cathy Dean,Sue Holt,W5600690,RO,E1,2026-05-26 08:19:00,2026-05-26 13:13:00,04:54:00,4.9
NE,DURHAM,EMERGENCY,ENG071,Alan Shaw,Bill Tyne,W5600691,RO,M1,2026-05-27 08:41:00,2026-05-27 11:11:00,02:30:00,2.5
NW,WARRINGTON,REPAIR,ENG010,Paul Dawson,Gary Williams,W5600692,IR,R1,2026-05-22 08:10:00,2026-05-22 14:22:00,06:12:00,6.2
NW,STOCKPORT,METERING,ENG010,Paul Dawson,Gary Williams,W5600693,RO,R2,2026-05-26 07:53:00,2026-05-26 20:29:00,12:36:00,12.6
NW,BOLTON,INSPECTION,ENG011,Karen Simmons,Gary Williams,W5600694,IR,R1,2026-05-27 08:00:00,2026-05-27 23:24:00,15:24:00,15.4
NT,LEICESTER,ROUTINE,ENG062,Fred Archer,Sue Holt,W5600695,RO,E2,2026-05-21 06:13:00,2026-05-21 19:31:00,13:18:00,13.3
SC,GLASGOW,INSPECTION,ENG003,Catriona Stewart,Graham Loan,W5600696,EM,M1,2026-05-24 07:45:00,2026-05-24 21:51:00,14:06:00,14.1
NE,SUNDERLAND,METERING,ENG070,Janet Robb,Bill Tyne,W5600697,IR,M1,2026-05-24 06:21:00,2026-05-24 18:33:00,12:12:00,12.2
SE,GUILDFORD,INSPECTION,ENG032,Colin James,Pat Nolan,W5600698,ME,M1,2026-05-26 06:02:00,2026-05-26 12:02:00,06:00:00,6.0
SO,BOURNEMOUTH,ROUTINE,ENG051,Wendy Nash,Phil Russell,W5600699,IR,M1,2026-05-25 09:05:00,2026-05-25 11:47:00,02:42:00,2.7
SC,EDINBURGH,INSPECTION,ENG003,Catriona Stewart,Graham Loan,W5600700,IR,E1,2026-05-22 10:31:00,2026-05-22 23:49:00,13:18:00,13.3
NT,NOTTINGHAM,METERING,ENG062,Fred Archer,Sue Holt,W5600701,IR,R1,2026-05-22 06:41:00,2026-05-22 14:35:00,07:54:00,7.9
NT,DERBY,ROUTINE,ENG061,Cathy Dean,Sue Holt,W5600702,EM,R1,2026-05-22 08:30:00,2026-05-22 18:18:00,09:48:00,9.8
SE,GUILDFORD,ROUTINE,ENG033,Julie Price,Pat Nolan,W5600703,IR,M1,2026-05-24 06:15:00,2026-05-24 18:57:00,12:42:00,12.7
NE,DURHAM,EMERGENCY,ENG072,Liz Cooke,Bill Tyne,W5600704,EM,R1,2026-05-22 08:27:00,2026-05-22 21:21:00,12:54:00,12.9
SO,BOURNEMOUTH,EMERGENCY,ENG051,Wendy Nash,Phil Russell,W5600705,RO,R1,2026-05-22 07:25:00,2026-05-22 21:37:00,14:12:00,14.2
SC,GLASGOW,METERING,ENG004,Douglas Reid,Graham Loan,W5600706,IR,M1,2026-05-22 07:55:00,2026-05-22 13:55:00,06:00:00,6.0
NW,WARRINGTON,ROUTINE,ENG011,Karen Simmons,Gary Williams,W5600707,ME,M1,2026-05-22 10:01:00,2026-05-22 16:37:00,06:36:00,6.6
NE,GATESHEAD,REPAIR,ENG070,Janet Robb,Bill Tyne,W5600708,ME,R1,2026-05-27 09:33:00,2026-05-27 20:09:00,10:36:00,10.6
NT,NOTTINGHAM,REPAIR,ENG062,Fred Archer,Sue Holt,W5600709,EM,E1,2026-05-21 07:28:00,2026-05-21 13:10:00,05:42:00,5.7
SE,EASTBOURNE,REPAIR,ENG032,Colin James,Pat Nolan,W5600710,ME,R1,2026-05-25 11:15:00,2026-05-26 00:27:00,13:12:00,13.2
NE,GATESHEAD,ROUTINE,ENG071,Alan Shaw,Bill Tyne,W5600711,EM,R1,2026-05-27 06:33:00,2026-05-27 16:45:00,10:12:00,10.2
SE,HORSHAM,EMERGENCY,ENG032,Colin James,Pat Nolan,W5600712,MR,M1,2026-05-24 06:37:00,2026-05-24 15:55:00,09:18:00,9.3
NE,SUNDERLAND,EMERGENCY,ENG071,Alan Shaw,Bill Tyne,W5600713,RO,M1,2026-05-21 07:02:00,2026-05-21 15:20:00,08:18:00,8.3
SC,PERTH,METERING,ENG003,Catriona Stewart,Graham Loan,W5600714,MR,R2,2026-05-26 10:36:00,2026-05-26 18:18:00,07:42:00,7.7
WM,DUDLEY,ROUTINE,ENG042,Steve Frost,Mark Reygate,W5600715,EM,R2,2026-05-25 09:02:00,2026-05-25 23:38:00,14:36:00,14.6
NT,LEICESTER,ROUTINE,ENG062,Fred Archer,Sue Holt,W5600716,EM,R1,2026-05-26 11:44:00,2026-05-26 13:50:00,02:06:00,2.1
NT,DERBY,REPAIR,ENG062,Fred Archer,Sue Holt,W5600717,IR,R1,2026-05-21 07:42:00,2026-05-21 23:18:00,15:36:00,15.6
SE,GUILDFORD,METERING,ENG031,Tracey McIntyre,Ray Ingram,W5600718,RO,M1,2026-05-25 10:49:00,2026-05-25 14:43:00,03:54:00,3.9
SE,MAIDSTONE,EMERGENCY,ENG032,Colin James,Pat Nolan,W5600719,RO,M1,2026-05-24 09:07:00,2026-05-24 17:55:00,08:48:00,8.8
SE,GUILDFORD,REPAIR,ENG032,Colin James,Pat Nolan,W5600720,IR,M1,2026-05-24 09:51:00,2026-05-24 22:51:00,13:00:00,13.0
NW,MANCHESTER,INSPECTION,ENG010,Paul Dawson,Gary Williams,W5600721,RO,E1,2026-05-25 07:32:00,2026-05-25 21:32:00,14:00:00,14.0
EA,PETERBOROUGH,ROUTINE,ENG020,Mark Holloway,Mark Booker,W5600722,RO,E1,2026-05-22 11:45:00,2026-05-22 20:45:00,09:00:00,9.0
SO,BASINGSTOKE,ROUTINE,ENG050,Phil Hodgkins,Phil Russell,W5600723,ME,R2,2026-05-26 10:33:00,2026-05-26 23:51:00,13:18:00,13.3
SC,INVERNESS,METERING,ENG004,Douglas Reid,Graham Loan,W5600724,MR,R2,2026-05-23 07:39:00,2026-05-23 22:33:00,14:54:00,14.9
SO,BOURNEMOUTH,METERING,ENG052,Chris Lamb,Phil Russell,W5600725,ME,E1,2026-05-22 08:38:00,2026-05-22 19:44:00,11:06:00,11.1
WM,DUDLEY,REPAIR,ENG043,Diane Hunt,Tom Avery,W5600726,EM,R2,2026-05-24 08:46:00,2026-05-24 16:04:00,07:18:00,7.3
NW,WIGAN,INSPECTION,ENG012,Brian Cook,Gary Williams,W5600727,ME,E1,2026-05-23 10:32:00,2026-05-23 15:20:00,04:48:00,4.8
SE,EASTBOURNE,METERING,ENG033,Julie Price,Pat Nolan,W5600728,MR,E1,2026-05-26 09:41:00,2026-05-26 12:11:00,02:30:00,2.5
SC,ABERDEEN,EMERGENCY,ENG001,John MacDonald,Steven Leckie,W5600729,MR,E2,2026-05-24 08:28:00,2026-05-24 20:40:00,12:12:00,12.2
SC,PAISLEY,ROUTINE,ENG005,Fiona Cameron,Gordon Shaw,W5600730,RO,R1,2026-05-23 08:15:00,2026-05-23 14:09:00,05:54:00,5.9
EA,BEDFORD,INSPECTION,ENG020,Mark Holloway,Mark Booker,W5600731,EM,E1,2026-05-22 09:22:00,2026-05-22 21:10:00,11:48:00,11.8
NW,LIVERPOOL,METERING,ENG014,Alan Sharp,Dave Clarke,W5600732,EM,R2,2026-05-23 11:27:00,2026-05-23 18:39:00,07:12:00,7.2
NW,WIGAN,ROUTINE,ENG012,Brian Cook,Gary Williams,W5600733,IR,E2,2026-05-26 06:25:00,2026-05-26 16:07:00,09:42:00,9.7
NW,STOCKPORT,INSPECTION,ENG012,Brian Cook,Gary Williams,W5600734,MR,M1,2026-05-24 09:39:00,2026-05-24 11:45:00,02:06:00,2.1
SC,EDINBURGH,INSPECTION,ENG003,Catriona Stewart,Graham Loan,W5600735,ME,R2,2026-05-25 06:06:00,2026-05-25 19:06:00,13:00:00,13.0
SE,EASTBOURNE,METERING,ENG033,Julie Price,Pat Nolan,W5600736,RO,E2,2026-05-25 10:47:00,2026-05-26 01:53:00,15:06:00,15.1
WM,DUDLEY,INSPECTION,ENG042,Steve Frost,Mark Reygate,W5600737,MR,R2,2026-05-25 10:57:00,2026-05-26 01:09:00,14:12:00,14.2
WM,COVENTRY,REPAIR,ENG040,Wayne Edwards,Mark Reygate,W5600738,MR,E2,2026-05-25 06:57:00,2026-05-25 12:21:00,05:24:00,5.4
NE,NEWCASTLE,ROUTINE,ENG071,Alan Shaw,Bill Tyne,W5600739,RO,E2,2026-05-24 08:37:00,2026-05-24 19:01:00,10:24:00,10.4
SO,SOUTHAMPTON,METERING,ENG050,Phil Hodgkins,Phil Russell,W5600740,IR,R1,2026-05-21 07:15:00,2026-05-21 12:09:00,04:54:00,4.9
SO,PORTSMOUTH,METERING,ENG052,Chris Lamb,Phil Russell,W5600741,RO,M1,2026-05-23 06:18:00,2026-05-23 12:30:00,06:12:00,6.2
NT,LEICESTER,EMERGENCY,ENG061,Cathy Dean,Sue Holt,W5600742,ME,M2,2026-05-23 07:46:00,2026-05-23 16:40:00,08:54:00,8.9
WM,WOLVERHAMPTON,ROUTINE,ENG043,Diane Hunt,Tom Avery,W5600743,RO,M2,2026-05-25 07:34:00,2026-05-25 09:58:00,02:24:00,2.4
SE,MAIDSTONE,INSPECTION,ENG033,Julie Price,Pat Nolan,W5600744,MR,R1,2026-05-24 11:43:00,2026-05-25 03:13:00,15:30:00,15.5
SE,BRIGHTON,REPAIR,ENG032,Colin James,Pat Nolan,W5600745,MR,R2,2026-05-25 10:01:00,2026-05-25 13:01:00,03:00:00,3.0
NW,BLACKBURN,EMERGENCY,ENG014,Alan Sharp,Dave Clarke,W5600746,RO,M2,2026-05-25 10:25:00,2026-05-25 16:07:00,05:42:00,5.7
NT,LEICESTER,REPAIR,ENG062,Fred Archer,Sue Holt,W5600747,ME,E2,2026-05-22 11:11:00,2026-05-22 14:23:00,03:12:00,3.2
NT,LINCOLN,METERING,ENG061,Cathy Dean,Sue Holt,W5600748,ME,E2,2026-05-27 06:03:00,2026-05-27 09:33:00,03:30:00,3.5
WM,WOLVERHAMPTON,INSPECTION,ENG041,Una Cowling,Mark Reygate,W5600749,EM,E1,2026-05-26 07:22:00,2026-05-26 13:28:00,06:06:00,6.1
NW,BOLTON,METERING,ENG012,Brian Cook,Gary Williams,W5600750,ME,M2,2026-05-21 06:30:00,2026-05-21 12:30:00,06:00:00,6.0
NT,DERBY,INSPECTION,ENG061,Cathy Dean,Sue Holt,W5600751,IR,R1,2026-05-23 11:58:00,2026-05-23 22:10:00,10:12:00,10.2
SC,PERTH,ROUTINE,ENG003,Catriona Stewart,Graham Loan,W5600752,RO,E2,2026-05-27 10:23:00,2026-05-28 01:59:00,15:36:00,15.6
WM,WALSALL,METERING,ENG040,Wayne Edwards,Mark Reygate,W5600753,EM,M1,2026-05-27 10:42:00,2026-05-27 20:30:00,09:48:00,9.8
SC,DUNDEE,REPAIR,ENG001,John MacDonald,Steven Leckie,W5600754,ME,E1,2026-05-22 08:11:00,2026-05-22 23:47:00,15:36:00,15.6
NT,DERBY,ROUTINE,ENG062,Fred Archer,Sue Holt,W5600755,EM,R2,2026-05-27 11:54:00,2026-05-27 22:18:00,10:24:00,10.4
WM,WOLVERHAMPTON,METERING,ENG042,Steve Frost,Mark Reygate,W5600756,EM,E2,2026-05-23 10:59:00,2026-05-23 18:11:00,07:12:00,7.2
SC,EDINBURGH,ROUTINE,ENG002,Alistair Fraser,Steven Leckie,W5600757,IR,M2,2026-05-23 10:12:00,2026-05-23 19:36:00,09:24:00,9.4
WM,WOLVERHAMPTON,ROUTINE,ENG042,Steve Frost,Mark Reygate,W5600758,RO,M1,2026-05-25 08:24:00,2026-05-26 00:18:00,15:54:00,15.9
SC,DUNDEE,METERING,ENG004,Douglas Reid,Graham Loan,W5600759,RO,M1,2026-05-26 06:04:00,2026-05-26 09:22:00,03:18:00,3.3
SC,EDINBURGH,METERING,ENG005,Fiona Cameron,Gordon Shaw,W5600760,IR,R2,2026-05-27 08:51:00,2026-05-28 00:39:00,15:48:00,15.8
WM,BIRMINGHAM,INSPECTION,ENG042,Steve Frost,Mark Reygate,W5600761,ME,M1,2026-05-26 10:47:00,2026-05-26 12:53:00,02:06:00,2.1
EA,CAMBRIDGE,ROUTINE,ENG023,Sharon King,Anne Foster,W5600762,MR,M1,2026-05-25 06:45:00,2026-05-25 17:03:00,10:18:00,10.3
EA,LUTON,ROUTINE,ENG020,Mark Holloway,Mark Booker,W5600763,IR,M2,2026-05-27 07:10:00,2026-05-27 10:40:00,03:30:00,3.5
NW,BLACKBURN,ROUTINE,ENG011,Karen Simmons,Gary Williams,W5600764,RO,E1,2026-05-24 11:36:00,2026-05-25 02:36:00,15:00:00,15.0
SO,BOURNEMOUTH,REPAIR,ENG052,Chris Lamb,Phil Russell,W5600765,ME,M2,2026-05-24 08:48:00,2026-05-24 10:54:00,02:06:00,2.1
WM,COVENTRY,REPAIR,ENG042,Steve Frost,Mark Reygate,W5600766,IR,R2,2026-05-21 09:10:00,2026-05-21 22:22:00,13:12:00,13.2
NW,LIVERPOOL,REPAIR,ENG013,Helen Morris,Dave Clarke,W5600767,IR,E2,2026-05-27 06:57:00,2026-05-27 09:51:00,02:54:00,2.9
NW,MANCHESTER,ROUTINE,ENG011,Karen Simmons,Gary Williams,W5600768,EM,M2,2026-05-24 10:18:00,2026-05-24 15:06:00,04:48:00,4.8
NE,MIDDLESBROUGH,ROUTINE,ENG072,Liz Cooke,Bill Tyne,W5600769,EM,E1,2026-05-21 10:28:00,2026-05-21 18:52:00,08:24:00,8.4
NE,NEWCASTLE,ROUTINE,ENG071,Alan Shaw,Bill Tyne,W5600770,RO,M1,2026-05-27 09:09:00,2026-05-27 18:27:00,09:18:00,9.3
SE,EASTBOURNE,INSPECTION,ENG030,Stuart Porter,Ray Ingram,W5600771,RO,E1,2026-05-24 10:16:00,2026-05-24 23:16:00,13:00:00,13.0
EA,BEDFORD,EMERGENCY,ENG020,Mark Holloway,Mark Booker,W5600772,EM,R1,2026-05-27 08:04:00,2026-05-27 19:22:00,11:18:00,11.3
EA,CAMBRIDGE,INSPECTION,ENG023,Sharon King,Anne Foster,W5600773,ME,M2,2026-05-25 06:31:00,2026-05-25 13:55:00,07:24:00,7.4
NW,MANCHESTER,EMERGENCY,ENG011,Karen Simmons,Gary Williams,W5600774,ME,R2,2026-05-24 08:16:00,2026-05-24 22:04:00,13:48:00,13.8
NW,WIGAN,METERING,ENG012,Brian Cook,Gary Williams,W5600775,EM,R1,2026-05-21 11:58:00,2026-05-21 20:10:00,08:11:59,8.2
WM,BIRMINGHAM,REPAIR,ENG042,Steve Frost,Mark Reygate,W5600776,MR,M1,2026-05-26 07:55:00,2026-05-26 14:31:00,06:36:00,6.6
SO,PORTSMOUTH,REPAIR,ENG052,Chris Lamb,Phil Russell,W5600777,IR,R2,2026-05-26 07:41:00,2026-05-26 21:53:00,14:12:00,14.2
EA,BEDFORD,ROUTINE,ENG023,Sharon King,Anne Foster,W5600778,IR,M1,2026-05-27 08:58:00,2026-05-27 22:46:00,13:48:00,13.8
SO,SOUTHAMPTON,ROUTINE,ENG051,Wendy Nash,Phil Russell,W5600779,IR,R1,2026-05-22 09:36:00,2026-05-22 14:48:00,05:12:00,5.2
EA,NORWICH,INSPECTION,ENG023,Sharon King,Anne Foster,W5600780,MR,R2,2026-05-25 09:03:00,2026-05-25 15:27:00,06:24:00,6.4
SC,STIRLING,REPAIR,ENG006,Kevin McAllister,Gordon Shaw,W5600781,MR,M2,2026-05-23 11:23:00,2026-05-23 16:35:00,05:12:00,5.2
SO,SOUTHAMPTON,EMERGENCY,ENG052,Chris Lamb,Phil Russell,W5600782,EM,M2,2026-05-21 09:43:00,2026-05-21 13:25:00,03:42:00,3.7
SO,SALISBURY,ROUTINE,ENG050,Phil Hodgkins,Phil Russell,W5600783,MR,E1,2026-05-23 10:35:00,2026-05-24 01:59:00,15:24:00,15.4
SO,SOUTHAMPTON,REPAIR,ENG050,Phil Hodgkins,Phil Russell,W5600784,IR,M2,2026-05-21 09:24:00,2026-05-21 13:42:00,04:18:00,4.3
EA,BEDFORD,REPAIR,ENG021,Rachel Davies,Mark Booker,W5600785,EM,E2,2026-05-27 07:41:00,2026-05-27 23:17:00,15:36:00,15.6
SE,GUILDFORD,REPAIR,ENG031,Tracey McIntyre,Ray Ingram,W5600786,IR,M2,2026-05-24 06:47:00,2026-05-24 16:23:00,09:36:00,9.6
WM,WALSALL,REPAIR,ENG041,Una Cowling,Mark Reygate,W5600787,ME,E1,2026-05-21 08:01:00,2026-05-21 23:37:00,15:36:00,15.6
NE,NEWCASTLE,METERING,ENG070,Janet Robb,Bill Tyne,W5600788,ME,M1,2026-05-21 08:54:00,2026-05-21 15:36:00,06:42:00,6.7
SE,EASTBOURNE,METERING,ENG031,Tracey McIntyre,Ray Ingram,W5600789,ME,E1,2026-05-23 10:28:00,2026-05-23 20:52:00,10:24:00,10.4
SO,SOUTHAMPTON,REPAIR,ENG051,Wendy Nash,Phil Russell,W5600790,MR,R1,2026-05-23 10:09:00,2026-05-23 16:39:00,06:30:00,6.5
NE,GATESHEAD,ROUTINE,ENG070,Janet Robb,Bill Tyne,W5600791,IR,E1,2026-05-22 09:43:00,2026-05-22 23:13:00,13:30:00,13.5
SO,SOUTHAMPTON,REPAIR,ENG052,Chris Lamb,Phil Russell,W5600792,ME,R1,2026-05-24 06:36:00,2026-05-24 15:06:00,08:30:00,8.5
SE,HORSHAM,REPAIR,ENG032,Colin James,Pat Nolan,W5600793,RO,R2,2026-05-26 08:29:00,2026-05-26 17:59:00,09:30:00,9.5
WM,COVENTRY,EMERGENCY,ENG040,Wayne Edwards,Mark Reygate,W5600794,ME,E1,2026-05-27 10:38:00,2026-05-28 01:44:00,15:06:00,15.1
NE,NEWCASTLE,REPAIR,ENG072,Liz Cooke,Bill Tyne,W5600795,EM,E1,2026-05-24 09:39:00,2026-05-25 01:21:00,15:42:00,15.7
WM,WOLVERHAMPTON,INSPECTION,ENG041,Una Cowling,Mark Reygate,W5600796,IR,E2,2026-05-25 07:49:00,2026-05-25 16:13:00,08:24:00,8.4
WM,WALSALL,REPAIR,ENG040,Wayne Edwards,Mark Reygate,W5600797,IR,E2,2026-05-27 06:41:00,2026-05-27 18:47:00,12:06:00,12.1
SE,CROYDON,ROUTINE,ENG030,Stuart Porter,Ray Ingram,W5600798,ME,R2,2026-05-24 06:00:00,2026-05-24 16:42:00,10:42:00,10.7
NE,NEWCASTLE,INSPECTION,ENG070,Janet Robb,Bill Tyne,W5600799,EM,R1,2026-05-22 09:52:00,2026-05-22 15:04:00,05:12:00,5.2
NE,GATESHEAD,METERING,ENG072,Liz Cooke,Bill Tyne,W5600800,IR,M2,2026-05-25 08:04:00,2026-05-25 15:22:00,07:18:00,7.3
NW,BOLTON,METERING,ENG014,Alan Sharp,Dave Clarke,W5600801,IR,R1,2026-05-23 10:13:00,2026-05-23 12:19:00,02:06:00,2.1
SC,DUNDEE,INSPECTION,ENG001,John MacDonald,Steven Leckie,W5600802,IR,R2,2026-05-24 11:59:00,2026-05-24 16:29:00,04:30:00,4.5
SO,PORTSMOUTH,REPAIR,ENG050,Phil Hodgkins,Phil Russell,W5600803,ME,M1,2026-05-21 08:18:00,2026-05-21 23:12:00,14:54:00,14.9
EA,CAMBRIDGE,REPAIR,ENG021,Rachel Davies,Mark Booker,W5600804,RO,E1,2026-05-23 08:47:00,2026-05-23 20:05:00,11:18:00,11.3
NW,STOCKPORT,EMERGENCY,ENG012,Brian Cook,Gary Williams,W5600805,EM,M2,2026-05-27 09:45:00,2026-05-27 18:15:00,08:30:00,8.5
EA,CAMBRIDGE,INSPECTION,ENG022,Peter Wong,Mark Booker,W5600806,IR,E2,2026-05-24 06:14:00,2026-05-24 15:02:00,08:48:00,8.8
NW,WIGAN,EMERGENCY,ENG010,Paul Dawson,Gary Williams,W5600807,MR,E2,2026-05-25 07:37:00,2026-05-25 12:25:00,04:48:00,4.8
SC,PERTH,METERING,ENG004,Douglas Reid,Graham Loan,W5600808,MR,R1,2026-05-22 07:38:00,2026-05-22 19:26:00,11:48:00,11.8
SO,SOUTHAMPTON,METERING,ENG051,Wendy Nash,Phil Russell,W5600809,EM,M2,2026-05-27 09:09:00,2026-05-27 12:15:00,03:06:00,3.1
SO,SOUTHAMPTON,ROUTINE,ENG050,Phil Hodgkins,Phil Russell,W5600810,ME,R2,2026-05-26 09:11:00,2026-05-26 13:11:00,04:00:00,4.0
SO,SALISBURY,METERING,ENG052,Chris Lamb,Phil Russell,W5600811,EM,M2,2026-05-23 09:53:00,2026-05-23 23:53:00,14:00:00,14.0
EA,IPSWICH,INSPECTION,ENG021,Rachel Davies,Mark Booker,W5600812,EM,R1,2026-05-25 07:52:00,2026-05-25 21:40:00,13:48:00,13.8
SO,SALISBURY,REPAIR,ENG052,Chris Lamb,Phil Russell,W5600813,MR,E1,2026-05-25 10:03:00,2026-05-25 14:27:00,04:24:00,4.4
SO,BOURNEMOUTH,REPAIR,ENG052,Chris Lamb,Phil Russell,W5600814,MR,E2,2026-05-23 08:56:00,2026-05-23 11:56:00,03:00:00,3.0
SC,ABERDEEN,EMERGENCY,ENG002,Alistair Fraser,Steven Leckie,W5600815,MR,R1,2026-05-23 11:30:00,2026-05-23 22:42:00,11:12:00,11.2
NE,MIDDLESBROUGH,INSPECTION,ENG072,Liz Cooke,Bill Tyne,W5600816,EM,E2,2026-05-26 07:47:00,2026-05-26 15:23:00,07:36:00,7.6
EA,LUTON,EMERGENCY,ENG022,Peter Wong,Mark Booker,W5600817,EM,E2,2026-05-24 10:31:00,2026-05-24 23:55:00,13:24:00,13.4
SE,BRIGHTON,REPAIR,ENG032,Colin James,Pat Nolan,W5600818,RO,M1,2026-05-23 09:20:00,2026-05-23 23:44:00,14:24:00,14.4
NE,SUNDERLAND,METERING,ENG072,Liz Cooke,Bill Tyne,W5600819,RO,E2,2026-05-25 06:32:00,2026-05-25 14:56:00,08:24:00,8.4
NW,MANCHESTER,INSPECTION,ENG013,Helen Morris,Dave Clarke,W5600820,ME,R2,2026-05-27 09:29:00,2026-05-27 18:53:00,09:24:00,9.4
WM,DUDLEY,ROUTINE,ENG041,Una Cowling,Mark Reygate,W5600821,RO,E2,2026-05-23 08:32:00,2026-05-23 15:20:00,06:48:00,6.8
WM,WALSALL,REPAIR,ENG042,Steve Frost,Mark Reygate,W5600822,RO,M1,2026-05-25 10:50:00,2026-05-25 17:20:00,06:30:00,6.5
EA,IPSWICH,ROUTINE,ENG021,Rachel Davies,Mark Booker,W5600823,ME,R2,2026-05-22 10:56:00,2026-05-23 02:26:00,15:30:00,15.5
NT,LINCOLN,METERING,ENG060,Barry Noon,Sue Holt,W5600824,IR,E2,2026-05-24 10:58:00,2026-05-24 20:28:00,09:30:00,9.5
NW,WARRINGTON,INSPECTION,ENG011,Karen Simmons,Gary Williams,W5600825,IR,R2,2026-05-27 10:59:00,2026-05-27 23:11:00,12:12:00,12.2
EA,NORWICH,METERING,ENG020,Mark Holloway,Mark Booker,W5600826,MR,R2,2026-05-25 11:10:00,2026-05-25 17:52:00,06:42:00,6.7
NW,MANCHESTER,METERING,ENG010,Paul Dawson,Gary Williams,W5600827,ME,E1,2026-05-23 07:00:00,2026-05-23 13:42:00,06:42:00,6.7
EA,NORWICH,ROUTINE,ENG021,Rachel Davies,Mark Booker,W5600828,EM,M1,2026-05-27 09:13:00,2026-05-28 00:37:00,15:24:00,15.4
NE,SUNDERLAND,REPAIR,ENG071,Alan Shaw,Bill Tyne,W5600829,ME,M1,2026-05-24 10:59:00,2026-05-24 19:29:00,08:30:00,8.5
SE,GUILDFORD,METERING,ENG031,Tracey McIntyre,Ray Ingram,W5600830,IR,E1,2026-05-23 06:03:00,2026-05-23 20:57:00,14:54:00,14.9
EA,IPSWICH,REPAIR,ENG023,Sharon King,Anne Foster,W5600831,ME,R2,2026-05-21 10:51:00,2026-05-22 00:39:00,13:48:00,13.8
SO,BASINGSTOKE,INSPECTION,ENG050,Phil Hodgkins,Phil Russell,W5600832,MR,M2,2026-05-26 06:23:00,2026-05-26 12:41:00,06:18:00,6.3
SE,GUILDFORD,EMERGENCY,ENG033,Julie Price,Pat Nolan,W5600833,ME,M2,2026-05-27 11:22:00,2026-05-27 13:28:00,02:06:00,2.1
SE,HORSHAM,ROUTINE,ENG032,Colin James,Pat Nolan,W5600834,RO,M2,2026-05-22 09:38:00,2026-05-22 12:26:00,02:48:00,2.8
SE,EASTBOURNE,ROUTINE,ENG030,Stuart Porter,Ray Ingram,W5600835,MR,E1,2026-05-21 07:06:00,2026-05-21 20:18:00,13:12:00,13.2
NW,STOCKPORT,METERING,ENG012,Brian Cook,Gary Williams,W5600836,MR,M2,2026-05-22 11:02:00,2026-05-22 17:56:00,06:54:00,6.9
NE,MIDDLESBROUGH,EMERGENCY,ENG070,Janet Robb,Bill Tyne,W5600837,ME,M1,2026-05-22 07:17:00,2026-05-22 17:17:00,10:00:00,10.0
SE,GUILDFORD,ROUTINE,ENG032,Colin James,Pat Nolan,W5600838,ME,E2,2026-05-22 07:05:00,2026-05-22 18:59:00,11:54:00,11.9
WM,COVENTRY,EMERGENCY,ENG041,Una Cowling,Mark Reygate,W5600839,IR,E2,2026-05-25 11:40:00,2026-05-25 17:52:00,06:12:00,6.2
NT,NOTTINGHAM,REPAIR,ENG062,Fred Archer,Sue Holt,W5600840,ME,M1,2026-05-27 10:49:00,2026-05-27 15:07:00,04:18:00,4.3
SE,GUILDFORD,REPAIR,ENG031,Tracey McIntyre,Ray Ingram,W5600841,IR,R2,2026-05-24 10:16:00,2026-05-24 22:34:00,12:18:00,12.3
NE,GATESHEAD,ROUTINE,ENG072,Liz Cooke,Bill Tyne,W5600842,MR,M2,2026-05-26 08:56:00,2026-05-26 12:08:00,03:12:00,3.2
WM,STOKE,INSPECTION,ENG043,Diane Hunt,Tom Avery,W5600843,ME,E1,2026-05-22 09:48:00,2026-05-22 12:06:00,02:18:00,2.3
SO,BASINGSTOKE,EMERGENCY,ENG051,Wendy Nash,Phil Russell,W5600844,IR,R2,2026-05-24 11:51:00,2026-05-24 14:39:00,02:48:00,2.8
SC,INVERNESS,EMERGENCY,ENG003,Catriona Stewart,Graham Loan,W5600845,RO,R2,2026-05-24 11:54:00,2026-05-24 21:42:00,09:48:00,9.8
NE,GATESHEAD,METERING,ENG072,Liz Cooke,Bill Tyne,W5600846,RO,E2,2026-05-27 07:25:00,2026-05-27 15:37:00,08:11:59,8.2
NW,BLACKBURN,METERING,ENG013,Helen Morris,Dave Clarke,W5600847,IR,E1,2026-05-21 07:20:00,2026-05-21 15:14:00,07:54:00,7.9
NW,LIVERPOOL,METERING,ENG010,Paul Dawson,Gary Williams,W5600848,MR,M2,2026-05-25 10:44:00,2026-05-25 14:08:00,03:24:00,3.4
SO,BOURNEMOUTH,EMERGENCY,ENG051,Wendy Nash,Phil Russell,W5600849,ME,R1,2026-05-27 09:52:00,2026-05-27 19:46:00,09:54:00,9.9
NW,WIGAN,ROUTINE,ENG014,Alan Sharp,Dave Clarke,W5600850,ME,R1,2026-05-25 07:18:00,2026-05-25 10:18:00,03:00:00,3.0
WM,WALSALL,INSPECTION,ENG041,Una Cowling,Mark Reygate,W5600851,EM,M1,2026-05-27 11:34:00,2026-05-27 21:52:00,10:18:00,10.3
NT,DERBY,ROUTINE,ENG062,Fred Archer,Sue Holt,W5600852,ME,E2,2026-05-24 11:31:00,2026-05-24 16:49:00,05:18:00,5.3
WM,STOKE,REPAIR,ENG040,Wayne Edwards,Mark Reygate,W5600853,MR,R1,2026-05-21 07:34:00,2026-05-21 23:10:00,15:36:00,15.6
SO,BOURNEMOUTH,EMERGENCY,ENG050,Phil Hodgkins,Phil Russell,W5600854,EM,R2,2026-05-24 06:29:00,2026-05-24 20:29:00,14:00:00,14.0
NE,SUNDERLAND,REPAIR,ENG070,Janet Robb,Bill Tyne,W5600855,EM,E1,2026-05-25 06:15:00,2026-05-25 11:21:00,05:06:00,5.1
EA,LUTON,INSPECTION,ENG023,Sharon King,Anne Foster,W5600856,RO,E2,2026-05-24 10:44:00,2026-05-24 19:38:00,08:54:00,8.9
NT,LINCOLN,METERING,ENG060,Barry Noon,Sue Holt,W5600857,IR,R1,2026-05-24 08:02:00,2026-05-24 19:08:00,11:06:00,11.1
SC,ABERDEEN,ROUTINE,ENG003,Catriona Stewart,Graham Loan,W5600858,RO,R2,2026-05-21 10:32:00,2026-05-21 21:20:00,10:48:00,10.8
SE,GUILDFORD,INSPECTION,ENG030,Stuart Porter,Ray Ingram,W5600859,ME,M2,2026-05-24 10:31:00,2026-05-24 14:13:00,03:42:00,3.7
EA,NORWICH,EMERGENCY,ENG021,Rachel Davies,Mark Booker,W5600860,RO,E2,2026-05-23 09:06:00,2026-05-23 22:48:00,13:42:00,13.7
WM,BIRMINGHAM,METERING,ENG042,Steve Frost,Mark Reygate,W5600861,EM,R1,2026-05-22 06:17:00,2026-05-22 16:35:00,10:18:00,10.3
EA,NORWICH,METERING,ENG021,Rachel Davies,Mark Booker,W5600862,IR,E2,2026-05-23 08:13:00,2026-05-23 14:25:00,06:12:00,6.2
SO,SOUTHAMPTON,INSPECTION,ENG051,Wendy Nash,Phil Russell,W5600863,RO,E2,2026-05-26 09:17:00,2026-05-26 14:05:00,04:48:00,4.8
NE,MIDDLESBROUGH,METERING,ENG071,Alan Shaw,Bill Tyne,W5600864,IR,E1,2026-05-22 08:11:00,2026-05-22 14:11:00,06:00:00,6.0
EA,CAMBRIDGE,REPAIR,ENG020,Mark Holloway,Mark Booker,W5600865,IR,M2,2026-05-24 07:47:00,2026-05-24 10:17:00,02:30:00,2.5
NW,WIGAN,EMERGENCY,ENG013,Helen Morris,Dave Clarke,W5600866,EM,M1,2026-05-27 09:51:00,2026-05-27 19:09:00,09:18:00,9.3
SO,BOURNEMOUTH,INSPECTION,ENG051,Wendy Nash,Phil Russell,W5600867,EM,E1,2026-05-24 07:11:00,2026-05-24 19:35:00,12:24:00,12.4
EA,PETERBOROUGH,EMERGENCY,ENG023,Sharon King,Anne Foster,W5600868,EM,M2,2026-05-27 10:22:00,2026-05-28 00:04:00,13:42:00,13.7
SO,SOUTHAMPTON,METERING,ENG050,Phil Hodgkins,Phil Russell,W5600869,IR,R1,2026-05-27 08:44:00,2026-05-27 18:20:00,09:36:00,9.6
NT,MANSFIELD,METERING,ENG060,Barry Noon,Sue Holt,W5600870,IR,R2,2026-05-21 08:49:00,2026-05-21 18:19:00,09:30:00,9.5
SO,SALISBURY,REPAIR,ENG050,Phil Hodgkins,Phil Russell,W5600871,ME,R1,2026-05-26 06:01:00,2026-05-26 18:37:00,12:36:00,12.6
NW,BLACKBURN,METERING,ENG013,Helen Morris,Dave Clarke,W5600872,RO,M1,2026-05-22 10:17:00,2026-05-23 02:05:00,15:48:00,15.8
NW,BLACKBURN,REPAIR,ENG010,Paul Dawson,Gary Williams,W5600873,IR,M2,2026-05-22 06:17:00,2026-05-22 15:59:00,09:42:00,9.7
SO,PORTSMOUTH,METERING,ENG052,Chris Lamb,Phil Russell,W5600874,ME,R1,2026-05-22 11:49:00,2026-05-23 00:25:00,12:36:00,12.6
SE,CROYDON,REPAIR,ENG030,Stuart Porter,Ray Ingram,W5600875,EM,R2,2026-05-27 11:42:00,2026-05-27 23:18:00,11:36:00,11.6
EA,PETERBOROUGH,REPAIR,ENG022,Peter Wong,Mark Booker,W5600876,ME,E1,2026-05-27 06:59:00,2026-05-27 11:23:00,04:24:00,4.4
EA,IPSWICH,METERING,ENG022,Peter Wong,Mark Booker,W5600877,RO,E2,2026-05-22 07:16:00,2026-05-22 13:40:00,06:24:00,6.4
WM,STOKE,EMERGENCY,ENG041,Una Cowling,Mark Reygate,W5600878,RO,E1,2026-05-22 06:59:00,2026-05-22 20:35:00,13:36:00,13.6
WM,BIRMINGHAM,METERING,ENG042,Steve Frost,Mark Reygate,W5600879,ME,R2,2026-05-22 10:18:00,2026-05-23 01:36:00,15:18:00,15.3
NT,LEICESTER,EMERGENCY,ENG061,Cathy Dean,Sue Holt,W5600880,EM,E1,2026-05-21 10:46:00,2026-05-21 20:10:00,09:24:00,9.4
SE,HORSHAM,EMERGENCY,ENG031,Tracey McIntyre,Ray Ingram,W5600881,RO,E1,2026-05-26 10:43:00,2026-05-26 15:13:00,04:30:00,4.5
SO,SALISBURY,ROUTINE,ENG051,Wendy Nash,Phil Russell,W5600882,MR,E1,2026-05-25 10:00:00,2026-05-25 12:48:00,02:48:00,2.8
SO,BOURNEMOUTH,ROUTINE,ENG052,Chris Lamb,Phil Russell,W5600883,ME,M2,2026-05-23 07:21:00,2026-05-23 18:51:00,11:30:00,11.5
NT,NOTTINGHAM,INSPECTION,ENG062,Fred Archer,Sue Holt,W5600884,RO,R1,2026-05-24 11:14:00,2026-05-25 00:44:00,13:30:00,13.5
NT,MANSFIELD,REPAIR,ENG060,Barry Noon,Sue Holt,W5600885,ME,E2,2026-05-25 09:55:00,2026-05-25 18:19:00,08:24:00,8.4
WM,WALSALL,EMERGENCY,ENG043,Diane Hunt,Tom Avery,W5600886,ME,R2,2026-05-25 10:34:00,2026-05-25 13:28:00,02:54:00,2.9
SO,PORTSMOUTH,INSPECTION,ENG051,Wendy Nash,Phil Russell,W5600887,IR,R2,2026-05-21 08:36:00,2026-05-21 21:18:00,12:42:00,12.7
WM,STOKE,EMERGENCY,ENG040,Wayne Edwards,Mark Reygate,W5600888,IR,M1,2026-05-22 11:56:00,2026-05-22 14:20:00,02:24:00,2.4
NT,LINCOLN,METERING,ENG062,Fred Archer,Sue Holt,W5600889,IR,E2,2026-05-21 07:15:00,2026-05-21 11:27:00,04:12:00,4.2
NW,BOLTON,REPAIR,ENG012,Brian Cook,Gary Williams,W5600890,RO,M1,2026-05-23 08:10:00,2026-05-23 14:22:00,06:12:00,6.2
NW,MANCHESTER,INSPECTION,ENG011,Karen Simmons,Gary Williams,W5600891,ME,E1,2026-05-24 06:48:00,2026-05-24 14:12:00,07:24:00,7.4
NW,MANCHESTER,REPAIR,ENG012,Brian Cook,Gary Williams,W5600892,EM,M2,2026-05-22 08:01:00,2026-05-22 14:31:00,06:30:00,6.5
SC,DUNDEE,EMERGENCY,ENG004,Douglas Reid,Graham Loan,W5600893,RO,R1,2026-05-24 07:44:00,2026-05-24 22:20:00,14:36:00,14.6
SC,ABERDEEN,EMERGENCY,ENG001,John MacDonald,Steven Leckie,W5600894,MR,E1,2026-05-21 10:24:00,2026-05-21 14:54:00,04:30:00,4.5
NE,MIDDLESBROUGH,METERING,ENG070,Janet Robb,Bill Tyne,W5600895,MR,R2,2026-05-24 06:22:00,2026-05-24 19:10:00,12:48:00,12.8
SC,EDINBURGH,REPAIR,ENG005,Fiona Cameron,Gordon Shaw,W5600896,RO,R1,2026-05-26 06:50:00,2026-05-26 15:32:00,08:41:59,8.7
SC,PERTH,ROUTINE,ENG001,John MacDonald,Steven Leckie,W5600897,RO,E1,2026-05-26 07:29:00,2026-05-26 16:41:00,09:12:00,9.2
EA,LUTON,EMERGENCY,ENG023,Sharon King,Anne Foster,W5600898,MR,R1,2026-05-22 07:35:00,2026-05-22 10:05:00,02:30:00,2.5
EA,BEDFORD,ROUTINE,ENG022,Peter Wong,Mark Booker,W5600899,IR,M2,2026-05-27 11:21:00,2026-05-27 14:33:00,03:12:00,3.2
SO,SALISBURY,REPAIR,ENG052,Chris Lamb,Phil Russell,W5600900,IR,M2,2026-05-23 08:38:00,2026-05-23 20:38:00,12:00:00,12.0
SC,DUNDEE,ROUTINE,ENG006,Kevin McAllister,Gordon Shaw,W5600901,ME,M1,2026-05-25 08:48:00,2026-05-25 14:06:00,05:18:00,5.3
WM,COVENTRY,REPAIR,ENG041,Una Cowling,Mark Reygate,W5600902,IR,M1,2026-05-21 08:09:00,2026-05-21 17:21:00,09:12:00,9.2
NT,NOTTINGHAM,EMERGENCY,ENG061,Cathy Dean,Sue Holt,W5600903,ME,R1,2026-05-24 10:31:00,2026-05-24 19:31:00,09:00:00,9.0
SE,BRIGHTON,INSPECTION,ENG031,Tracey McIntyre,Ray Ingram,W5600904,EM,M1,2026-05-21 10:50:00,2026-05-21 13:02:00,02:12:00,2.2
NT,LEICESTER,INSPECTION,ENG061,Cathy Dean,Sue Holt,W5600905,IR,E2,2026-05-25 06:42:00,2026-05-25 09:36:00,02:54:00,2.9
EA,LUTON,EMERGENCY,ENG020,Mark Holloway,Mark Booker,W5600906,EM,M2,2026-05-24 11:51:00,2026-05-24 19:09:00,07:18:00,7.3
EA,NORWICH,EMERGENCY,ENG023,Sharon King,Anne Foster,W5600907,IR,M2,2026-05-26 07:32:00,2026-05-26 12:02:00,04:30:00,4.5
WM,COVENTRY,INSPECTION,ENG041,Una Cowling,Mark Reygate,W5600908,ME,M2,2026-05-26 08:54:00,2026-05-26 23:42:00,14:48:00,14.8
NW,LIVERPOOL,METERING,ENG011,Karen Simmons,Gary Williams,W5600909,EM,E2,2026-05-27 07:05:00,2026-05-27 16:35:00,09:30:00,9.5
SC,INVERNESS,METERING,ENG001,John MacDonald,Steven Leckie,W5600910,IR,R1,2026-05-24 06:03:00,2026-05-24 17:03:00,11:00:00,11.0
SC,ABERDEEN,ROUTINE,ENG004,Douglas Reid,Graham Loan,W5600911,IR,E1,2026-05-22 06:02:00,2026-05-22 16:26:00,10:24:00,10.4
SO,PORTSMOUTH,REPAIR,ENG052,Chris Lamb,Phil Russell,W5600912,IR,E1,2026-05-22 09:58:00,2026-05-22 14:10:00,04:12:00,4.2
SO,BASINGSTOKE,REPAIR,ENG052,Chris Lamb,Phil Russell,W5600913,EM,R2,2026-05-21 10:02:00,2026-05-21 16:20:00,06:18:00,6.3
NE,MIDDLESBROUGH,ROUTINE,ENG071,Alan Shaw,Bill Tyne,W5600914,EM,M2,2026-05-21 07:33:00,2026-05-21 17:15:00,09:42:00,9.7
SE,CROYDON,INSPECTION,ENG030,Stuart Porter,Ray Ingram,W5600915,ME,R2,2026-05-22 09:23:00,2026-05-22 23:05:00,13:42:00,13.7
NW,MANCHESTER,INSPECTION,ENG010,Paul Dawson,Gary Williams,W5600916,ME,R2,2026-05-23 09:40:00,2026-05-23 23:40:00,14:00:00,14.0
EA,BEDFORD,EMERGENCY,ENG023,Sharon King,Anne Foster,W5600917,IR,R2,2026-05-27 06:35:00,2026-05-27 17:17:00,10:42:00,10.7
SO,BASINGSTOKE,REPAIR,ENG052,Chris Lamb,Phil Russell,W5600918,ME,E1,2026-05-26 10:03:00,2026-05-26 22:03:00,12:00:00,12.0
NE,DURHAM,INSPECTION,ENG071,Alan Shaw,Bill Tyne,W5600919,MR,M2,2026-05-26 09:57:00,2026-05-27 01:21:00,15:24:00,15.4
WM,STOKE,EMERGENCY,ENG043,Diane Hunt,Tom Avery,W5600920,EM,E2,2026-05-22 09:25:00,2026-05-22 20:01:00,10:36:00,10.6
SO,BASINGSTOKE,ROUTINE,ENG052,Chris Lamb,Phil Russell,W5600921,IR,M2,2026-05-24 06:44:00,2026-05-24 10:14:00,03:30:00,3.5
NE,SUNDERLAND,REPAIR,ENG070,Janet Robb,Bill Tyne,W5600922,RO,R2,2026-05-22 08:37:00,2026-05-22 22:31:00,13:54:00,13.9
EA,PETERBOROUGH,INSPECTION,ENG023,Sharon King,Anne Foster,W5600923,IR,M2,2026-05-23 06:14:00,2026-05-23 14:20:00,08:06:00,8.1
SE,BRIGHTON,EMERGENCY,ENG032,Colin James,Pat Nolan,W5600924,MR,E2,2026-05-24 06:42:00,2026-05-24 19:24:00,12:42:00,12.7
EA,BEDFORD,REPAIR,ENG021,Rachel Davies,Mark Booker,W5600925,MR,E1,2026-05-21 08:53:00,2026-05-21 19:23:00,10:30:00,10.5
NT,MANSFIELD,ROUTINE,ENG062,Fred Archer,Sue Holt,W5600926,MR,R1,2026-05-26 08:34:00,2026-05-26 13:46:00,05:12:00,5.2
WM,BIRMINGHAM,INSPECTION,ENG040,Wayne Edwards,Mark Reygate,W5600927,MR,M1,2026-05-23 07:34:00,2026-05-23 16:40:00,09:06:00,9.1
SO,PORTSMOUTH,METERING,ENG051,Wendy Nash,Phil Russell,W5600928,IR,M1,2026-05-24 09:53:00,2026-05-24 20:29:00,10:36:00,10.6
NE,GATESHEAD,REPAIR,ENG072,Liz Cooke,Bill Tyne,W5600929,RO,M1,2026-05-22 07:25:00,2026-05-22 11:37:00,04:12:00,4.2
SC,DUNDEE,REPAIR,ENG002,Alistair Fraser,Steven Leckie,W5600930,RO,R1,2026-05-22 11:39:00,2026-05-23 02:27:00,14:48:00,14.8
SE,MAIDSTONE,METERING,ENG032,Colin James,Pat Nolan,W5600931,IR,R1,2026-05-25 09:16:00,2026-05-25 16:58:00,07:42:00,7.7
SE,HORSHAM,EMERGENCY,ENG031,Tracey McIntyre,Ray Ingram,W5600932,IR,M2,2026-05-23 10:50:00,2026-05-23 16:14:00,05:24:00,5.4
SE,EASTBOURNE,INSPECTION,ENG031,Tracey McIntyre,Ray Ingram,W5600933,IR,E1,2026-05-23 08:41:00,2026-05-23 12:59:00,04:18:00,4.3
NE,DURHAM,ROUTINE,ENG072,Liz Cooke,Bill Tyne,W5600934,MR,R1,2026-05-22 07:26:00,2026-05-22 18:20:00,10:54:00,10.9
NT,MANSFIELD,EMERGENCY,ENG062,Fred Archer,Sue Holt,W5600935,EM,R2,2026-05-25 06:19:00,2026-05-25 11:43:00,05:24:00,5.4
SC,DUNDEE,INSPECTION,ENG005,Fiona Cameron,Gordon Shaw,W5600936,RO,E2,2026-05-25 06:56:00,2026-05-25 15:38:00,08:41:59,8.7
SE,MAIDSTONE,ROUTINE,ENG031,Tracey McIntyre,Ray Ingram,W5600937,MR,E2,2026-05-23 09:14:00,2026-05-23 13:50:00,04:36:00,4.6
NW,BOLTON,METERING,ENG011,Karen Simmons,Gary Williams,W5600938,EM,M2,2026-05-26 08:37:00,2026-05-26 13:01:00,04:24:00,4.4
WM,DUDLEY,REPAIR,ENG043,Diane Hunt,Tom Avery,W5600939,EM,R1,2026-05-25 08:46:00,2026-05-25 14:58:00,06:12:00,6.2
SE,GUILDFORD,EMERGENCY,ENG033,Julie Price,Pat Nolan,W5600940,MR,E2,2026-05-21 06:38:00,2026-05-21 22:08:00,15:30:00,15.5
SE,BRIGHTON,ROUTINE,ENG031,Tracey McIntyre,Ray Ingram,W5600941,ME,E2,2026-05-23 09:41:00,2026-05-23 13:53:00,04:12:00,4.2
WM,WOLVERHAMPTON,ROUTINE,ENG040,Wayne Edwards,Mark Reygate,W5600942,RO,M2,2026-05-26 08:37:00,2026-05-26 16:43:00,08:06:00,8.1
EA,CAMBRIDGE,METERING,ENG021,Rachel Davies,Mark Booker,W5600943,MR,R1,2026-05-24 06:21:00,2026-05-24 21:57:00,15:36:00,15.6
SO,SALISBURY,ROUTINE,ENG052,Chris Lamb,Phil Russell,W5600944,IR,M2,2026-05-26 11:34:00,2026-05-27 02:34:00,15:00:00,15.0
SE,BRIGHTON,METERING,ENG032,Colin James,Pat Nolan,W5600945,RO,M2,2026-05-25 07:51:00,2026-05-25 19:03:00,11:12:00,11.2
NW,WARRINGTON,INSPECTION,ENG012,Brian Cook,Gary Williams,W5600946,RO,R2,2026-05-25 06:20:00,2026-05-25 20:26:00,14:06:00,14.1
NE,SUNDERLAND,ROUTINE,ENG072,Liz Cooke,Bill Tyne,W5600947,EM,E1,2026-05-27 09:40:00,2026-05-27 16:22:00,06:42:00,6.7
NE,MIDDLESBROUGH,ROUTINE,ENG070,Janet Robb,Bill Tyne,W5600948,ME,R1,2026-05-23 09:41:00,2026-05-23 23:29:00,13:48:00,13.8
NE,NEWCASTLE,EMERGENCY,ENG072,Liz Cooke,Bill Tyne,W5600949,EM,R2,2026-05-27 10:56:00,2026-05-27 20:26:00,09:30:00,9.5
NE,GATESHEAD,INSPECTION,ENG072,Liz Cooke,Bill Tyne,W5600950,MR,M2,2026-05-21 11:24:00,2026-05-22 00:24:00,13:00:00,13.0
SO,SALISBURY,ROUTINE,ENG052,Chris Lamb,Phil Russell,W5600951,IR,M1,2026-05-24 06:11:00,2026-05-24 21:41:00,15:30:00,15.5
SE,MAIDSTONE,ROUTINE,ENG031,Tracey McIntyre,Ray Ingram,W5600952,IR,M1,2026-05-21 11:28:00,2026-05-22 02:16:00,14:48:00,14.8
WM,BIRMINGHAM,EMERGENCY,ENG042,Steve Frost,Mark Reygate,W5600953,RO,R1,2026-05-26 11:57:00,2026-05-27 03:27:00,15:30:00,15.5
NT,LINCOLN,METERING,ENG060,Barry Noon,Sue Holt,W5600954,MR,M1,2026-05-26 06:04:00,2026-05-26 09:52:00,03:48:00,3.8
EA,LUTON,EMERGENCY,ENG021,Rachel Davies,Mark Booker,W5600955,ME,R2,2026-05-27 11:20:00,2026-05-27 13:20:00,02:00:00,2.0
NE,DURHAM,INSPECTION,ENG072,Liz Cooke,Bill Tyne,W5600956,IR,E1,2026-05-23 10:56:00,2026-05-23 22:14:00,11:18:00,11.3
WM,BIRMINGHAM,REPAIR,ENG040,Wayne Edwards,Mark Reygate,W5600957,MR,M1,2026-05-27 09:00:00,2026-05-27 17:06:00,08:06:00,8.1
SE,EASTBOURNE,ROUTINE,ENG033,Julie Price,Pat Nolan,W5600958,EM,M2,2026-05-24 08:22:00,2026-05-24 14:40:00,06:18:00,6.3
WM,WOLVERHAMPTON,ROUTINE,ENG043,Diane Hunt,Tom Avery,W5600959,EM,M2,2026-05-24 09:01:00,2026-05-24 22:07:00,13:06:00,13.1
NW,BLACKBURN,EMERGENCY,ENG011,Karen Simmons,Gary Williams,W5600960,EM,M2,2026-05-23 10:57:00,2026-05-24 01:51:00,14:54:00,14.9
NW,WARRINGTON,ROUTINE,ENG011,Karen Simmons,Gary Williams,W5600961,RO,R1,2026-05-27 08:11:00,2026-05-27 20:05:00,11:54:00,11.9
NT,LINCOLN,INSPECTION,ENG062,Fred Archer,Sue Holt,W5600962,MR,M2,2026-05-25 10:30:00,2026-05-25 17:30:00,07:00:00,7.0
SO,BASINGSTOKE,REPAIR,ENG050,Phil Hodgkins,Phil Russell,W5600963,MR,R1,2026-05-25 06:25:00,2026-05-25 15:13:00,08:48:00,8.8
NW,WARRINGTON,INSPECTION,ENG012,Brian Cook,Gary Williams,W5600964,IR,M1,2026-05-25 11:13:00,2026-05-25 22:01:00,10:48:00,10.8
NW,MANCHESTER,REPAIR,ENG014,Alan Sharp,Dave Clarke,W5600965,EM,R2,2026-05-27 06:25:00,2026-05-27 08:55:00,02:30:00,2.5
SO,PORTSMOUTH,METERING,ENG051,Wendy Nash,Phil Russell,W5600966,ME,R2,2026-05-24 11:32:00,2026-05-25 00:44:00,13:12:00,13.2
WM,STOKE,METERING,ENG040,Wayne Edwards,Mark Reygate,W5600967,EM,R2,2026-05-24 06:25:00,2026-05-24 21:43:00,15:18:00,15.3
NT,LINCOLN,INSPECTION,ENG061,Cathy Dean,Sue Holt,W5600968,MR,R2,2026-05-25 07:59:00,2026-05-25 13:41:00,05:42:00,5.7
NE,MIDDLESBROUGH,REPAIR,ENG070,Janet Robb,Bill Tyne,W5600969,MR,R2,2026-05-26 09:55:00,2026-05-26 19:13:00,09:18:00,9.3
WM,COVENTRY,METERING,ENG043,Diane Hunt,Tom Avery,W5600970,MR,R2,2026-05-21 07:21:00,2026-05-21 11:57:00,04:36:00,4.6
NW,MANCHESTER,REPAIR,ENG012,Brian Cook,Gary Williams,W5600971,EM,M2,2026-05-26 08:47:00,2026-05-26 11:35:00,02:48:00,2.8
NT,NOTTINGHAM,INSPECTION,ENG062,Fred Archer,Sue Holt,W5600972,ME,R2,2026-05-26 06:00:00,2026-05-26 13:42:00,07:42:00,7.7
NW,STOCKPORT,INSPECTION,ENG014,Alan Sharp,Dave Clarke,W5600973,EM,M2,2026-05-21 10:52:00,2026-05-22 02:22:00,15:30:00,15.5
WM,STOKE,EMERGENCY,ENG043,Diane Hunt,Tom Avery,W5600974,IR,M2,2026-05-24 07:13:00,2026-05-24 16:25:00,09:12:00,9.2
SE,HORSHAM,EMERGENCY,ENG031,Tracey McIntyre,Ray Ingram,W5600975,ME,R1,2026-05-25 06:42:00,2026-05-25 10:36:00,03:54:00,3.9
NW,LIVERPOOL,INSPECTION,ENG012,Brian Cook,Gary Williams,W5600976,EM,E2,2026-05-26 09:53:00,2026-05-27 00:35:00,14:42:00,14.7
NE,SUNDERLAND,METERING,ENG070,Janet Robb,Bill Tyne,W5600977,MR,E2,2026-05-24 11:19:00,2026-05-24 14:01:00,02:42:00,2.7
WM,DUDLEY,REPAIR,ENG040,Wayne Edwards,Mark Reygate,W5600978,EM,M2,2026-05-25 11:32:00,2026-05-25 20:08:00,08:36:00,8.6
SE,CROYDON,EMERGENCY,ENG030,Stuart Porter,Ray Ingram,W5600979,ME,M2,2026-05-27 06:05:00,2026-05-27 08:23:00,02:18:00,2.3
NE,SUNDERLAND,ROUTINE,ENG071,Alan Shaw,Bill Tyne,W5600980,IR,M2,2026-05-24 07:30:00,2026-05-24 15:24:00,07:54:00,7.9
SE,CROYDON,EMERGENCY,ENG031,Tracey McIntyre,Ray Ingram,W5600981,EM,R2,2026-05-23 10:01:00,2026-05-24 01:07:00,15:06:00,15.1
EA,NORWICH,METERING,ENG020,Mark Holloway,Mark Booker,W5600982,MR,R2,2026-05-26 07:06:00,2026-05-26 13:48:00,06:42:00,6.7
SE,CROYDON,METERING,ENG032,Colin James,Pat Nolan,W5600983,ME,M1,2026-05-21 08:39:00,2026-05-21 15:57:00,07:18:00,7.3
WM,STOKE,INSPECTION,ENG042,Steve Frost,Mark Reygate,W5600984,EM,R1,2026-05-26 07:06:00,2026-05-26 22:00:00,14:54:00,14.9
NE,GATESHEAD,INSPECTION,ENG072,Liz Cooke,Bill Tyne,W5600985,EM,M1,2026-05-25 07:38:00,2026-05-25 21:20:00,13:42:00,13.7
NW,BLACKBURN,METERING,ENG010,Paul Dawson,Gary Williams,W5600986,RO,R2,2026-05-26 07:06:00,2026-05-26 22:00:00,14:54:00,14.9
SE,MAIDSTONE,EMERGENCY,ENG032,Colin James,Pat Nolan,W5600987,IR,R2,2026-05-25 07:33:00,2026-05-25 09:33:00,02:00:00,2.0
NE,MIDDLESBROUGH,ROUTINE,ENG071,Alan Shaw,Bill Tyne,W5600988,MR,M1,2026-05-24 11:03:00,2026-05-25 01:57:00,14:54:00,14.9
WM,STOKE,ROUTINE,ENG043,Diane Hunt,Tom Avery,W5600989,ME,M1,2026-05-22 07:17:00,2026-05-22 12:11:00,04:54:00,4.9
NT,NOTTINGHAM,INSPECTION,ENG061,Cathy Dean,Sue Holt,W5600990,ME,M1,2026-05-25 10:59:00,2026-05-25 19:05:00,08:06:00,8.1
EA,IPSWICH,ROUTINE,ENG020,Mark Holloway,Mark Booker,W5600991,EM,M1,2026-05-23 09:55:00,2026-05-23 15:19:00,05:24:00,5.4
NE,SUNDERLAND,ROUTINE,ENG071,Alan Shaw,Bill Tyne,W5600992,MR,M2,2026-05-21 07:50:00,2026-05-21 21:32:00,13:42:00,13.7
WM,STOKE,EMERGENCY,ENG041,Una Cowling,Mark Reygate,W5600993,IR,R1,2026-05-27 09:55:00,2026-05-27 13:37:00,03:42:00,3.7
NE,GATESHEAD,ROUTINE,ENG072,Liz Cooke,Bill Tyne,W5600994,IR,R2,2026-05-27 06:19:00,2026-05-27 12:55:00,06:36:00,6.6
NE,DURHAM,ROUTINE,ENG072,Liz Cooke,Bill Tyne,W5600995,EM,R1,2026-05-22 08:41:00,2026-05-22 14:17:00,05:36:00,5.6
NW,WIGAN,METERING,ENG010,Paul Dawson,Gary Williams,W5600996,ME,E2,2026-05-27 10:14:00,2026-05-27 16:56:00,06:42:00,6.7
NT,LEICESTER,ROUTINE,ENG060,Barry Noon,Sue Holt,W5600997,IR,M1,2026-05-23 06:47:00,2026-05-23 09:11:00,02:24:00,2.4
NW,STOCKPORT,REPAIR,ENG010,Paul Dawson,Gary Williams,W5600998,MR,R1,2026-05-21 07:07:00,2026-05-21 20:01:00,12:54:00,12.9
NE,DURHAM,ROUTINE,ENG071,Alan Shaw,Bill Tyne,W5600999,EM,E1,2026-05-23 10:37:00,2026-05-23 12:43:00,02:06:00,2.1
SE,BRIGHTON,INSPECTION,ENG030,Stuart Porter,Ray Ingram,W5601000,RO,R1,2026-05-21 09:39:00,2026-05-21 16:39:00,07:00:00,7.0
SO,PORTSMOUTH,ROUTINE,ENG050,Phil Hodgkins,Phil Russell,W5601001,ME,R2,2026-05-24 09:31:00,2026-05-25 01:19:00,15:48:00,15.8
WM,WOLVERHAMPTON,METERING,ENG043,Diane Hunt,Tom Avery,W5601002,RO,M2,2026-05-22 07:43:00,2026-05-22 16:37:00,08:54:00,8.9
NW,STOCKPORT,EMERGENCY,ENG012,Brian Cook,Gary Williams,W5601003,ME,M1,2026-05-21 06:06:00,2026-05-21 11:48:00,05:42:00,5.7
NW,MANCHESTER,INSPECTION,ENG013,Helen Morris,Dave Clarke,W5601004,MR,M2,2026-05-26 11:45:00,2026-05-27 03:39:00,15:54:00,15.9
NW,WARRINGTON,REPAIR,ENG013,Helen Morris,Dave Clarke,W5601005,ME,M2,2026-05-27 08:27:00,2026-05-27 22:45:00,14:18:00,14.3
SC,GLASGOW,REPAIR,ENG002,Alistair Fraser,Steven Leckie,W5601006,IR,E2,2026-05-23 08:25:00,2026-05-23 15:25:00,07:00:00,7.0
WM,BIRMINGHAM,REPAIR,ENG040,Wayne Edwards,Mark Reygate,W5601007,MR,E2,2026-05-21 09:15:00,2026-05-21 15:21:00,06:06:00,6.1
SC,EDINBURGH,INSPECTION,ENG006,Kevin McAllister,Gordon Shaw,W5601008,MR,M2,2026-05-26 10:53:00,2026-05-26 18:53:00,08:00:00,8.0
SE,GUILDFORD,ROUTINE,ENG033,Julie Price,Pat Nolan,W5601009,IR,M2,2026-05-27 10:54:00,2026-05-27 15:06:00,04:12:00,4.2
SC,PERTH,REPAIR,ENG005,Fiona Cameron,Gordon Shaw,W5601010,ME,E2,2026-05-27 06:02:00,2026-05-27 09:02:00,03:00:00,3.0
NE,DURHAM,METERING,ENG071,Alan Shaw,Bill Tyne,W5601011,MR,R2,2026-05-26 11:18:00,2026-05-26 17:06:00,05:48:00,5.8
SE,MAIDSTONE,EMERGENCY,ENG033,Julie Price,Pat Nolan,W5601012,EM,R1,2026-05-23 08:00:00,2026-05-23 11:18:00,03:18:00,3.3
NE,NEWCASTLE,EMERGENCY,ENG071,Alan Shaw,Bill Tyne,W5601013,EM,E2,2026-05-26 08:09:00,2026-05-26 21:15:00,13:06:00,13.1
NW,MANCHESTER,METERING,ENG012,Brian Cook,Gary Williams,W5601014,EM,R1,2026-05-27 07:11:00,2026-05-27 14:17:00,07:06:00,7.1
NE,DURHAM,ROUTINE,ENG071,Alan Shaw,Bill Tyne,W5601015,IR,R1,2026-05-23 08:08:00,2026-05-23 15:14:00,07:06:00,7.1
SO,SALISBURY,INSPECTION,ENG050,Phil Hodgkins,Phil Russell,W5601016,ME,R2,2026-05-24 06:29:00,2026-05-24 10:17:00,03:48:00,3.8
NT,LINCOLN,METERING,ENG060,Barry Noon,Sue Holt,W5601017,RO,M1,2026-05-24 06:22:00,2026-05-24 18:22:00,12:00:00,12.0
SC,ABERDEEN,METERING,ENG005,Fiona Cameron,Gordon Shaw,W5601018,EM,M2,2026-05-21 11:30:00,2026-05-21 14:24:00,02:54:00,2.9
WM,BIRMINGHAM,REPAIR,ENG043,Diane Hunt,Tom Avery,W5601019,RO,M1,2026-05-22 07:24:00,2026-05-22 11:30:00,04:05:59,4.1
NE,MIDDLESBROUGH,REPAIR,ENG071,Alan Shaw,Bill Tyne,W5601020,IR,R2,2026-05-21 10:56:00,2026-05-22 00:20:00,13:24:00,13.4
NE,SUNDERLAND,METERING,ENG072,Liz Cooke,Bill Tyne,W5601021,RO,R2,2026-05-27 09:32:00,2026-05-28 00:02:00,14:30:00,14.5
NW,MANCHESTER,METERING,ENG012,Brian Cook,Gary Williams,W5601022,MR,M2,2026-05-26 09:01:00,2026-05-26 20:49:00,11:48:00,11.8
NW,STOCKPORT,EMERGENCY,ENG011,Karen Simmons,Gary Williams,W5601023,IR,E1,2026-05-23 11:58:00,2026-05-23 16:16:00,04:18:00,4.3
SC,PERTH,METERING,ENG001,John MacDonald,Steven Leckie,W5601024,IR,E2,2026-05-22 06:08:00,2026-05-22 12:02:00,05:54:00,5.9
SE,EASTBOURNE,EMERGENCY,ENG032,Colin James,Pat Nolan,W5601025,IR,R1,2026-05-25 08:47:00,2026-05-25 16:59:00,08:11:59,8.2
NT,DERBY,ROUTINE,ENG062,Fred Archer,Sue Holt,W5601026,EM,R2,2026-05-25 08:22:00,2026-05-25 19:52:00,11:30:00,11.5
SC,INVERNESS,ROUTINE,ENG001,John MacDonald,Steven Leckie,W5601027,MR,M1,2026-05-23 07:27:00,2026-05-23 16:09:00,08:41:59,8.7
SO,PORTSMOUTH,EMERGENCY,ENG050,Phil Hodgkins,Phil Russell,W5601028,EM,R2,2026-05-25 06:58:00,2026-05-25 11:28:00,04:30:00,4.5
WM,DUDLEY,INSPECTION,ENG041,Una Cowling,Mark Reygate,W5601029,RO,M2,2026-05-25 08:34:00,2026-05-25 17:22:00,08:48:00,8.8
SO,SOUTHAMPTON,INSPECTION,ENG050,Phil Hodgkins,Phil Russell,W5601030,ME,R2,2026-05-21 09:00:00,2026-05-21 23:36:00,14:36:00,14.6
NT,LINCOLN,REPAIR,ENG060,Barry Noon,Sue Holt,W5601031,EM,M1,2026-05-26 10:13:00,2026-05-26 17:49:00,07:36:00,7.6
NE,MIDDLESBROUGH,INSPECTION,ENG070,Janet Robb,Bill Tyne,W5601032,RO,M2,2026-05-23 07:23:00,2026-05-23 10:23:00,03:00:00,3.0
SO,BOURNEMOUTH,ROUTINE,ENG051,Wendy Nash,Phil Russell,W5601033,IR,M2,2026-05-27 08:23:00,2026-05-27 15:05:00,06:42:00,6.7
SO,SOUTHAMPTON,METERING,ENG051,Wendy Nash,Phil Russell,W5601034,ME,M1,2026-05-22 07:10:00,2026-05-22 14:22:00,07:12:00,7.2
SC,EDINBURGH,METERING,ENG001,John MacDonald,Steven Leckie,W5601035,ME,E1,2026-05-27 07:21:00,2026-05-27 20:51:00,13:30:00,13.5
NE,GATESHEAD,EMERGENCY,ENG070,Janet Robb,Bill Tyne,W5601036,IR,M2,2026-05-27 09:18:00,2026-05-27 16:00:00,06:42:00,6.7
SC,INVERNESS,EMERGENCY,ENG001,John MacDonald,Steven Leckie,W5601037,ME,M1,2026-05-27 09:22:00,2026-05-27 12:10:00,02:48:00,2.8
SO,BASINGSTOKE,INSPECTION,ENG051,Wendy Nash,Phil Russell,W5601038,ME,R1,2026-05-23 07:15:00,2026-05-23 13:39:00,06:24:00,6.4
SC,DUNDEE,REPAIR,ENG004,Douglas Reid,Graham Loan,W5601039,ME,M1,2026-05-22 07:52:00,2026-05-22 15:28:00,07:36:00,7.6
NE,MIDDLESBROUGH,INSPECTION,ENG072,Liz Cooke,Bill Tyne,W5601040,IR,M1,2026-05-25 07:15:00,2026-05-25 18:03:00,10:48:00,10.8
NW,LIVERPOOL,REPAIR,ENG010,Paul Dawson,Gary Williams,W5601041,IR,M1,2026-05-27 07:10:00,2026-05-27 17:22:00,10:12:00,10.2
EA,NORWICH,REPAIR,ENG022,Peter Wong,Mark Booker,W5601042,MR,M2,2026-05-26 07:51:00,2026-05-26 22:15:00,14:24:00,14.4
NT,LINCOLN,REPAIR,ENG060,Barry Noon,Sue Holt,W5601043,MR,R1,2026-05-23 10:16:00,2026-05-23 15:40:00,05:24:00,5.4
SO,BASINGSTOKE,INSPECTION,ENG051,Wendy Nash,Phil Russell,W5601044,MR,E2,2026-05-23 11:10:00,2026-05-24 00:34:00,13:24:00,13.4
SC,GLASGOW,EMERGENCY,ENG003,Catriona Stewart,Graham Loan,W5601045,RO,R2,2026-05-23 09:23:00,2026-05-23 18:47:00,09:24:00,9.4
SC,INVERNESS,METERING,ENG001,John MacDonald,Steven Leckie,W5601046,MR,M1,2026-05-25 06:34:00,2026-05-25 14:22:00,07:48:00,7.8
NE,MIDDLESBROUGH,INSPECTION,ENG072,Liz Cooke,Bill Tyne,W5601047,ME,E1,2026-05-26 08:40:00,2026-05-26 17:58:00,09:18:00,9.3
SO,PORTSMOUTH,REPAIR,ENG052,Chris Lamb,Phil Russell,W5601048,ME,E2,2026-05-24 07:55:00,2026-05-24 16:43:00,08:48:00,8.8
SO,SALISBURY,REPAIR,ENG051,Wendy Nash,Phil Russell,W5601049,RO,M2,2026-05-24 07:48:00,2026-05-24 17:06:00,09:18:00,9.3
SE,MAIDSTONE,METERING,ENG032,Colin James,Pat Nolan,W5601050,MR,E1,2026-05-23 11:24:00,2026-05-23 22:24:00,11:00:00,11.0
SE,CROYDON,INSPECTION,ENG031,Tracey McIntyre,Ray Ingram,W5601051,MR,M1,2026-05-25 11:02:00,2026-05-25 16:26:00,05:24:00,5.4
EA,NORWICH,REPAIR,ENG020,Mark Holloway,Mark Booker,W5601052,RO,E2,2026-05-25 06:27:00,2026-05-25 12:03:00,05:36:00,5.6
SO,SALISBURY,ROUTINE,ENG051,Wendy Nash,Phil Russell,W5601053,MR,R1,2026-05-21 07:55:00,2026-05-21 11:55:00,04:00:00,4.0
NE,DURHAM,INSPECTION,ENG071,Alan Shaw,Bill Tyne,W5601054,RO,M2,2026-05-22 07:28:00,2026-05-22 12:16:00,04:48:00,4.8
SE,HORSHAM,EMERGENCY,ENG031,Tracey McIntyre,Ray Ingram,W5601055,ME,R2,2026-05-24 08:28:00,2026-05-24 11:22:00,02:54:00,2.9
WM,COVENTRY,ROUTINE,ENG041,Una Cowling,Mark Reygate,W5601056,IR,M2,2026-05-25 07:12:00,2026-05-25 20:42:00,13:30:00,13.5
NW,WIGAN,EMERGENCY,ENG010,Paul Dawson,Gary Williams,W5601057,EM,E2,2026-05-26 06:12:00,2026-05-26 12:06:00,05:54:00,5.9
NT,LEICESTER,REPAIR,ENG061,Cathy Dean,Sue Holt,W5601058,RO,M2,2026-05-21 10:55:00,2026-05-22 00:19:00,13:24:00,13.4
EA,LUTON,INSPECTION,ENG021,Rachel Davies,Mark Booker,W5601059,EM,R1,2026-05-24 06:09:00,2026-05-24 16:45:00,10:36:00,10.6
EA,PETERBOROUGH,METERING,ENG022,Peter Wong,Mark Booker,W5601060,EM,E1,2026-05-25 11:27:00,2026-05-25 19:21:00,07:54:00,7.9
EA,CAMBRIDGE,REPAIR,ENG022,Peter Wong,Mark Booker,W5601061,EM,M1,2026-05-26 09:02:00,2026-05-26 11:14:00,02:12:00,2.2
SC,DUNDEE,ROUTINE,ENG002,Alistair Fraser,Steven Leckie,W5601062,IR,M1,2026-05-25 11:50:00,2026-05-25 16:14:00,04:24:00,4.4
SE,EASTBOURNE,EMERGENCY,ENG033,Julie Price,Pat Nolan,W5601063,ME,E2,2026-05-22 07:50:00,2026-05-22 17:08:00,09:18:00,9.3
SO,SALISBURY,EMERGENCY,ENG050,Phil Hodgkins,Phil Russell,W5601064,ME,E1,2026-05-27 11:11:00,2026-05-27 21:11:00,10:00:00,10.0
WM,WALSALL,INSPECTION,ENG041,Una Cowling,Mark Reygate,W5601065,RO,E1,2026-05-25 07:25:00,2026-05-25 17:49:00,10:24:00,10.4
NT,LINCOLN,EMERGENCY,ENG060,Barry Noon,Sue Holt,W5601066,ME,E1,2026-05-25 08:11:00,2026-05-25 11:35:00,03:24:00,3.4
SE,BRIGHTON,EMERGENCY,ENG032,Colin James,Pat Nolan,W5601067,IR,E2,2026-05-25 11:53:00,2026-05-25 20:29:00,08:36:00,8.6
EA,CAMBRIDGE,INSPECTION,ENG021,Rachel Davies,Mark Booker,W5601068,RO,E1,2026-05-23 07:55:00,2026-05-23 15:49:00,07:54:00,7.9
EA,LUTON,INSPECTION,ENG022,Peter Wong,Mark Booker,W5601069,EM,M2,2026-05-26 08:06:00,2026-05-26 11:06:00,03:00:00,3.0
NE,SUNDERLAND,ROUTINE,ENG071,Alan Shaw,Bill Tyne,W5601070,RO,R1,2026-05-21 08:01:00,2026-05-21 10:31:00,02:30:00,2.5
SC,GLASGOW,INSPECTION,ENG001,John MacDonald,Steven Leckie,W5601071,EM,R1,2026-05-21 06:46:00,2026-05-21 19:34:00,12:48:00,12.8
SE,BRIGHTON,INSPECTION,ENG032,Colin James,Pat Nolan,W5601072,RO,M1,2026-05-26 08:58:00,2026-05-26 22:28:00,13:30:00,13.5
NE,GATESHEAD,REPAIR,ENG072,Liz Cooke,Bill Tyne,W5601073,RO,M2,2026-05-27 06:21:00,2026-05-27 13:27:00,07:06:00,7.1
SE,BRIGHTON,EMERGENCY,ENG033,Julie Price,Pat Nolan,W5601074,ME,M2,2026-05-26 09:56:00,2026-05-26 18:56:00,09:00:00,9.0
NT,LEICESTER,ROUTINE,ENG060,Barry Noon,Sue Holt,W5601075,IR,M1,2026-05-27 09:43:00,2026-05-27 17:31:00,07:48:00,7.8
SO,PORTSMOUTH,EMERGENCY,ENG051,Wendy Nash,Phil Russell,W5601076,IR,M2,2026-05-21 08:32:00,2026-05-21 21:44:00,13:12:00,13.2
NW,WIGAN,INSPECTION,ENG011,Karen Simmons,Gary Williams,W5601077,MR,R1,2026-05-21 10:52:00,2026-05-21 15:58:00,05:06:00,5.1
EA,IPSWICH,INSPECTION,ENG023,Sharon King,Anne Foster,W5601078,IR,R2,2026-05-23 10:43:00,2026-05-24 02:25:00,15:42:00,15.7
NT,NOTTINGHAM,METERING,ENG062,Fred Archer,Sue Holt,W5601079,EM,M1,2026-05-26 06:22:00,2026-05-26 09:04:00,02:42:00,2.7
SO,SALISBURY,ROUTINE,ENG052,Chris Lamb,Phil Russell,W5601080,ME,M2,2026-05-23 07:00:00,2026-05-23 20:48:00,13:48:00,13.8
SC,EDINBURGH,EMERGENCY,ENG003,Catriona Stewart,Graham Loan,W5601081,EM,E1,2026-05-21 10:04:00,2026-05-22 00:46:00,14:42:00,14.7
NE,GATESHEAD,EMERGENCY,ENG071,Alan Shaw,Bill Tyne,W5601082,MR,M1,2026-05-24 08:30:00,2026-05-24 10:30:00,02:00:00,2.0
NW,LIVERPOOL,EMERGENCY,ENG014,Alan Sharp,Dave Clarke,W5601083,RO,R1,2026-05-23 08:11:00,2026-05-23 22:59:00,14:48:00,14.8
NE,DURHAM,REPAIR,ENG072,Liz Cooke,Bill Tyne,W5601084,IR,E2,2026-05-27 06:32:00,2026-05-27 22:02:00,15:30:00,15.5
NT,NOTTINGHAM,ROUTINE,ENG061,Cathy Dean,Sue Holt,W5601085,MR,R2,2026-05-22 11:08:00,2026-05-22 23:32:00,12:24:00,12.4
EA,IPSWICH,ROUTINE,ENG020,Mark Holloway,Mark Booker,W5601086,MR,R2,2026-05-21 07:44:00,2026-05-21 10:38:00,02:54:00,2.9
SO,SALISBURY,METERING,ENG051,Wendy Nash,Phil Russell,W5601087,IR,E1,2026-05-22 11:13:00,2026-05-22 21:55:00,10:42:00,10.7
EA,IPSWICH,REPAIR,ENG022,Peter Wong,Mark Booker,W5601088,ME,E2,2026-05-26 10:37:00,2026-05-26 20:25:00,09:48:00,9.8
NW,LIVERPOOL,REPAIR,ENG011,Karen Simmons,Gary Williams,W5601089,RO,E2,2026-05-24 08:08:00,2026-05-24 21:32:00,13:24:00,13.4
NW,STOCKPORT,ROUTINE,ENG010,Paul Dawson,Gary Williams,W5601090,IR,E2,2026-05-27 08:29:00,2026-05-27 14:59:00,06:30:00,6.5
SE,BRIGHTON,METERING,ENG033,Julie Price,Pat Nolan,W5601091,EM,E1,2026-05-25 07:40:00,2026-05-25 14:16:00,06:36:00,6.6
SE,EASTBOURNE,REPAIR,ENG031,Tracey McIntyre,Ray Ingram,W5601092,EM,E2,2026-05-22 11:31:00,2026-05-22 18:07:00,06:36:00,6.6
NT,NOTTINGHAM,EMERGENCY,ENG060,Barry Noon,Sue Holt,W5601093,RO,M2,2026-05-24 10:34:00,2026-05-24 19:58:00,09:24:00,9.4
WM,WOLVERHAMPTON,ROUTINE,ENG042,Steve Frost,Mark Reygate,W5601094,IR,R1,2026-05-25 06:51:00,2026-05-25 13:39:00,06:48:00,6.8
NE,GATESHEAD,METERING,ENG072,Liz Cooke,Bill Tyne,W5601095,RO,M2,2026-05-25 06:38:00,2026-05-25 11:14:00,04:36:00,4.6
EA,LUTON,ROUTINE,ENG023,Sharon King,Anne Foster,W5601096,EM,E1,2026-05-25 07:12:00,2026-05-25 12:30:00,05:18:00,5.3
SE,EASTBOURNE,ROUTINE,ENG033,Julie Price,Pat Nolan,W5601097,ME,R1,2026-05-24 10:20:00,2026-05-24 18:26:00,08:06:00,8.1
SE,MAIDSTONE,ROUTINE,ENG033,Julie Price,Pat Nolan,W5601098,RO,E2,2026-05-22 07:47:00,2026-05-22 20:53:00,13:06:00,13.1
WM,WOLVERHAMPTON,EMERGENCY,ENG041,Una Cowling,Mark Reygate,W5601099,RO,E2,2026-05-24 07:25:00,2026-05-24 21:01:00,13:36:00,13.6
NT,LINCOLN,REPAIR,ENG060,Barry Noon,Sue Holt,W5601100,MR,R2,2026-05-25 06:15:00,2026-05-25 21:09:00,14:54:00,14.9
NE,NEWCASTLE,METERING,ENG071,Alan Shaw,Bill Tyne,W5601101,EM,M1,2026-05-21 07:51:00,2026-05-21 13:27:00,05:36:00,5.6
NW,WIGAN,REPAIR,ENG012,Brian Cook,Gary Williams,W5601102,MR,M2,2026-05-21 11:55:00,2026-05-21 15:31:00,03:36:00,3.6
WM,WOLVERHAMPTON,INSPECTION,ENG041,Una Cowling,Mark Reygate,W5601103,EM,E1,2026-05-22 07:32:00,2026-05-22 22:50:00,15:18:00,15.3
SE,HORSHAM,REPAIR,ENG030,Stuart Porter,Ray Ingram,W5601104,IR,E2,2026-05-23 06:35:00,2026-05-23 19:53:00,13:18:00,13.3
NW,WARRINGTON,ROUTINE,ENG011,Karen Simmons,Gary Williams,W5601105,IR,R2,2026-05-25 11:21:00,2026-05-25 14:15:00,02:54:00,2.9
WM,DUDLEY,METERING,ENG042,Steve Frost,Mark Reygate,W5601106,IR,R2,2026-05-26 10:54:00,2026-05-27 00:42:00,13:48:00,13.8
NW,MANCHESTER,REPAIR,ENG010,Paul Dawson,Gary Williams,W5601107,IR,R1,2026-05-22 09:19:00,2026-05-22 14:31:00,05:12:00,5.2
WM,WALSALL,EMERGENCY,ENG041,Una Cowling,Mark Reygate,W5601108,ME,R2,2026-05-23 06:07:00,2026-05-23 15:13:00,09:06:00,9.1
WM,WALSALL,METERING,ENG042,Steve Frost,Mark Reygate,W5601109,RO,M2,2026-05-27 09:24:00,2026-05-27 20:12:00,10:48:00,10.8
WM,WOLVERHAMPTON,INSPECTION,ENG041,Una Cowling,Mark Reygate,W5601110,MR,R2,2026-05-23 08:41:00,2026-05-23 11:17:00,02:36:00,2.6
NT,NOTTINGHAM,REPAIR,ENG060,Barry Noon,Sue Holt,W5601111,RO,R1,2026-05-22 09:05:00,2026-05-22 16:17:00,07:12:00,7.2
NW,STOCKPORT,EMERGENCY,ENG011,Karen Simmons,Gary Williams,W5601112,ME,M1,2026-05-27 06:10:00,2026-05-27 20:34:00,14:24:00,14.4
WM,WOLVERHAMPTON,METERING,ENG040,Wayne Edwards,Mark Reygate,W5601113,ME,M2,2026-05-21 08:06:00,2026-05-21 15:30:00,07:24:00,7.4
WM,WOLVERHAMPTON,INSPECTION,ENG042,Steve Frost,Mark Reygate,W5601114,RO,M2,2026-05-24 08:11:00,2026-05-24 19:35:00,11:24:00,11.4
NE,GATESHEAD,ROUTINE,ENG072,Liz Cooke,Bill Tyne,W5601115,RO,E1,2026-05-22 11:26:00,2026-05-22 19:20:00,07:54:00,7.9
SC,EDINBURGH,REPAIR,ENG006,Kevin McAllister,Gordon Shaw,W5601116,EM,M1,2026-05-23 08:03:00,2026-05-23 20:15:00,12:12:00,12.2
NT,MANSFIELD,EMERGENCY,ENG062,Fred Archer,Sue Holt,W5601117,RO,M2,2026-05-24 06:39:00,2026-05-24 22:39:00,16:00:00,16.0
SC,PAISLEY,METERING,ENG001,John MacDonald,Steven Leckie,W5601118,ME,E2,2026-05-27 10:52:00,2026-05-28 01:22:00,14:30:00,14.5
SO,PORTSMOUTH,METERING,ENG050,Phil Hodgkins,Phil Russell,W5601119,EM,R2,2026-05-21 11:16:00,2026-05-21 13:34:00,02:18:00,2.3
SE,CROYDON,REPAIR,ENG033,Julie Price,Pat Nolan,W5601120,MR,M1,2026-05-27 08:21:00,2026-05-27 20:51:00,12:30:00,12.5
SO,BOURNEMOUTH,REPAIR,ENG052,Chris Lamb,Phil Russell,W5601121,MR,E2,2026-05-25 09:36:00,2026-05-25 16:24:00,06:48:00,6.8
NT,LEICESTER,ROUTINE,ENG060,Barry Noon,Sue Holt,W5601122,RO,E2,2026-05-22 08:57:00,2026-05-22 11:03:00,02:06:00,2.1
NE,MIDDLESBROUGH,REPAIR,ENG071,Alan Shaw,Bill Tyne,W5601123,RO,M2,2026-05-25 09:49:00,2026-05-25 15:19:00,05:30:00,5.5
WM,STOKE,EMERGENCY,ENG040,Wayne Edwards,Mark Reygate,W5601124,IR,M2,2026-05-21 07:56:00,2026-05-21 15:44:00,07:48:00,7.8
SE,EASTBOURNE,REPAIR,ENG031,Tracey McIntyre,Ray Ingram,W5601125,EM,E1,2026-05-22 06:42:00,2026-05-22 09:18:00,02:36:00,2.6
WM,DUDLEY,INSPECTION,ENG042,Steve Frost,Mark Reygate,W5601126,MR,M2,2026-05-25 09:56:00,2026-05-25 20:44:00,10:48:00,10.8
SC,ABERDEEN,ROUTINE,ENG001,John MacDonald,Steven Leckie,W5601127,EM,R1,2026-05-24 09:57:00,2026-05-24 18:39:00,08:41:59,8.7
EA,PETERBOROUGH,METERING,ENG022,Peter Wong,Mark Booker,W5601128,IR,M2,2026-05-23 10:51:00,2026-05-24 00:33:00,13:42:00,13.7
SE,HORSHAM,REPAIR,ENG032,Colin James,Pat Nolan,W5601129,RO,E2,2026-05-27 06:07:00,2026-05-27 12:07:00,06:00:00,6.0
SC,EDINBURGH,EMERGENCY,ENG002,Alistair Fraser,Steven Leckie,W5601130,IR,R2,2026-05-21 10:35:00,2026-05-21 21:29:00,10:54:00,10.9
SO,PORTSMOUTH,INSPECTION,ENG051,Wendy Nash,Phil Russell,W5601131,ME,M2,2026-05-23 07:13:00,2026-05-23 16:43:00,09:30:00,9.5
NW,MANCHESTER,ROUTINE,ENG011,Karen Simmons,Gary Williams,W5601132,ME,R2,2026-05-23 06:14:00,2026-05-23 18:08:00,11:54:00,11.9
SE,MAIDSTONE,EMERGENCY,ENG030,Stuart Porter,Ray Ingram,W5601133,ME,R2,2026-05-27 10:13:00,2026-05-27 15:37:00,05:24:00,5.4
SC,EDINBURGH,REPAIR,ENG003,Catriona Stewart,Graham Loan,W5601134,EM,E1,2026-05-25 11:34:00,2026-05-25 19:46:00,08:11:59,8.2
EA,PETERBOROUGH,ROUTINE,ENG023,Sharon King,Anne Foster,W5601135,IR,R1,2026-05-26 11:36:00,2026-05-27 00:06:00,12:30:00,12.5
SE,BRIGHTON,METERING,ENG033,Julie Price,Pat Nolan,W5601136,IR,E2,2026-05-22 08:30:00,2026-05-22 17:12:00,08:41:59,8.7
NE,GATESHEAD,REPAIR,ENG070,Janet Robb,Bill Tyne,W5601137,ME,E1,2026-05-21 10:09:00,2026-05-21 12:45:00,02:36:00,2.6
NT,NOTTINGHAM,INSPECTION,ENG061,Cathy Dean,Sue Holt,W5601138,RO,M2,2026-05-26 07:21:00,2026-05-26 19:21:00,12:00:00,12.0
EA,IPSWICH,REPAIR,ENG023,Sharon King,Anne Foster,W5601139,EM,E2,2026-05-23 06:34:00,2026-05-23 09:10:00,02:36:00,2.6
SO,SOUTHAMPTON,EMERGENCY,ENG052,Chris Lamb,Phil Russell,W5601140,EM,E1,2026-05-23 06:18:00,2026-05-23 13:06:00,06:48:00,6.8
NE,NEWCASTLE,ROUTINE,ENG070,Janet Robb,Bill Tyne,W5601141,RO,E2,2026-05-25 06:34:00,2026-05-25 20:46:00,14:12:00,14.2
SE,EASTBOURNE,INSPECTION,ENG032,Colin James,Pat Nolan,W5601142,MR,E1,2026-05-23 11:20:00,2026-05-23 17:26:00,06:06:00,6.1
WM,BIRMINGHAM,EMERGENCY,ENG040,Wayne Edwards,Mark Reygate,W5601143,ME,M1,2026-05-26 11:45:00,2026-05-26 17:51:00,06:06:00,6.1
SC,PAISLEY,EMERGENCY,ENG001,John MacDonald,Steven Leckie,W5601144,RO,M1,2026-05-23 07:06:00,2026-05-23 15:06:00,08:00:00,8.0
SO,PORTSMOUTH,INSPECTION,ENG051,Wendy Nash,Phil Russell,W5601145,MR,R1,2026-05-24 11:31:00,2026-05-24 14:43:00,03:12:00,3.2
SO,SOUTHAMPTON,EMERGENCY,ENG052,Chris Lamb,Phil Russell,W5601146,IR,E2,2026-05-27 09:15:00,2026-05-27 21:51:00,12:36:00,12.6
SE,MAIDSTONE,INSPECTION,ENG032,Colin James,Pat Nolan,W5601147,IR,E1,2026-05-22 09:58:00,2026-05-22 18:58:00,09:00:00,9.0
WM,WALSALL,INSPECTION,ENG041,Una Cowling,Mark Reygate,W5601148,IR,R2,2026-05-25 07:59:00,2026-05-25 11:11:00,03:12:00,3.2
NE,DURHAM,INSPECTION,ENG071,Alan Shaw,Bill Tyne,W5601149,EM,E2,2026-05-25 09:55:00,2026-05-26 01:31:00,15:36:00,15.6
EA,IPSWICH,METERING,ENG022,Peter Wong,Mark Booker,W5601150,ME,E2,2026-05-27 11:33:00,2026-05-27 21:45:00,10:12:00,10.2
NT,LEICESTER,REPAIR,ENG060,Barry Noon,Sue Holt,W5601151,ME,R1,2026-05-22 07:37:00,2026-05-22 22:01:00,14:24:00,14.4
WM,DUDLEY,INSPECTION,ENG043,Diane Hunt,Tom Avery,W5601152,IR,M1,2026-05-25 09:18:00,2026-05-25 16:42:00,07:24:00,7.4
WM,BIRMINGHAM,INSPECTION,ENG042,Steve Frost,Mark Reygate,W5601153,EM,E2,2026-05-22 09:48:00,2026-05-22 14:00:00,04:12:00,4.2
NT,NOTTINGHAM,ROUTINE,ENG061,Cathy Dean,Sue Holt,W5601154,ME,E1,2026-05-27 10:42:00,2026-05-27 15:12:00,04:30:00,4.5
SC,INVERNESS,ROUTINE,ENG003,Catriona Stewart,Graham Loan,W5601155,MR,E2,2026-05-23 07:26:00,2026-05-23 19:38:00,12:12:00,12.2
NT,MANSFIELD,ROUTINE,ENG062,Fred Archer,Sue Holt,W5601156,RO,E1,2026-05-26 07:41:00,2026-05-26 23:29:00,15:48:00,15.8
NW,WARRINGTON,EMERGENCY,ENG013,Helen Morris,Dave Clarke,W5601157,MR,E2,2026-05-23 09:05:00,2026-05-23 12:47:00,03:42:00,3.7
NE,DURHAM,EMERGENCY,ENG071,Alan Shaw,Bill Tyne,W5601158,ME,E1,2026-05-27 08:22:00,2026-05-27 20:46:00,12:24:00,12.4
SO,SALISBURY,INSPECTION,ENG052,Chris Lamb,Phil Russell,W5601159,ME,R2,2026-05-24 08:50:00,2026-05-24 19:08:00,10:18:00,10.3
NE,SUNDERLAND,METERING,ENG072,Liz Cooke,Bill Tyne,W5601160,EM,R1,2026-05-22 06:57:00,2026-05-22 15:27:00,08:30:00,8.5
NE,SUNDERLAND,METERING,ENG070,Janet Robb,Bill Tyne,W5601161,ME,E2,2026-05-23 08:25:00,2026-05-23 11:19:00,02:54:00,2.9
NE,DURHAM,EMERGENCY,ENG071,Alan Shaw,Bill Tyne,W5601162,RO,E1,2026-05-21 08:33:00,2026-05-21 20:39:00,12:06:00,12.1
WM,WALSALL,EMERGENCY,ENG041,Una Cowling,Mark Reygate,W5601163,RO,R2,2026-05-27 11:59:00,2026-05-28 02:05:00,14:06:00,14.1
WM,STOKE,EMERGENCY,ENG042,Steve Frost,Mark Reygate,W5601164,MR,M2,2026-05-26 08:17:00,2026-05-26 18:41:00,10:24:00,10.4
EA,BEDFORD,EMERGENCY,ENG020,Mark Holloway,Mark Booker,W5601165,EM,E2,2026-05-27 06:28:00,2026-05-27 16:46:00,10:18:00,10.3
NW,LIVERPOOL,EMERGENCY,ENG013,Helen Morris,Dave Clarke,W5601166,RO,M2,2026-05-22 07:38:00,2026-05-22 13:14:00,05:36:00,5.6
WM,WALSALL,ROUTINE,ENG041,Una Cowling,Mark Reygate,W5601167,MR,R1,2026-05-21 11:49:00,2026-05-21 20:07:00,08:18:00,8.3
NE,MIDDLESBROUGH,ROUTINE,ENG072,Liz Cooke,Bill Tyne,W5601168,ME,E2,2026-05-23 10:15:00,2026-05-23 18:09:00,07:54:00,7.9
NE,MIDDLESBROUGH,ROUTINE,ENG071,Alan Shaw,Bill Tyne,W5601169,MR,R1,2026-05-21 11:11:00,2026-05-21 19:59:00,08:48:00,8.8
NT,DERBY,REPAIR,ENG062,Fred Archer,Sue Holt,W5601170,MR,M2,2026-05-26 11:34:00,2026-05-26 23:22:00,11:48:00,11.8
SE,BRIGHTON,INSPECTION,ENG031,Tracey McIntyre,Ray Ingram,W5601171,ME,M1,2026-05-25 10:10:00,2026-05-25 18:16:00,08:06:00,8.1
EA,IPSWICH,REPAIR,ENG021,Rachel Davies,Mark Booker,W5601172,ME,E1,2026-05-22 06:30:00,2026-05-22 19:12:00,12:42:00,12.7
NT,LINCOLN,METERING,ENG062,Fred Archer,Sue Holt,W5601173,MR,R1,2026-05-27 07:07:00,2026-05-27 11:55:00,04:48:00,4.8
SC,DUNDEE,INSPECTION,ENG004,Douglas Reid,Graham Loan,W5601174,MR,M1,2026-05-26 11:45:00,2026-05-26 15:39:00,03:54:00,3.9
EA,PETERBOROUGH,INSPECTION,ENG020,Mark Holloway,Mark Booker,W5601175,EM,M1,2026-05-25 09:39:00,2026-05-25 15:21:00,05:42:00,5.7
SO,BOURNEMOUTH,INSPECTION,ENG051,Wendy Nash,Phil Russell,W5601176,RO,M2,2026-05-23 11:21:00,2026-05-23 22:21:00,11:00:00,11.0
WM,WALSALL,EMERGENCY,ENG040,Wayne Edwards,Mark Reygate,W5601177,RO,R1,2026-05-23 06:35:00,2026-05-23 14:23:00,07:48:00,7.8
NE,DURHAM,REPAIR,ENG072,Liz Cooke,Bill Tyne,W5601178,RO,M1,2026-05-24 07:40:00,2026-05-24 23:22:00,15:42:00,15.7
SO,SOUTHAMPTON,EMERGENCY,ENG051,Wendy Nash,Phil Russell,W5601179,MR,M1,2026-05-23 11:39:00,2026-05-23 19:39:00,08:00:00,8.0
NT,NOTTINGHAM,METERING,ENG062,Fred Archer,Sue Holt,W5601180,MR,M1,2026-05-25 06:24:00,2026-05-25 09:48:00,03:24:00,3.4
NE,DURHAM,METERING,ENG071,Alan Shaw,Bill Tyne,W5601181,RO,E2,2026-05-24 09:51:00,2026-05-24 21:27:00,11:36:00,11.6
NE,DURHAM,EMERGENCY,ENG071,Alan Shaw,Bill Tyne,W5601182,RO,M2,2026-05-26 08:08:00,2026-05-26 23:32:00,15:24:00,15.4
NW,LIVERPOOL,INSPECTION,ENG013,Helen Morris,Dave Clarke,W5601183,ME,M2,2026-05-25 10:25:00,2026-05-25 17:31:00,07:06:00,7.1
NT,LEICESTER,ROUTINE,ENG062,Fred Archer,Sue Holt,W5601184,RO,E2,2026-05-24 10:39:00,2026-05-24 20:15:00,09:36:00,9.6
EA,PETERBOROUGH,INSPECTION,ENG020,Mark Holloway,Mark Booker,W5601185,IR,E2,2026-05-25 06:14:00,2026-05-25 10:20:00,04:05:59,4.1
NW,BLACKBURN,EMERGENCY,ENG013,Helen Morris,Dave Clarke,W5601186,MR,M2,2026-05-22 10:01:00,2026-05-22 20:49:00,10:48:00,10.8
EA,IPSWICH,INSPECTION,ENG021,Rachel Davies,Mark Booker,W5601187,MR,E2,2026-05-22 10:12:00,2026-05-23 00:24:00,14:12:00,14.2
NT,LEICESTER,ROUTINE,ENG062,Fred Archer,Sue Holt,W5601188,MR,M2,2026-05-25 09:20:00,2026-05-25 15:44:00,06:24:00,6.4
SO,SOUTHAMPTON,METERING,ENG051,Wendy Nash,Phil Russell,W5601189,EM,M1,2026-05-22 06:30:00,2026-05-22 15:00:00,08:30:00,8.5
NW,BOLTON,METERING,ENG010,Paul Dawson,Gary Williams,W5601190,IR,E1,2026-05-23 07:52:00,2026-05-23 20:16:00,12:24:00,12.4
NT,LINCOLN,METERING,ENG062,Fred Archer,Sue Holt,W5601191,IR,R1,2026-05-22 10:54:00,2026-05-22 19:30:00,08:36:00,8.6
EA,LUTON,REPAIR,ENG020,Mark Holloway,Mark Booker,W5601192,EM,M1,2026-05-24 08:34:00,2026-05-24 15:46:00,07:12:00,7.2
NW,BLACKBURN,REPAIR,ENG014,Alan Sharp,Dave Clarke,W5601193,MR,E2,2026-05-21 10:05:00,2026-05-21 15:29:00,05:24:00,5.4
NT,LEICESTER,INSPECTION,ENG062,Fred Archer,Sue Holt,W5601194,MR,M2,2026-05-27 09:13:00,2026-05-27 14:31:00,05:18:00,5.3
SC,STIRLING,ROUTINE,ENG004,Douglas Reid,Graham Loan,W5601195,IR,M1,2026-05-27 10:43:00,2026-05-28 00:31:00,13:48:00,13.8
NT,DERBY,INSPECTION,ENG060,Barry Noon,Sue Holt,W5601196,IR,E1,2026-05-26 09:44:00,2026-05-26 17:50:00,08:06:00,8.1
EA,BEDFORD,METERING,ENG022,Peter Wong,Mark Booker,W5601197,RO,M1,2026-05-23 09:21:00,2026-05-24 00:27:00,15:06:00,15.1
SE,MAIDSTONE,REPAIR,ENG033,Julie Price,Pat Nolan,W5601198,MR,M1,2026-05-23 07:04:00,2026-05-23 16:40:00,09:36:00,9.6
SE,BRIGHTON,ROUTINE,ENG032,Colin James,Pat Nolan,W5601199,IR,R1,2026-05-22 07:40:00,2026-05-22 18:04:00,10:24:00,10.4
NT,LINCOLN,INSPECTION,ENG062,Fred Archer,Sue Holt,W5601200,ME,M1,2026-05-23 07:57:00,2026-05-23 14:33:00,06:36:00,6.6
SO,SALISBURY,REPAIR,ENG050,Phil Hodgkins,Phil Russell,W5601201,EM,E1,2026-05-22 08:09:00,2026-05-22 20:51:00,12:42:00,12.7
NE,GATESHEAD,REPAIR,ENG070,Janet Robb,Bill Tyne,W5601202,IR,E1,2026-05-27 06:52:00,2026-05-27 21:34:00,14:42:00,14.7
SO,PORTSMOUTH,REPAIR,ENG050,Phil Hodgkins,Phil Russell,W5601203,MR,R1,2026-05-22 08:28:00,2026-05-22 16:46:00,08:18:00,8.3
NT,MANSFIELD,ROUTINE,ENG062,Fred Archer,Sue Holt,W5601204,RO,E2,2026-05-27 07:07:00,2026-05-27 21:37:00,14:30:00,14.5
WM,COVENTRY,REPAIR,ENG043,Diane Hunt,Tom Avery,W5601205,IR,M2,2026-05-21 08:40:00,2026-05-21 16:46:00,08:06:00,8.1
SE,BRIGHTON,REPAIR,ENG033,Julie Price,Pat Nolan,W5601206,MR,R2,2026-05-23 10:27:00,2026-05-23 18:39:00,08:11:59,8.2
NW,MANCHESTER,EMERGENCY,ENG013,Helen Morris,Dave Clarke,W5601207,EM,E1,2026-05-22 09:16:00,2026-05-22 15:34:00,06:18:00,6.3
NW,LIVERPOOL,EMERGENCY,ENG011,Karen Simmons,Gary Williams,W5601208,IR,R1,2026-05-23 09:57:00,2026-05-23 23:09:00,13:12:00,13.2
NE,MIDDLESBROUGH,REPAIR,ENG072,Liz Cooke,Bill Tyne,W5601209,RO,E2,2026-05-22 07:28:00,2026-05-22 13:10:00,05:42:00,5.7
SE,HORSHAM,EMERGENCY,ENG033,Julie Price,Pat Nolan,W5601210,IR,M1,2026-05-22 10:47:00,2026-05-22 16:05:00,05:18:00,5.3
SO,SALISBURY,ROUTINE,ENG051,Wendy Nash,Phil Russell,W5601211,EM,E1,2026-05-26 06:55:00,2026-05-26 16:43:00,09:48:00,9.8
NW,STOCKPORT,EMERGENCY,ENG011,Karen Simmons,Gary Williams,W5601212,EM,E2,2026-05-24 06:05:00,2026-05-24 20:23:00,14:18:00,14.3
SE,HORSHAM,REPAIR,ENG033,Julie Price,Pat Nolan,W5601213,EM,R1,2026-05-22 07:34:00,2026-05-22 13:04:00,05:30:00,5.5
NT,LINCOLN,INSPECTION,ENG061,Cathy Dean,Sue Holt,W5601214,IR,M2,2026-05-27 10:24:00,2026-05-28 00:30:00,14:06:00,14.1
SO,BASINGSTOKE,ROUTINE,ENG052,Chris Lamb,Phil Russell,W5601215,IR,E2,2026-05-21 09:56:00,2026-05-21 17:38:00,07:42:00,7.7
SO,BOURNEMOUTH,EMERGENCY,ENG051,Wendy Nash,Phil Russell,W5601216,MR,R1,2026-05-22 11:34:00,2026-05-22 21:34:00,10:00:00,10.0
EA,CAMBRIDGE,EMERGENCY,ENG023,Sharon King,Anne Foster,W5601217,IR,E1,2026-05-25 10:15:00,2026-05-25 13:09:00,02:54:00,2.9
EA,PETERBOROUGH,REPAIR,ENG023,Sharon King,Anne Foster,W5601218,RO,M2,2026-05-27 07:51:00,2026-05-27 11:27:00,03:36:00,3.6
NE,MIDDLESBROUGH,INSPECTION,ENG072,Liz Cooke,Bill Tyne,W5601219,EM,E2,2026-05-27 09:00:00,2026-05-27 18:18:00,09:18:00,9.3
NE,SUNDERLAND,ROUTINE,ENG071,Alan Shaw,Bill Tyne,W5601220,ME,M1,2026-05-27 07:17:00,2026-05-27 22:47:00,15:30:00,15.5
NE,GATESHEAD,METERING,ENG071,Alan Shaw,Bill Tyne,W5601221,EM,M2,2026-05-27 10:27:00,2026-05-27 15:39:00,05:12:00,5.2
EA,BEDFORD,METERING,ENG021,Rachel Davies,Mark Booker,W5601222,IR,M2,2026-05-26 08:36:00,2026-05-26 17:12:00,08:36:00,8.6
SE,MAIDSTONE,EMERGENCY,ENG030,Stuart Porter,Ray Ingram,W5601223,ME,R1,2026-05-27 11:16:00,2026-05-27 22:16:00,11:00:00,11.0
NE,DURHAM,METERING,ENG071,Alan Shaw,Bill Tyne,W5601224,EM,M1,2026-05-26 11:36:00,2026-05-26 23:24:00,11:48:00,11.8
NT,DERBY,ROUTINE,ENG060,Barry Noon,Sue Holt,W5601225,MR,M2,2026-05-22 11:51:00,2026-05-22 17:39:00,05:48:00,5.8
NT,MANSFIELD,ROUTINE,ENG061,Cathy Dean,Sue Holt,W5601226,IR,M1,2026-05-22 07:43:00,2026-05-22 20:43:00,13:00:00,13.0
NT,MANSFIELD,METERING,ENG062,Fred Archer,Sue Holt,W5601227,ME,M2,2026-05-25 08:17:00,2026-05-25 23:17:00,15:00:00,15.0
WM,COVENTRY,ROUTINE,ENG043,Diane Hunt,Tom Avery,W5601228,IR,E1,2026-05-24 07:23:00,2026-05-24 20:23:00,13:00:00,13.0
NT,LINCOLN,EMERGENCY,ENG062,Fred Archer,Sue Holt,W5601229,EM,E1,2026-05-22 06:13:00,2026-05-22 16:43:00,10:30:00,10.5
NT,LEICESTER,ROUTINE,ENG061,Cathy Dean,Sue Holt,W5601230,RO,M1,2026-05-25 06:52:00,2026-05-25 21:58:00,15:06:00,15.1
SE,EASTBOURNE,EMERGENCY,ENG030,Stuart Porter,Ray Ingram,W5601231,RO,R2,2026-05-23 11:09:00,2026-05-23 21:39:00,10:30:00,10.5
SO,PORTSMOUTH,INSPECTION,ENG051,Wendy Nash,Phil Russell,W5601232,RO,M2,2026-05-26 07:48:00,2026-05-26 22:18:00,14:30:00,14.5
NE,NEWCASTLE,ROUTINE,ENG071,Alan Shaw,Bill Tyne,W5601233,MR,R2,2026-05-22 08:09:00,2026-05-22 17:51:00,09:42:00,9.7
NW,LIVERPOOL,REPAIR,ENG014,Alan Sharp,Dave Clarke,W5601234,ME,R2,2026-05-22 10:45:00,2026-05-22 17:03:00,06:18:00,6.3
NW,WARRINGTON,ROUTINE,ENG014,Alan Sharp,Dave Clarke,W5601235,ME,M2,2026-05-22 06:05:00,2026-05-22 16:11:00,10:06:00,10.1
NW,STOCKPORT,ROUTINE,ENG014,Alan Sharp,Dave Clarke,W5601236,MR,E2,2026-05-27 09:44:00,2026-05-27 17:26:00,07:42:00,7.7
NT,LEICESTER,REPAIR,ENG062,Fred Archer,Sue Holt,W5601237,RO,R2,2026-05-25 10:44:00,2026-05-25 13:20:00,02:36:00,2.6
SC,DUNDEE,ROUTINE,ENG006,Kevin McAllister,Gordon Shaw,W5601238,RO,R1,2026-05-22 08:41:00,2026-05-22 15:53:00,07:12:00,7.2
SC,PAISLEY,ROUTINE,ENG003,Catriona Stewart,Graham Loan,W5601239,IR,R1,2026-05-21 11:46:00,2026-05-21 14:28:00,02:42:00,2.7
WM,DUDLEY,METERING,ENG041,Una Cowling,Mark Reygate,W5601240,ME,R2,2026-05-21 07:46:00,2026-05-21 15:52:00,08:06:00,8.1
SC,PERTH,METERING,ENG002,Alistair Fraser,Steven Leckie,W5601241,IR,R1,2026-05-25 08:03:00,2026-05-25 16:03:00,08:00:00,8.0
SC,STIRLING,METERING,ENG003,Catriona Stewart,Graham Loan,W5601242,RO,R1,2026-05-26 09:40:00,2026-05-26 12:22:00,02:42:00,2.7
SC,PAISLEY,METERING,ENG001,John MacDonald,Steven Leckie,W5601243,IR,M2,2026-05-22 08:15:00,2026-05-22 11:57:00,03:42:00,3.7
NT,MANSFIELD,METERING,ENG061,Cathy Dean,Sue Holt,W5601244,MR,E1,2026-05-23 09:45:00,2026-05-23 12:15:00,02:30:00,2.5
NW,WARRINGTON,INSPECTION,ENG014,Alan Sharp,Dave Clarke,W5601245,RO,M2,2026-05-23 07:53:00,2026-05-23 10:29:00,02:36:00,2.6
EA,PETERBOROUGH,INSPECTION,ENG020,Mark Holloway,Mark Booker,W5601246,IR,R2,2026-05-25 11:46:00,2026-05-25 23:52:00,12:06:00,12.1
NW,WIGAN,ROUTINE,ENG013,Helen Morris,Dave Clarke,W5601247,MR,E1,2026-05-26 10:38:00,2026-05-26 23:26:00,12:48:00,12.8
NE,NEWCASTLE,ROUTINE,ENG071,Alan Shaw,Bill Tyne,W5601248,EM,E1,2026-05-25 11:39:00,2026-05-25 21:03:00,09:24:00,9.4
WM,BIRMINGHAM,EMERGENCY,ENG041,Una Cowling,Mark Reygate,W5601249,MR,E2,2026-05-26 07:43:00,2026-05-26 19:55:00,12:12:00,12.2
SE,EASTBOURNE,INSPECTION,ENG030,Stuart Porter,Ray Ingram,W5601250,RO,E1,2026-05-23 11:01:00,2026-05-24 02:19:00,15:18:00,15.3
NT,NOTTINGHAM,REPAIR,ENG060,Barry Noon,Sue Holt,W5601251,ME,M1,2026-05-23 10:42:00,2026-05-23 18:18:00,07:36:00,7.6
WM,WALSALL,EMERGENCY,ENG042,Steve Frost,Mark Reygate,W5601252,ME,E1,2026-05-23 11:40:00,2026-05-23 21:16:00,09:36:00,9.6
EA,BEDFORD,INSPECTION,ENG020,Mark Holloway,Mark Booker,W5601253,MR,M1,2026-05-23 06:51:00,2026-05-23 14:21:00,07:30:00,7.5
SC,GLASGOW,INSPECTION,ENG003,Catriona Stewart,Graham Loan,W5601254,MR,E2,2026-05-22 06:35:00,2026-05-22 16:29:00,09:54:00,9.9
WM,DUDLEY,ROUTINE,ENG043,Diane Hunt,Tom Avery,W5601255,ME,M1,2026-05-25 09:04:00,2026-05-25 18:16:00,09:12:00,9.2
SC,ABERDEEN,EMERGENCY,ENG001,John MacDonald,Steven Leckie,W5601256,IR,M2,2026-05-23 08:24:00,2026-05-23 23:18:00,14:54:00,14.9
NW,WARRINGTON,REPAIR,ENG010,Paul Dawson,Gary Williams,W5601257,MR,R2,2026-05-26 08:18:00,2026-05-26 18:18:00,10:00:00,10.0
EA,NORWICH,REPAIR,ENG023,Sharon King,Anne Foster,W5601258,RO,E2,2026-05-26 10:20:00,2026-05-27 02:14:00,15:54:00,15.9
NE,DURHAM,REPAIR,ENG071,Alan Shaw,Bill Tyne,W5601259,MR,R2,2026-05-27 06:51:00,2026-05-27 21:51:00,15:00:00,15.0
SC,PAISLEY,METERING,ENG001,John MacDonald,Steven Leckie,W5601260,EM,E1,2026-05-25 10:00:00,2026-05-25 22:42:00,12:42:00,12.7
EA,IPSWICH,REPAIR,ENG023,Sharon King,Anne Foster,W5601261,ME,M1,2026-05-25 11:18:00,2026-05-26 01:36:00,14:18:00,14.3
NT,LEICESTER,METERING,ENG062,Fred Archer,Sue Holt,W5601262,MR,R1,2026-05-21 09:43:00,2026-05-21 17:37:00,07:54:00,7.9
WM,WOLVERHAMPTON,METERING,ENG040,Wayne Edwards,Mark Reygate,W5601263,RO,E1,2026-05-25 07:53:00,2026-05-25 16:59:00,09:06:00,9.1
NE,DURHAM,INSPECTION,ENG072,Liz Cooke,Bill Tyne,W5601264,RO,M1,2026-05-25 09:25:00,2026-05-26 00:19:00,14:54:00,14.9
EA,BEDFORD,METERING,ENG023,Sharon King,Anne Foster,W5601265,IR,R1,2026-05-22 06:47:00,2026-05-22 10:29:00,03:42:00,3.7
NT,MANSFIELD,ROUTINE,ENG060,Barry Noon,Sue Holt,W5601266,MR,R2,2026-05-23 10:49:00,2026-05-23 21:07:00,10:18:00,10.3
SO,BOURNEMOUTH,METERING,ENG051,Wendy Nash,Phil Russell,W5601267,IR,M1,2026-05-27 10:18:00,2026-05-28 01:36:00,15:18:00,15.3
SE,MAIDSTONE,EMERGENCY,ENG030,Stuart Porter,Ray Ingram,W5601268,ME,E2,2026-05-23 09:22:00,2026-05-23 11:28:00,02:06:00,2.1
NW,LIVERPOOL,INSPECTION,ENG014,Alan Sharp,Dave Clarke,W5601269,MR,E1,2026-05-25 09:02:00,2026-05-25 20:14:00,11:12:00,11.2
WM,STOKE,METERING,ENG043,Diane Hunt,Tom Avery,W5601270,IR,R2,2026-05-22 06:47:00,2026-05-22 15:53:00,09:06:00,9.1
NW,BLACKBURN,INSPECTION,ENG010,Paul Dawson,Gary Williams,W5601271,RO,M2,2026-05-25 06:06:00,2026-05-25 13:00:00,06:54:00,6.9
NE,MIDDLESBROUGH,REPAIR,ENG070,Janet Robb,Bill Tyne,W5601272,IR,M1,2026-05-27 09:23:00,2026-05-27 21:05:00,11:42:00,11.7
NT,LINCOLN,INSPECTION,ENG062,Fred Archer,Sue Holt,W5601273,MR,E1,2026-05-23 07:31:00,2026-05-23 18:19:00,10:48:00,10.8
EA,LUTON,METERING,ENG022,Peter Wong,Mark Booker,W5601274,MR,E1,2026-05-24 09:45:00,2026-05-24 15:39:00,05:54:00,5.9
SE,HORSHAM,EMERGENCY,ENG032,Colin James,Pat Nolan,W5601275,RO,E1,2026-05-23 08:52:00,2026-05-23 11:58:00,03:06:00,3.1
NW,BLACKBURN,INSPECTION,ENG014,Alan Sharp,Dave Clarke,W5601276,EM,M1,2026-05-23 06:12:00,2026-05-23 21:30:00,15:18:00,15.3
NT,DERBY,INSPECTION,ENG062,Fred Archer,Sue Holt,W5601277,MR,R2,2026-05-23 07:27:00,2026-05-23 10:39:00,03:12:00,3.2
NW,BLACKBURN,REPAIR,ENG014,Alan Sharp,Dave Clarke,W5601278,MR,M2,2026-05-25 10:26:00,2026-05-26 01:08:00,14:42:00,14.7
EA,PETERBOROUGH,EMERGENCY,ENG020,Mark Holloway,Mark Booker,W5601279,MR,E1,2026-05-23 09:41:00,2026-05-23 16:53:00,07:12:00,7.2
WM,WALSALL,INSPECTION,ENG040,Wayne Edwards,Mark Reygate,W5601280,ME,R1,2026-05-26 07:58:00,2026-05-26 19:46:00,11:48:00,11.8
NT,MANSFIELD,METERING,ENG061,Cathy Dean,Sue Holt,W5601281,ME,M2,2026-05-24 08:23:00,2026-05-24 15:23:00,07:00:00,7.0
NW,BOLTON,REPAIR,ENG010,Paul Dawson,Gary Williams,W5601282,RO,R1,2026-05-23 11:55:00,2026-05-24 01:43:00,13:48:00,13.8
NE,DURHAM,INSPECTION,ENG070,Janet Robb,Bill Tyne,W5601283,IR,R1,2026-05-23 09:08:00,2026-05-23 20:44:00,11:36:00,11.6
NE,SUNDERLAND,INSPECTION,ENG072,Liz Cooke,Bill Tyne,W5601284,MR,R1,2026-05-26 11:16:00,2026-05-26 14:52:00,03:36:00,3.6
SE,CROYDON,EMERGENCY,ENG030,Stuart Porter,Ray Ingram,W5601285,ME,E2,2026-05-27 11:35:00,2026-05-27 14:29:00,02:54:00,2.9
NT,NOTTINGHAM,ROUTINE,ENG061,Cathy Dean,Sue Holt,W5601286,IR,M1,2026-05-21 08:24:00,2026-05-21 14:18:00,05:54:00,5.9
SO,BOURNEMOUTH,REPAIR,ENG050,Phil Hodgkins,Phil Russell,W5601287,EM,R1,2026-05-26 09:50:00,2026-05-27 00:38:00,14:48:00,14.8
NW,WIGAN,METERING,ENG010,Paul Dawson,Gary Williams,W5601288,MR,R1,2026-05-21 08:28:00,2026-05-21 22:52:00,14:24:00,14.4
SE,MAIDSTONE,REPAIR,ENG031,Tracey McIntyre,Ray Ingram,W5601289,IR,R2,2026-05-23 07:53:00,2026-05-23 11:35:00,03:42:00,3.7
SC,GLASGOW,REPAIR,ENG006,Kevin McAllister,Gordon Shaw,W5601290,RO,E2,2026-05-22 10:45:00,2026-05-22 18:33:00,07:48:00,7.8
NE,NEWCASTLE,REPAIR,ENG072,Liz Cooke,Bill Tyne,W5601291,RO,M1,2026-05-27 11:54:00,2026-05-27 14:54:00,03:00:00,3.0
NT,LINCOLN,ROUTINE,ENG062,Fred Archer,Sue Holt,W5601292,MR,M1,2026-05-23 07:36:00,2026-05-23 15:00:00,07:24:00,7.4
NE,SUNDERLAND,INSPECTION,ENG072,Liz Cooke,Bill Tyne,W5601293,EM,R1,2026-05-21 08:29:00,2026-05-21 19:11:00,10:42:00,10.7
SC,GLASGOW,ROUTINE,ENG006,Kevin McAllister,Gordon Shaw,W5601294,EM,R2,2026-05-26 07:31:00,2026-05-26 14:13:00,06:42:00,6.7
SO,BASINGSTOKE,REPAIR,ENG050,Phil Hodgkins,Phil Russell,W5601295,MR,E2,2026-05-21 10:36:00,2026-05-21 19:36:00,09:00:00,9.0
NE,SUNDERLAND,EMERGENCY,ENG071,Alan Shaw,Bill Tyne,W5601296,ME,M1,2026-05-21 08:20:00,2026-05-21 20:56:00,12:36:00,12.6
NE,SUNDERLAND,INSPECTION,ENG070,Janet Robb,Bill Tyne,W5601297,MR,E1,2026-05-22 10:23:00,2026-05-22 12:53:00,02:30:00,2.5
NW,WARRINGTON,EMERGENCY,ENG014,Alan Sharp,Dave Clarke,W5601298,ME,M2,2026-05-24 06:10:00,2026-05-24 20:46:00,14:36:00,14.6
EA,BEDFORD,INSPECTION,ENG023,Sharon King,Anne Foster,W5601299,ME,M1,2026-05-24 10:25:00,2026-05-24 22:37:00,12:12:00,12.2
NT,LINCOLN,EMERGENCY,ENG061,Cathy Dean,Sue Holt,W5601300,EM,R2,2026-05-24 10:57:00,2026-05-24 18:09:00,07:12:00,7.2
NW,STOCKPORT,INSPECTION,ENG010,Paul Dawson,Gary Williams,W5601301,IR,E1,2026-05-24 11:39:00,2026-05-24 20:27:00,08:48:00,8.8
NT,LEICESTER,REPAIR,ENG062,Fred Archer,Sue Holt,W5601302,MR,E1,2026-05-25 08:52:00,2026-05-25 11:28:00,02:36:00,2.6
SE,EASTBOURNE,EMERGENCY,ENG030,Stuart Porter,Ray Ingram,W5601303,RO,E2,2026-05-27 11:52:00,2026-05-27 20:40:00,08:48:00,8.8
SO,BOURNEMOUTH,ROUTINE,ENG050,Phil Hodgkins,Phil Russell,W5601304,ME,R2,2026-05-27 06:40:00,2026-05-27 15:58:00,09:18:00,9.3
SC,PAISLEY,INSPECTION,ENG005,Fiona Cameron,Gordon Shaw,W5601305,IR,R1,2026-05-25 08:36:00,2026-05-25 17:36:00,09:00:00,9.0
WM,WOLVERHAMPTON,REPAIR,ENG040,Wayne Edwards,Mark Reygate,W5601306,IR,E2,2026-05-27 09:55:00,2026-05-27 18:25:00,08:30:00,8.5
NT,LEICESTER,METERING,ENG061,Cathy Dean,Sue Holt,W5601307,RO,E1,2026-05-27 07:04:00,2026-05-27 20:10:00,13:06:00,13.1
SO,SOUTHAMPTON,METERING,ENG051,Wendy Nash,Phil Russell,W5601308,IR,E2,2026-05-27 08:47:00,2026-05-27 22:05:00,13:18:00,13.3
NW,BLACKBURN,METERING,ENG011,Karen Simmons,Gary Williams,W5601309,MR,R1,2026-05-24 07:43:00,2026-05-24 23:25:00,15:42:00,15.7
NT,LINCOLN,REPAIR,ENG060,Barry Noon,Sue Holt,W5601310,ME,R2,2026-05-25 11:35:00,2026-05-25 13:41:00,02:06:00,2.1
NW,BLACKBURN,INSPECTION,ENG012,Brian Cook,Gary Williams,W5601311,RO,E1,2026-05-27 06:30:00,2026-05-27 19:18:00,12:48:00,12.8
SC,PERTH,REPAIR,ENG003,Catriona Stewart,Graham Loan,W5601312,MR,E2,2026-05-21 11:28:00,2026-05-21 23:04:00,11:36:00,11.6
SE,BRIGHTON,REPAIR,ENG033,Julie Price,Pat Nolan,W5601313,EM,R2,2026-05-24 10:28:00,2026-05-24 17:40:00,07:12:00,7.2
NW,MANCHESTER,ROUTINE,ENG014,Alan Sharp,Dave Clarke,W5601314,EM,E2,2026-05-23 06:53:00,2026-05-23 16:23:00,09:30:00,9.5
WM,WOLVERHAMPTON,INSPECTION,ENG040,Wayne Edwards,Mark Reygate,W5601315,EM,E2,2026-05-25 07:09:00,2026-05-25 14:57:00,07:48:00,7.8
EA,PETERBOROUGH,REPAIR,ENG022,Peter Wong,Mark Booker,W5601316,MR,M2,2026-05-26 07:58:00,2026-05-26 10:46:00,02:48:00,2.8
EA,CAMBRIDGE,EMERGENCY,ENG020,Mark Holloway,Mark Booker,W5601317,ME,E1,2026-05-23 08:49:00,2026-05-23 22:25:00,13:36:00,13.6
WM,COVENTRY,ROUTINE,ENG040,Wayne Edwards,Mark Reygate,W5601318,EM,E2,2026-05-22 07:53:00,2026-05-22 19:53:00,12:00:00,12.0
SO,SALISBURY,REPAIR,ENG050,Phil Hodgkins,Phil Russell,W5601319,ME,R1,2026-05-23 09:10:00,2026-05-23 13:04:00,03:54:00,3.9
WM,COVENTRY,ROUTINE,ENG041,Una Cowling,Mark Reygate,W5601320,EM,E2,2026-05-23 06:11:00,2026-05-23 14:35:00,08:24:00,8.4
SE,GUILDFORD,METERING,ENG033,Julie Price,Pat Nolan,W5601321,EM,R2,2026-05-26 11:23:00,2026-05-27 03:23:00,16:00:00,16.0
NT,MANSFIELD,METERING,ENG061,Cathy Dean,Sue Holt,W5601322,RO,E1,2026-05-21 08:24:00,2026-05-21 19:12:00,10:48:00,10.8
WM,DUDLEY,ROUTINE,ENG040,Wayne Edwards,Mark Reygate,W5601323,RO,E2,2026-05-26 07:21:00,2026-05-26 10:15:00,02:54:00,2.9
WM,STOKE,INSPECTION,ENG041,Una Cowling,Mark Reygate,W5601324,RO,E1,2026-05-26 07:34:00,2026-05-26 19:40:00,12:06:00,12.1
SC,PERTH,INSPECTION,ENG002,Alistair Fraser,Steven Leckie,W5601325,ME,R1,2026-05-22 11:19:00,2026-05-23 00:55:00,13:36:00,13.6
WM,STOKE,REPAIR,ENG042,Steve Frost,Mark Reygate,W5601326,RO,M2,2026-05-23 06:13:00,2026-05-23 10:49:00,04:36:00,4.6
NT,MANSFIELD,EMERGENCY,ENG061,Cathy Dean,Sue Holt,W5601327,IR,M2,2026-05-25 08:56:00,2026-05-25 23:44:00,14:48:00,14.8
SC,PERTH,METERING,ENG006,Kevin McAllister,Gordon Shaw,W5601328,MR,R1,2026-05-26 06:24:00,2026-05-26 18:24:00,12:00:00,12.0
NE,GATESHEAD,ROUTINE,ENG072,Liz Cooke,Bill Tyne,W5601329,ME,E2,2026-05-26 10:31:00,2026-05-26 14:31:00,04:00:00,4.0
SE,MAIDSTONE,METERING,ENG032,Colin James,Pat Nolan,W5601330,RO,R1,2026-05-26 10:50:00,2026-05-26 13:44:00,02:54:00,2.9
SE,HORSHAM,ROUTINE,ENG030,Stuart Porter,Ray Ingram,W5601331,EM,M1,2026-05-23 10:22:00,2026-05-24 01:10:00,14:48:00,14.8
WM,WOLVERHAMPTON,EMERGENCY,ENG043,Diane Hunt,Tom Avery,W5601332,EM,E1,2026-05-26 10:11:00,2026-05-26 13:41:00,03:30:00,3.5
SO,BOURNEMOUTH,INSPECTION,ENG052,Chris Lamb,Phil Russell,W5601333,ME,M1,2026-05-21 08:44:00,2026-05-21 13:26:00,04:42:00,4.7
SO,PORTSMOUTH,REPAIR,ENG052,Chris Lamb,Phil Russell,W5601334,ME,E1,2026-05-22 06:20:00,2026-05-22 14:14:00,07:54:00,7.9
WM,COVENTRY,REPAIR,ENG042,Steve Frost,Mark Reygate,W5601335,ME,M2,2026-05-23 06:14:00,2026-05-23 10:50:00,04:36:00,4.6
EA,IPSWICH,METERING,ENG022,Peter Wong,Mark Booker,W5601336,RO,E2,2026-05-26 11:07:00,2026-05-27 00:37:00,13:30:00,13.5
SE,CROYDON,METERING,ENG031,Tracey McIntyre,Ray Ingram,W5601337,MR,M2,2026-05-23 07:11:00,2026-05-23 22:23:00,15:12:00,15.2
EA,PETERBOROUGH,INSPECTION,ENG021,Rachel Davies,Mark Booker,W5601338,ME,R1,2026-05-26 09:20:00,2026-05-26 20:56:00,11:36:00,11.6
SE,CROYDON,REPAIR,ENG033,Julie Price,Pat Nolan,W5601339,EM,R2,2026-05-21 08:34:00,2026-05-22 00:28:00,15:54:00,15.9
WM,STOKE,ROUTINE,ENG042,Steve Frost,Mark Reygate,W5601340,ME,E1,2026-05-25 08:03:00,2026-05-25 13:45:00,05:42:00,5.7
NW,BOLTON,INSPECTION,ENG011,Karen Simmons,Gary Williams,W5601341,RO,E1,2026-05-23 09:33:00,2026-05-23 19:51:00,10:18:00,10.3
SO,SALISBURY,ROUTINE,ENG050,Phil Hodgkins,Phil Russell,W5601342,IR,R1,2026-05-26 09:30:00,2026-05-26 12:36:00,03:06:00,3.1
NE,DURHAM,REPAIR,ENG071,Alan Shaw,Bill Tyne,W5601343,ME,M2,2026-05-23 10:20:00,2026-05-23 13:38:00,03:18:00,3.3
EA,BEDFORD,METERING,ENG021,Rachel Davies,Mark Booker,W5601344,MR,E2,2026-05-22 07:06:00,2026-05-22 10:30:00,03:24:00,3.4
SO,PORTSMOUTH,INSPECTION,ENG052,Chris Lamb,Phil Russell,W5601345,MR,E2,2026-05-27 10:42:00,2026-05-27 14:06:00,03:24:00,3.4
SO,SOUTHAMPTON,EMERGENCY,ENG050,Phil Hodgkins,Phil Russell,W5601346,MR,R2,2026-05-22 09:08:00,2026-05-22 17:38:00,08:30:00,8.5
EA,IPSWICH,INSPECTION,ENG022,Peter Wong,Mark Booker,W5601347,ME,E1,2026-05-21 11:22:00,2026-05-21 22:46:00,11:24:00,11.4
NT,MANSFIELD,ROUTINE,ENG061,Cathy Dean,Sue Holt,W5601348,RO,R2,2026-05-23 09:18:00,2026-05-23 22:24:00,13:06:00,13.1
SO,SOUTHAMPTON,ROUTINE,ENG050,Phil Hodgkins,Phil Russell,W5601349,RO,E2,2026-05-26 07:10:00,2026-05-26 20:16:00,13:06:00,13.1
SE,GUILDFORD,INSPECTION,ENG032,Colin James,Pat Nolan,W5601350,IR,E2,2026-05-26 10:24:00,2026-05-26 16:00:00,05:36:00,5.6
WM,DUDLEY,METERING,ENG043,Diane Hunt,Tom Avery,W5601351,IR,R2,2026-05-26 07:31:00,2026-05-26 13:07:00,05:36:00,5.6
EA,CAMBRIDGE,INSPECTION,ENG020,Mark Holloway,Mark Booker,W5601352,ME,M1,2026-05-21 08:20:00,2026-05-21 22:44:00,14:24:00,14.4
SE,EASTBOURNE,METERING,ENG033,Julie Price,Pat Nolan,W5601353,EM,R1,2026-05-24 08:07:00,2026-05-24 21:31:00,13:24:00,13.4
SE,BRIGHTON,ROUTINE,ENG033,Julie Price,Pat Nolan,W5601354,EM,E2,2026-05-25 06:45:00,2026-05-25 16:27:00,09:42:00,9.7
NW,MANCHESTER,ROUTINE,ENG010,Paul Dawson,Gary Williams,W5601355,MR,E2,2026-05-25 07:10:00,2026-05-25 22:52:00,15:42:00,15.7
WM,STOKE,REPAIR,ENG041,Una Cowling,Mark Reygate,W5601356,MR,M2,2026-05-21 06:22:00,2026-05-21 16:04:00,09:42:00,9.7
SC,INVERNESS,EMERGENCY,ENG002,Alistair Fraser,Steven Leckie,W5601357,EM,M2,2026-05-23 10:33:00,2026-05-23 18:45:00,08:11:59,8.2
SO,SOUTHAMPTON,ROUTINE,ENG051,Wendy Nash,Phil Russell,W5601358,EM,R2,2026-05-26 11:26:00,2026-05-27 01:02:00,13:36:00,13.6
SE,HORSHAM,METERING,ENG030,Stuart Porter,Ray Ingram,W5601359,EM,R1,2026-05-24 08:53:00,2026-05-24 11:11:00,02:18:00,2.3
WM,STOKE,EMERGENCY,ENG041,Una Cowling,Mark Reygate,W5601360,ME,R1,2026-05-22 10:50:00,2026-05-23 00:14:00,13:24:00,13.4
SE,CROYDON,METERING,ENG033,Julie Price,Pat Nolan,W5601361,EM,E1,2026-05-27 07:38:00,2026-05-27 11:38:00,04:00:00,4.0
EA,PETERBOROUGH,ROUTINE,ENG022,Peter Wong,Mark Booker,W5601362,EM,M2,2026-05-27 06:59:00,2026-05-27 13:23:00,06:24:00,6.4
SE,EASTBOURNE,REPAIR,ENG030,Stuart Porter,Ray Ingram,W5601363,EM,M2,2026-05-23 10:03:00,2026-05-23 14:57:00,04:54:00,4.9
SE,GUILDFORD,EMERGENCY,ENG033,Julie Price,Pat Nolan,W5601364,IR,R2,2026-05-26 08:01:00,2026-05-26 21:13:00,13:12:00,13.2
NT,MANSFIELD,EMERGENCY,ENG062,Fred Archer,Sue Holt,W5601365,MR,R2,2026-05-25 07:23:00,2026-05-25 16:23:00,09:00:00,9.0
NW,BOLTON,METERING,ENG014,Alan Sharp,Dave Clarke,W5601366,MR,E1,2026-05-23 08:48:00,2026-05-23 11:54:00,03:06:00,3.1
EA,CAMBRIDGE,ROUTINE,ENG020,Mark Holloway,Mark Booker,W5601367,MR,M2,2026-05-24 09:16:00,2026-05-24 13:22:00,04:05:59,4.1
SO,SALISBURY,INSPECTION,ENG051,Wendy Nash,Phil Russell,W5601368,EM,M1,2026-05-24 09:55:00,2026-05-24 13:43:00,03:48:00,3.8
NT,NOTTINGHAM,INSPECTION,ENG061,Cathy Dean,Sue Holt,W5601369,EM,R2,2026-05-23 06:10:00,2026-05-23 19:04:00,12:54:00,12.9
SO,SOUTHAMPTON,INSPECTION,ENG051,Wendy Nash,Phil Russell,W5601370,MR,R1,2026-05-25 06:51:00,2026-05-25 16:51:00,10:00:00,10.0
SO,SOUTHAMPTON,ROUTINE,ENG052,Chris Lamb,Phil Russell,W5601371,EM,R1,2026-05-21 10:38:00,2026-05-22 01:44:00,15:06:00,15.1
NE,GATESHEAD,INSPECTION,ENG072,Liz Cooke,Bill Tyne,W5601372,EM,E2,2026-05-22 06:07:00,2026-05-22 10:25:00,04:18:00,4.3
SC,STIRLING,METERING,ENG006,Kevin McAllister,Gordon Shaw,W5601373,ME,E1,2026-05-26 09:14:00,2026-05-26 23:32:00,14:18:00,14.3
SE,CROYDON,INSPECTION,ENG033,Julie Price,Pat Nolan,W5601374,EM,R2,2026-05-21 08:33:00,2026-05-21 17:33:00,09:00:00,9.0
SE,HORSHAM,METERING,ENG032,Colin James,Pat Nolan,W5601375,ME,E1,2026-05-21 11:21:00,2026-05-21 14:21:00,03:00:00,3.0
WM,STOKE,ROUTINE,ENG043,Diane Hunt,Tom Avery,W5601376,IR,E2,2026-05-24 06:36:00,2026-05-24 17:30:00,10:54:00,10.9
EA,IPSWICH,REPAIR,ENG022,Peter Wong,Mark Booker,W5601377,ME,R1,2026-05-25 08:26:00,2026-05-25 14:44:00,06:18:00,6.3
EA,IPSWICH,INSPECTION,ENG023,Sharon King,Anne Foster,W5601378,ME,M1,2026-05-25 10:30:00,2026-05-25 14:42:00,04:12:00,4.2
NW,BLACKBURN,METERING,ENG012,Brian Cook,Gary Williams,W5601379,EM,R1,2026-05-22 09:15:00,2026-05-22 12:09:00,02:54:00,2.9
SC,STIRLING,EMERGENCY,ENG002,Alistair Fraser,Steven Leckie,W5601380,MR,R1,2026-05-23 08:40:00,2026-05-23 13:46:00,05:06:00,5.1
EA,NORWICH,EMERGENCY,ENG022,Peter Wong,Mark Booker,W5601381,EM,R1,2026-05-21 10:35:00,2026-05-21 22:59:00,12:24:00,12.4
SO,PORTSMOUTH,REPAIR,ENG051,Wendy Nash,Phil Russell,W5601382,RO,R2,2026-05-23 09:38:00,2026-05-23 19:44:00,10:06:00,10.1
WM,WALSALL,METERING,ENG040,Wayne Edwards,Mark Reygate,W5601383,IR,M2,2026-05-25 11:41:00,2026-05-25 21:29:00,09:48:00,9.8
WM,COVENTRY,ROUTINE,ENG042,Steve Frost,Mark Reygate,W5601384,IR,R1,2026-05-27 09:54:00,2026-05-27 23:54:00,14:00:00,14.0
EA,PETERBOROUGH,EMERGENCY,ENG020,Mark Holloway,Mark Booker,W5601385,EM,E1,2026-05-26 08:36:00,2026-05-26 19:24:00,10:48:00,10.8
EA,IPSWICH,INSPECTION,ENG023,Sharon King,Anne Foster,W5601386,MR,R2,2026-05-21 11:13:00,2026-05-21 19:43:00,08:30:00,8.5
NT,NOTTINGHAM,EMERGENCY,ENG061,Cathy Dean,Sue Holt,W5601387,EM,E2,2026-05-26 09:27:00,2026-05-26 17:51:00,08:24:00,8.4
NE,MIDDLESBROUGH,REPAIR,ENG070,Janet Robb,Bill Tyne,W5601388,IR,E1,2026-05-25 06:41:00,2026-05-25 13:11:00,06:30:00,6.5
SO,SOUTHAMPTON,ROUTINE,ENG052,Chris Lamb,Phil Russell,W5601389,IR,M2,2026-05-27 08:35:00,2026-05-27 20:59:00,12:24:00,12.4
NT,LINCOLN,REPAIR,ENG062,Fred Archer,Sue Holt,W5601390,IR,R1,2026-05-25 10:51:00,2026-05-25 19:21:00,08:30:00,8.5
NE,NEWCASTLE,REPAIR,ENG070,Janet Robb,Bill Tyne,W5601391,IR,R1,2026-05-23 10:53:00,2026-05-24 02:05:00,15:12:00,15.2
NW,LIVERPOOL,EMERGENCY,ENG013,Helen Morris,Dave Clarke,W5601392,IR,E1,2026-05-27 09:46:00,2026-05-27 18:04:00,08:18:00,8.3
NE,DURHAM,REPAIR,ENG071,Alan Shaw,Bill Tyne,W5601393,EM,E2,2026-05-24 06:17:00,2026-05-24 14:23:00,08:06:00,8.1
NT,LEICESTER,METERING,ENG061,Cathy Dean,Sue Holt,W5601394,EM,R1,2026-05-26 08:36:00,2026-05-26 11:18:00,02:42:00,2.7
EA,CAMBRIDGE,INSPECTION,ENG021,Rachel Davies,Mark Booker,W5601395,ME,E1,2026-05-27 09:59:00,2026-05-27 15:47:00,05:48:00,5.8
EA,LUTON,REPAIR,ENG022,Peter Wong,Mark Booker,W5601396,IR,R2,2026-05-21 10:46:00,2026-05-21 14:52:00,04:05:59,4.1
EA,CAMBRIDGE,ROUTINE,ENG023,Sharon King,Anne Foster,W5601397,ME,E2,2026-05-25 11:01:00,2026-05-25 19:01:00,08:00:00,8.0
SC,STIRLING,EMERGENCY,ENG006,Kevin McAllister,Gordon Shaw,W5601398,IR,E2,2026-05-26 06:57:00,2026-05-26 20:27:00,13:30:00,13.5
SE,BRIGHTON,ROUTINE,ENG030,Stuart Porter,Ray Ingram,W5601399,RO,R2,2026-05-26 07:45:00,2026-05-26 16:51:00,09:06:00,9.1
SE,BRIGHTON,REPAIR,ENG030,Stuart Porter,Ray Ingram,W5601400,EM,M1,2026-05-24 11:01:00,2026-05-24 18:01:00,07:00:00,7.0
SC,DUNDEE,ROUTINE,ENG006,Kevin McAllister,Gordon Shaw,W5601401,MR,E1,2026-05-22 08:14:00,2026-05-22 15:20:00,07:06:00,7.1
SC,PAISLEY,INSPECTION,ENG002,Alistair Fraser,Steven Leckie,W5601402,ME,R1,2026-05-24 08:23:00,2026-05-24 16:05:00,07:42:00,7.7
SC,EDINBURGH,REPAIR,ENG003,Catriona Stewart,Graham Loan,W5601403,ME,R1,2026-05-25 07:41:00,2026-05-25 19:29:00,11:48:00,11.8
SC,DUNDEE,REPAIR,ENG001,John MacDonald,Steven Leckie,W5601404,RO,R1,2026-05-25 11:01:00,2026-05-25 17:25:00,06:24:00,6.4
SO,PORTSMOUTH,REPAIR,ENG052,Chris Lamb,Phil Russell,W5601405,MR,E1,2026-05-21 09:03:00,2026-05-21 12:27:00,03:24:00,3.4
WM,BIRMINGHAM,ROUTINE,ENG043,Diane Hunt,Tom Avery,W5601406,ME,E2,2026-05-24 09:09:00,2026-05-24 15:57:00,06:48:00,6.8
WM,COVENTRY,REPAIR,ENG042,Steve Frost,Mark Reygate,W5601407,IR,R1,2026-05-25 08:52:00,2026-05-25 14:28:00,05:36:00,5.6
NW,LIVERPOOL,ROUTINE,ENG011,Karen Simmons,Gary Williams,W5601408,ME,R2,2026-05-26 10:11:00,2026-05-26 22:29:00,12:18:00,12.3
WM,DUDLEY,EMERGENCY,ENG042,Steve Frost,Mark Reygate,W5601409,ME,R1,2026-05-26 09:29:00,2026-05-26 19:35:00,10:06:00,10.1
NE,GATESHEAD,METERING,ENG072,Liz Cooke,Bill Tyne,W5601410,RO,M1,2026-05-27 09:42:00,2026-05-27 14:12:00,04:30:00,4.5
WM,BIRMINGHAM,METERING,ENG040,Wayne Edwards,Mark Reygate,W5601411,IR,M2,2026-05-23 10:56:00,2026-05-23 13:26:00,02:30:00,2.5
NW,WARRINGTON,ROUTINE,ENG014,Alan Sharp,Dave Clarke,W5601412,EM,R1,2026-05-27 06:56:00,2026-05-27 09:14:00,02:18:00,2.3
SC,EDINBURGH,EMERGENCY,ENG001,John MacDonald,Steven Leckie,W5601413,MR,M1,2026-05-27 06:02:00,2026-05-27 08:08:00,02:06:00,2.1
NW,STOCKPORT,REPAIR,ENG011,Karen Simmons,Gary Williams,W5601414,RO,M1,2026-05-21 11:31:00,2026-05-21 14:01:00,02:30:00,2.5
NE,GATESHEAD,METERING,ENG070,Janet Robb,Bill Tyne,W5601415,RO,E2,2026-05-24 08:28:00,2026-05-24 22:58:00,14:30:00,14.5
WM,STOKE,REPAIR,ENG043,Diane Hunt,Tom Avery,W5601416,MR,E2,2026-05-26 06:59:00,2026-05-26 11:23:00,04:24:00,4.4
NE,NEWCASTLE,METERING,ENG072,Liz Cooke,Bill Tyne,W5601417,RO,M1,2026-05-26 08:33:00,2026-05-26 13:03:00,04:30:00,4.5
NW,WIGAN,INSPECTION,ENG012,Brian Cook,Gary Williams,W5601418,EM,R2,2026-05-21 10:13:00,2026-05-22 00:13:00,14:00:00,14.0
SO,SALISBURY,METERING,ENG050,Phil Hodgkins,Phil Russell,W5601419,IR,R2,2026-05-27 10:02:00,2026-05-27 19:26:00,09:24:00,9.4
NE,MIDDLESBROUGH,INSPECTION,ENG071,Alan Shaw,Bill Tyne,W5601420,ME,R1,2026-05-23 07:49:00,2026-05-23 18:55:00,11:06:00,11.1
SC,ABERDEEN,ROUTINE,ENG002,Alistair Fraser,Steven Leckie,W5601421,MR,R2,2026-05-21 10:38:00,2026-05-22 02:32:00,15:54:00,15.9
NT,LINCOLN,EMERGENCY,ENG062,Fred Archer,Sue Holt,W5601422,EM,R1,2026-05-22 11:19:00,2026-05-22 22:25:00,11:06:00,11.1
NE,SUNDERLAND,ROUTINE,ENG070,Janet Robb,Bill Tyne,W5601423,EM,M2,2026-05-25 09:39:00,2026-05-25 18:27:00,08:48:00,8.8
NT,DERBY,INSPECTION,ENG061,Cathy Dean,Sue Holt,W5601424,IR,E2,2026-05-22 08:18:00,2026-05-22 14:06:00,05:48:00,5.8
SC,PERTH,METERING,ENG003,Catriona Stewart,Graham Loan,W5601425,ME,R1,2026-05-22 11:06:00,2026-05-22 13:12:00,02:06:00,2.1
NW,STOCKPORT,INSPECTION,ENG013,Helen Morris,Dave Clarke,W5601426,MR,M2,2026-05-22 11:39:00,2026-05-22 18:03:00,06:24:00,6.4
EA,PETERBOROUGH,EMERGENCY,ENG021,Rachel Davies,Mark Booker,W5601427,MR,M2,2026-05-26 08:41:00,2026-05-27 00:11:00,15:30:00,15.5
SE,MAIDSTONE,EMERGENCY,ENG032,Colin James,Pat Nolan,W5601428,MR,M1,2026-05-24 06:28:00,2026-05-24 08:34:00,02:06:00,2.1
NE,DURHAM,ROUTINE,ENG070,Janet Robb,Bill Tyne,W5601429,ME,E2,2026-05-23 06:46:00,2026-05-23 15:40:00,08:54:00,8.9
WM,WOLVERHAMPTON,EMERGENCY,ENG042,Steve Frost,Mark Reygate,W5601430,IR,M1,2026-05-23 08:35:00,2026-05-23 15:53:00,07:18:00,7.3
EA,BEDFORD,EMERGENCY,ENG023,Sharon King,Anne Foster,W5601431,EM,E2,2026-05-21 06:42:00,2026-05-21 11:00:00,04:18:00,4.3
NW,BOLTON,INSPECTION,ENG011,Karen Simmons,Gary Williams,W5601432,MR,M2,2026-05-23 07:03:00,2026-05-23 16:57:00,09:54:00,9.9
EA,NORWICH,REPAIR,ENG023,Sharon King,Anne Foster,W5601433,EM,E2,2026-05-23 07:13:00,2026-05-23 21:19:00,14:06:00,14.1
NW,BLACKBURN,ROUTINE,ENG012,Brian Cook,Gary Williams,W5601434,MR,E1,2026-05-24 06:24:00,2026-05-24 09:54:00,03:30:00,3.5
NW,MANCHESTER,EMERGENCY,ENG013,Helen Morris,Dave Clarke,W5601435,MR,R1,2026-05-23 08:38:00,2026-05-23 17:50:00,09:12:00,9.2
SO,BOURNEMOUTH,INSPECTION,ENG051,Wendy Nash,Phil Russell,W5601436,EM,M2,2026-05-24 11:30:00,2026-05-24 22:18:00,10:48:00,10.8
SE,EASTBOURNE,REPAIR,ENG033,Julie Price,Pat Nolan,W5601437,IR,M1,2026-05-25 09:42:00,2026-05-26 01:00:00,15:18:00,15.3
SC,STIRLING,EMERGENCY,ENG003,Catriona Stewart,Graham Loan,W5601438,ME,E2,2026-05-21 09:18:00,2026-05-21 15:24:00,06:06:00,6.1
NE,SUNDERLAND,METERING,ENG070,Janet Robb,Bill Tyne,W5601439,EM,M1,2026-05-24 08:38:00,2026-05-25 00:26:00,15:48:00,15.8
WM,WOLVERHAMPTON,ROUTINE,ENG041,Una Cowling,Mark Reygate,W5601440,EM,M2,2026-05-24 06:35:00,2026-05-24 14:17:00,07:42:00,7.7
WM,COVENTRY,REPAIR,ENG040,Wayne Edwards,Mark Reygate,W5601441,IR,E2,2026-05-21 11:07:00,2026-05-22 02:01:00,14:54:00,14.9
NT,DERBY,METERING,ENG060,Barry Noon,Sue Holt,W5601442,EM,M1,2026-05-26 09:28:00,2026-05-26 20:04:00,10:36:00,10.6
WM,WALSALL,ROUTINE,ENG042,Steve Frost,Mark Reygate,W5601443,IR,E2,2026-05-27 07:08:00,2026-05-27 15:26:00,08:18:00,8.3
SE,MAIDSTONE,ROUTINE,ENG031,Tracey McIntyre,Ray Ingram,W5601444,IR,M1,2026-05-21 10:18:00,2026-05-22 01:06:00,14:48:00,14.8
SE,GUILDFORD,REPAIR,ENG031,Tracey McIntyre,Ray Ingram,W5601445,MR,E1,2026-05-21 07:49:00,2026-05-21 23:19:00,15:30:00,15.5
NE,GATESHEAD,ROUTINE,ENG072,Liz Cooke,Bill Tyne,W5601446,MR,E1,2026-05-26 10:30:00,2026-05-26 22:00:00,11:30:00,11.5
EA,PETERBOROUGH,REPAIR,ENG021,Rachel Davies,Mark Booker,W5601447,EM,R2,2026-05-21 06:05:00,2026-05-21 15:11:00,09:06:00,9.1
NW,BOLTON,METERING,ENG012,Brian Cook,Gary Williams,W5601448,EM,R2,2026-05-21 09:23:00,2026-05-22 01:17:00,15:54:00,15.9
EA,NORWICH,REPAIR,ENG023,Sharon King,Anne Foster,W5601449,EM,R2,2026-05-23 09:36:00,2026-05-23 17:48:00,08:11:59,8.2
SO,BOURNEMOUTH,EMERGENCY,ENG051,Wendy Nash,Phil Russell,W5601450,RO,R1,2026-05-25 11:35:00,2026-05-25 18:29:00,06:54:00,6.9
NE,SUNDERLAND,REPAIR,ENG070,Janet Robb,Bill Tyne,W5601451,ME,E1,2026-05-23 07:12:00,2026-05-23 21:48:00,14:36:00,14.6
SO,SOUTHAMPTON,METERING,ENG052,Chris Lamb,Phil Russell,W5601452,EM,R1,2026-05-23 09:38:00,2026-05-23 13:08:00,03:30:00,3.5
NE,SUNDERLAND,REPAIR,ENG072,Liz Cooke,Bill Tyne,W5601453,ME,M2,2026-05-27 11:26:00,2026-05-27 14:50:00,03:24:00,3.4
NT,NOTTINGHAM,METERING,ENG061,Cathy Dean,Sue Holt,W5601454,RO,R1,2026-05-27 08:14:00,2026-05-27 12:08:00,03:54:00,3.9
SC,DUNDEE,REPAIR,ENG006,Kevin McAllister,Gordon Shaw,W5601455,RO,R2,2026-05-24 08:24:00,2026-05-24 17:00:00,08:36:00,8.6
SO,SALISBURY,REPAIR,ENG051,Wendy Nash,Phil Russell,W5601456,MR,R2,2026-05-27 08:28:00,2026-05-27 17:46:00,09:18:00,9.3
SO,PORTSMOUTH,ROUTINE,ENG051,Wendy Nash,Phil Russell,W5601457,IR,R1,2026-05-26 09:58:00,2026-05-26 15:10:00,05:12:00,5.2
SE,GUILDFORD,EMERGENCY,ENG032,Colin James,Pat Nolan,W5601458,EM,E2,2026-05-26 10:28:00,2026-05-26 19:16:00,08:48:00,8.8
SO,PORTSMOUTH,REPAIR,ENG052,Chris Lamb,Phil Russell,W5601459,RO,M2,2026-05-21 11:09:00,2026-05-21 21:15:00,10:06:00,10.1
WM,WOLVERHAMPTON,METERING,ENG041,Una Cowling,Mark Reygate,W5601460,IR,M1,2026-05-24 09:58:00,2026-05-24 18:52:00,08:54:00,8.9
NE,SUNDERLAND,ROUTINE,ENG071,Alan Shaw,Bill Tyne,W5601461,ME,E1,2026-05-25 11:34:00,2026-05-25 22:58:00,11:24:00,11.4
NW,BLACKBURN,INSPECTION,ENG011,Karen Simmons,Gary Williams,W5601462,IR,E1,2026-05-27 11:24:00,2026-05-27 20:42:00,09:18:00,9.3
NT,NOTTINGHAM,METERING,ENG060,Barry Noon,Sue Holt,W5601463,IR,R2,2026-05-25 09:55:00,2026-05-25 19:49:00,09:54:00,9.9
WM,BIRMINGHAM,REPAIR,ENG040,Wayne Edwards,Mark Reygate,W5601464,MR,M1,2026-05-22 10:23:00,2026-05-22 12:29:00,02:06:00,2.1
EA,IPSWICH,EMERGENCY,ENG023,Sharon King,Anne Foster,W5601465,ME,M1,2026-05-22 08:50:00,2026-05-22 19:26:00,10:36:00,10.6
NE,MIDDLESBROUGH,REPAIR,ENG072,Liz Cooke,Bill Tyne,W5601466,RO,M1,2026-05-25 06:08:00,2026-05-25 14:32:00,08:24:00,8.4
WM,WOLVERHAMPTON,ROUTINE,ENG041,Una Cowling,Mark Reygate,W5601467,EM,R2,2026-05-23 11:29:00,2026-05-23 18:23:00,06:54:00,6.9
SC,PERTH,METERING,ENG002,Alistair Fraser,Steven Leckie,W5601468,IR,M2,2026-05-25 08:38:00,2026-05-25 18:02:00,09:24:00,9.4
SE,BRIGHTON,METERING,ENG033,Julie Price,Pat Nolan,W5601469,RO,E1,2026-05-26 09:30:00,2026-05-26 18:18:00,08:48:00,8.8
NE,NEWCASTLE,METERING,ENG070,Janet Robb,Bill Tyne,W5601470,IR,E2,2026-05-27 09:25:00,2026-05-27 15:01:00,05:36:00,5.6
NW,MANCHESTER,REPAIR,ENG012,Brian Cook,Gary Williams,W5601471,IR,R1,2026-05-27 06:53:00,2026-05-27 21:23:00,14:30:00,14.5
NW,BLACKBURN,INSPECTION,ENG010,Paul Dawson,Gary Williams,W5601472,IR,R2,2026-05-22 08:50:00,2026-05-22 17:38:00,08:48:00,8.8
EA,PETERBOROUGH,EMERGENCY,ENG020,Mark Holloway,Mark Booker,W5601473,ME,M2,2026-05-23 10:30:00,2026-05-23 17:00:00,06:30:00,6.5
EA,BEDFORD,INSPECTION,ENG022,Peter Wong,Mark Booker,W5601474,IR,R1,2026-05-25 08:13:00,2026-05-25 22:43:00,14:30:00,14.5
NE,SUNDERLAND,ROUTINE,ENG072,Liz Cooke,Bill Tyne,W5601475,IR,R2,2026-05-25 07:43:00,2026-05-25 19:55:00,12:12:00,12.2
NE,DURHAM,REPAIR,ENG072,Liz Cooke,Bill Tyne,W5601476,RO,M1,2026-05-21 08:15:00,2026-05-21 20:15:00,12:00:00,12.0
SO,BASINGSTOKE,EMERGENCY,ENG050,Phil Hodgkins,Phil Russell,W5601477,RO,M1,2026-05-23 06:30:00,2026-05-23 14:30:00,08:00:00,8.0
SE,HORSHAM,ROUTINE,ENG033,Julie Price,Pat Nolan,W5601478,ME,M1,2026-05-23 09:39:00,2026-05-24 00:39:00,15:00:00,15.0
WM,WOLVERHAMPTON,ROUTINE,ENG043,Diane Hunt,Tom Avery,W5601479,ME,R2,2026-05-22 11:00:00,2026-05-23 01:06:00,14:06:00,14.1
NE,NEWCASTLE,ROUTINE,ENG072,Liz Cooke,Bill Tyne,W5601480,EM,E2,2026-05-24 09:48:00,2026-05-24 21:42:00,11:54:00,11.9
NE,GATESHEAD,REPAIR,ENG072,Liz Cooke,Bill Tyne,W5601481,IR,E2,2026-05-23 07:40:00,2026-05-23 22:52:00,15:12:00,15.2
NE,SUNDERLAND,EMERGENCY,ENG072,Liz Cooke,Bill Tyne,W5601482,ME,E1,2026-05-27 07:39:00,2026-05-27 21:51:00,14:12:00,14.2
SO,BOURNEMOUTH,EMERGENCY,ENG051,Wendy Nash,Phil Russell,W5601483,EM,R1,2026-05-23 07:14:00,2026-05-23 20:08:00,12:54:00,12.9
NT,LINCOLN,EMERGENCY,ENG060,Barry Noon,Sue Holt,W5601484,RO,R2,2026-05-27 08:02:00,2026-05-27 11:32:00,03:30:00,3.5
NT,DERBY,REPAIR,ENG061,Cathy Dean,Sue Holt,W5601485,ME,E2,2026-05-22 08:08:00,2026-05-22 22:08:00,14:00:00,14.0
SC,INVERNESS,ROUTINE,ENG005,Fiona Cameron,Gordon Shaw,W5601486,MR,E1,2026-05-22 08:36:00,2026-05-22 18:00:00,09:24:00,9.4
NW,STOCKPORT,INSPECTION,ENG013,Helen Morris,Dave Clarke,W5601487,MR,E2,2026-05-26 11:41:00,2026-05-26 16:41:00,05:00:00,5.0
EA,IPSWICH,EMERGENCY,ENG020,Mark Holloway,Mark Booker,W5601488,RO,E1,2026-05-22 07:09:00,2026-05-22 13:51:00,06:42:00,6.7
EA,PETERBOROUGH,REPAIR,ENG023,Sharon King,Anne Foster,W5601489,ME,R2,2026-05-25 06:48:00,2026-05-25 10:48:00,04:00:00,4.0
WM,WALSALL,EMERGENCY,ENG043,Diane Hunt,Tom Avery,W5601490,ME,R1,2026-05-27 06:46:00,2026-05-27 15:22:00,08:36:00,8.6
NT,LEICESTER,METERING,ENG060,Barry Noon,Sue Holt,W5601491,MR,R1,2026-05-23 10:33:00,2026-05-23 13:33:00,03:00:00,3.0
NW,STOCKPORT,ROUTINE,ENG014,Alan Sharp,Dave Clarke,W5601492,EM,E2,2026-05-22 06:27:00,2026-05-22 10:33:00,04:05:59,4.1
SO,SALISBURY,INSPECTION,ENG050,Phil Hodgkins,Phil Russell,W5601493,MR,M2,2026-05-23 11:39:00,2026-05-24 00:15:00,12:36:00,12.6
SE,GUILDFORD,INSPECTION,ENG030,Stuart Porter,Ray Ingram,W5601494,IR,E1,2026-05-25 06:09:00,2026-05-25 13:57:00,07:48:00,7.8
SE,BRIGHTON,EMERGENCY,ENG030,Stuart Porter,Ray Ingram,W5601495,RO,R1,2026-05-21 07:14:00,2026-05-21 16:14:00,09:00:00,9.0
NW,LIVERPOOL,EMERGENCY,ENG014,Alan Sharp,Dave Clarke,W5601496,MR,R2,2026-05-25 06:34:00,2026-05-25 14:58:00,08:24:00,8.4
SC,INVERNESS,ROUTINE,ENG005,Fiona Cameron,Gordon Shaw,W5601497,IR,M2,2026-05-26 06:10:00,2026-05-26 15:04:00,08:54:00,8.9
NW,WARRINGTON,REPAIR,ENG010,Paul Dawson,Gary Williams,W5601498,RO,M2,2026-05-24 07:45:00,2026-05-24 11:27:00,03:42:00,3.7
NT,DERBY,METERING,ENG060,Barry Noon,Sue Holt,W5601499,MR,E1,2026-05-25 09:53:00,2026-05-25 13:17:00,03:24:00,3.4
NE,DURHAM,METERING,ENG070,Janet Robb,Bill Tyne,W5601500,ME,M2,2026-05-22 09:31:00,2026-05-23 00:49:00,15:18:00,15.3
WM,DUDLEY,EMERGENCY,ENG043,Diane Hunt,Tom Avery,W5601501,ME,R2,2026-05-23 11:52:00,2026-05-23 16:46:00,04:54:00,4.9
NE,GATESHEAD,METERING,ENG071,Alan Shaw,Bill Tyne,W5601502,MR,R2,2026-05-22 08:36:00,2026-05-22 13:36:00,05:00:00,5.0
EA,CAMBRIDGE,REPAIR,ENG023,Sharon King,Anne Foster,W5601503,EM,E1,2026-05-25 11:37:00,2026-05-25 14:07:00,02:30:00,2.5
SE,BRIGHTON,METERING,ENG030,Stuart Porter,Ray Ingram,W5601504,IR,M1,2026-05-21 07:49:00,2026-05-21 14:31:00,06:42:00,6.7
SC,PERTH,ROUTINE,ENG005,Fiona Cameron,Gordon Shaw,W5601505,EM,M2,2026-05-26 08:58:00,2026-05-26 21:16:00,12:18:00,12.3
WM,BIRMINGHAM,REPAIR,ENG040,Wayne Edwards,Mark Reygate,W5601506,IR,R1,2026-05-27 08:50:00,2026-05-27 14:44:00,05:54:00,5.9
EA,CAMBRIDGE,EMERGENCY,ENG021,Rachel Davies,Mark Booker,W5601507,MR,R2,2026-05-23 11:12:00,2026-05-24 02:06:00,14:54:00,14.9
NW,WIGAN,REPAIR,ENG011,Karen Simmons,Gary Williams,W5601508,EM,M1,2026-05-21 10:49:00,2026-05-21 23:25:00,12:36:00,12.6
SO,SOUTHAMPTON,ROUTINE,ENG052,Chris Lamb,Phil Russell,W5601509,IR,E1,2026-05-27 06:23:00,2026-05-27 21:59:00,15:36:00,15.6
NT,LEICESTER,REPAIR,ENG060,Barry Noon,Sue Holt,W5601510,RO,E2,2026-05-22 09:13:00,2026-05-23 00:55:00,15:42:00,15.7
SE,HORSHAM,INSPECTION,ENG032,Colin James,Pat Nolan,W5601511,IR,M1,2026-05-25 11:11:00,2026-05-25 19:59:00,08:48:00,8.8
NW,WARRINGTON,INSPECTION,ENG014,Alan Sharp,Dave Clarke,W5601512,EM,E2,2026-05-22 07:00:00,2026-05-22 09:24:00,02:24:00,2.4
WM,WOLVERHAMPTON,INSPECTION,ENG040,Wayne Edwards,Mark Reygate,W5601513,EM,E2,2026-05-26 08:29:00,2026-05-26 14:59:00,06:30:00,6.5
SO,SALISBURY,ROUTINE,ENG050,Phil Hodgkins,Phil Russell,W5601514,RO,M1,2026-05-22 10:32:00,2026-05-22 22:26:00,11:54:00,11.9
SE,EASTBOURNE,INSPECTION,ENG032,Colin James,Pat Nolan,W5601515,EM,M2,2026-05-23 11:07:00,2026-05-23 18:49:00,07:42:00,7.7
NT,LEICESTER,INSPECTION,ENG062,Fred Archer,Sue Holt,W5601516,RO,E1,2026-05-23 06:11:00,2026-05-23 21:17:00,15:06:00,15.1
NE,SUNDERLAND,ROUTINE,ENG070,Janet Robb,Bill Tyne,W5601517,ME,M1,2026-05-22 11:44:00,2026-05-22 18:32:00,06:48:00,6.8
NW,STOCKPORT,REPAIR,ENG011,Karen Simmons,Gary Williams,W5601518,ME,R1,2026-05-23 06:25:00,2026-05-23 16:55:00,10:30:00,10.5
WM,BIRMINGHAM,REPAIR,ENG040,Wayne Edwards,Mark Reygate,W5601519,MR,E2,2026-05-22 10:50:00,2026-05-22 23:14:00,12:24:00,12.4
SC,DUNDEE,INSPECTION,ENG001,John MacDonald,Steven Leckie,W5601520,EM,M1,2026-05-26 06:38:00,2026-05-26 15:26:00,08:48:00,8.8
WM,BIRMINGHAM,INSPECTION,ENG042,Steve Frost,Mark Reygate,W5601521,EM,M2,2026-05-25 10:23:00,2026-05-25 13:41:00,03:18:00,3.3
SO,BASINGSTOKE,REPAIR,ENG050,Phil Hodgkins,Phil Russell,W5601522,ME,M2,2026-05-26 09:35:00,2026-05-27 00:29:00,14:54:00,14.9
NW,STOCKPORT,ROUTINE,ENG013,Helen Morris,Dave Clarke,W5601523,MR,R2,2026-05-25 11:30:00,2026-05-26 00:30:00,13:00:00,13.0
WM,STOKE,REPAIR,ENG043,Diane Hunt,Tom Avery,W5601524,MR,R1,2026-05-25 06:17:00,2026-05-25 19:59:00,13:42:00,13.7
EA,BEDFORD,EMERGENCY,ENG022,Peter Wong,Mark Booker,W5601525,IR,E1,2026-05-21 11:06:00,2026-05-21 18:06:00,07:00:00,7.0
SE,MAIDSTONE,ROUTINE,ENG033,Julie Price,Pat Nolan,W5601526,MR,M2,2026-05-26 09:45:00,2026-05-26 21:27:00,11:42:00,11.7
SC,GLASGOW,METERING,ENG004,Douglas Reid,Graham Loan,W5601527,MR,R2,2026-05-27 08:08:00,2026-05-27 21:08:00,13:00:00,13.0
NT,LINCOLN,EMERGENCY,ENG061,Cathy Dean,Sue Holt,W5601528,IR,R2,2026-05-26 09:04:00,2026-05-26 21:34:00,12:30:00,12.5
SO,BASINGSTOKE,METERING,ENG052,Chris Lamb,Phil Russell,W5601529,EM,E2,2026-05-26 08:38:00,2026-05-26 11:56:00,03:18:00,3.3
SE,MAIDSTONE,REPAIR,ENG031,Tracey McIntyre,Ray Ingram,W5601530,ME,R2,2026-05-21 06:58:00,2026-05-21 18:16:00,11:18:00,11.3
SO,PORTSMOUTH,REPAIR,ENG051,Wendy Nash,Phil Russell,W5601531,EM,M2,2026-05-26 10:05:00,2026-05-26 23:23:00,13:18:00,13.3
NT,DERBY,REPAIR,ENG060,Barry Noon,Sue Holt,W5601532,RO,R2,2026-05-23 10:47:00,2026-05-23 16:35:00,05:48:00,5.8
WM,BIRMINGHAM,ROUTINE,ENG042,Steve Frost,Mark Reygate,W5601533,RO,M1,2026-05-25 08:29:00,2026-05-26 00:17:00,15:48:00,15.8
SO,BOURNEMOUTH,METERING,ENG052,Chris Lamb,Phil Russell,W5601534,IR,M2,2026-05-23 08:05:00,2026-05-23 19:05:00,11:00:00,11.0
NE,NEWCASTLE,ROUTINE,ENG070,Janet Robb,Bill Tyne,W5601535,MR,R1,2026-05-27 08:49:00,2026-05-27 12:19:00,03:30:00,3.5
EA,IPSWICH,REPAIR,ENG022,Peter Wong,Mark Booker,W5601536,MR,E2,2026-05-27 06:36:00,2026-05-27 21:12:00,14:36:00,14.6
SO,SALISBURY,METERING,ENG050,Phil Hodgkins,Phil Russell,W5601537,RO,E2,2026-05-27 10:48:00,2026-05-27 22:36:00,11:48:00,11.8
WM,DUDLEY,INSPECTION,ENG042,Steve Frost,Mark Reygate,W5601538,MR,E2,2026-05-25 07:32:00,2026-05-25 20:50:00,13:18:00,13.3
WM,STOKE,EMERGENCY,ENG041,Una Cowling,Mark Reygate,W5601539,MR,R2,2026-05-23 07:47:00,2026-05-23 10:41:00,02:54:00,2.9
NT,NOTTINGHAM,ROUTINE,ENG061,Cathy Dean,Sue Holt,W5601540,IR,M2,2026-05-27 09:49:00,2026-05-27 23:25:00,13:36:00,13.6
SO,PORTSMOUTH,REPAIR,ENG051,Wendy Nash,Phil Russell,W5601541,EM,R2,2026-05-22 10:46:00,2026-05-22 13:58:00,03:12:00,3.2
SE,GUILDFORD,INSPECTION,ENG030,Stuart Porter,Ray Ingram,W5601542,IR,R1,2026-05-23 11:43:00,2026-05-24 00:31:00,12:48:00,12.8
SC,PAISLEY,REPAIR,ENG004,Douglas Reid,Graham Loan,W5601543,RO,R1,2026-05-27 08:51:00,2026-05-27 12:45:00,03:54:00,3.9
SE,HORSHAM,EMERGENCY,ENG031,Tracey McIntyre,Ray Ingram,W5601544,MR,R2,2026-05-26 08:02:00,2026-05-26 18:32:00,10:30:00,10.5
SO,SOUTHAMPTON,ROUTINE,ENG050,Phil Hodgkins,Phil Russell,W5601545,RO,R2,2026-05-23 11:56:00,2026-05-23 17:08:00,05:12:00,5.2
EA,IPSWICH,REPAIR,ENG020,Mark Holloway,Mark Booker,W5601546,RO,E1,2026-05-26 08:52:00,2026-05-26 20:46:00,11:54:00,11.9
WM,WOLVERHAMPTON,METERING,ENG040,Wayne Edwards,Mark Reygate,W5601547,EM,R2,2026-05-27 06:42:00,2026-05-27 15:24:00,08:41:59,8.7
SC,STIRLING,ROUTINE,ENG002,Alistair Fraser,Steven Leckie,W5601548,ME,R1,2026-05-24 08:28:00,2026-05-24 16:46:00,08:18:00,8.3
SC,ABERDEEN,METERING,ENG003,Catriona Stewart,Graham Loan,W5601549,MR,M1,2026-05-23 08:15:00,2026-05-23 12:51:00,04:36:00,4.6
NE,NEWCASTLE,EMERGENCY,ENG072,Liz Cooke,Bill Tyne,W5601550,ME,R1,2026-05-27 08:09:00,2026-05-27 18:27:00,10:18:00,10.3
SC,INVERNESS,REPAIR,ENG001,John MacDonald,Steven Leckie,W5601551,RO,M1,2026-05-21 07:19:00,2026-05-21 11:49:00,04:30:00,4.5
SC,ABERDEEN,REPAIR,ENG004,Douglas Reid,Graham Loan,W5601552,EM,R1,2026-05-24 06:03:00,2026-05-24 08:03:00,02:00:00,2.0
NE,DURHAM,ROUTINE,ENG071,Alan Shaw,Bill Tyne,W5601553,ME,M2,2026-05-26 06:24:00,2026-05-26 19:06:00,12:42:00,12.7
NT,DERBY,ROUTINE,ENG061,Cathy Dean,Sue Holt,W5601554,MR,E2,2026-05-23 09:06:00,2026-05-23 11:42:00,02:36:00,2.6
NT,DERBY,REPAIR,ENG061,Cathy Dean,Sue Holt,W5601555,IR,R2,2026-05-26 11:59:00,2026-05-26 19:47:00,07:48:00,7.8
WM,BIRMINGHAM,INSPECTION,ENG043,Diane Hunt,Tom Avery,W5601556,IR,R1,2026-05-21 10:06:00,2026-05-21 19:18:00,09:12:00,9.2
SE,CROYDON,EMERGENCY,ENG033,Julie Price,Pat Nolan,W5601557,EM,R2,2026-05-23 09:42:00,2026-05-23 14:00:00,04:18:00,4.3
SE,HORSHAM,ROUTINE,ENG032,Colin James,Pat Nolan,W5601558,ME,M2,2026-05-24 06:34:00,2026-05-24 21:34:00,15:00:00,15.0
SC,DUNDEE,REPAIR,ENG005,Fiona Cameron,Gordon Shaw,W5601559,EM,M2,2026-05-23 11:04:00,2026-05-23 14:58:00,03:54:00,3.9
NW,BLACKBURN,ROUTINE,ENG014,Alan Sharp,Dave Clarke,W5601560,RO,E1,2026-05-21 11:47:00,2026-05-21 19:53:00,08:06:00,8.1
NT,NOTTINGHAM,REPAIR,ENG061,Cathy Dean,Sue Holt,W5601561,RO,E2,2026-05-22 06:51:00,2026-05-22 09:39:00,02:48:00,2.8
NE,DURHAM,EMERGENCY,ENG072,Liz Cooke,Bill Tyne,W5601562,EM,R1,2026-05-27 07:24:00,2026-05-27 14:30:00,07:06:00,7.1
NT,MANSFIELD,METERING,ENG060,Barry Noon,Sue Holt,W5601563,MR,R1,2026-05-22 08:14:00,2026-05-22 21:08:00,12:54:00,12.9
WM,BIRMINGHAM,EMERGENCY,ENG040,Wayne Edwards,Mark Reygate,W5601564,MR,M1,2026-05-23 11:43:00,2026-05-23 19:25:00,07:42:00,7.7
NE,DURHAM,INSPECTION,ENG070,Janet Robb,Bill Tyne,W5601565,MR,R1,2026-05-22 08:55:00,2026-05-22 22:25:00,13:30:00,13.5
NT,MANSFIELD,REPAIR,ENG062,Fred Archer,Sue Holt,W5601566,EM,R1,2026-05-25 07:29:00,2026-05-25 13:29:00,06:00:00,6.0
SE,GUILDFORD,EMERGENCY,ENG030,Stuart Porter,Ray Ingram,W5601567,ME,E2,2026-05-23 08:59:00,2026-05-23 20:35:00,11:36:00,11.6
EA,IPSWICH,EMERGENCY,ENG023,Sharon King,Anne Foster,W5601568,ME,M2,2026-05-23 09:25:00,2026-05-23 20:25:00,11:00:00,11.0
SE,EASTBOURNE,EMERGENCY,ENG031,Tracey McIntyre,Ray Ingram,W5601569,RO,R1,2026-05-24 08:30:00,2026-05-24 22:24:00,13:54:00,13.9
EA,NORWICH,REPAIR,ENG022,Peter Wong,Mark Booker,W5601570,RO,R2,2026-05-23 06:26:00,2026-05-23 14:50:00,08:24:00,8.4
SO,BOURNEMOUTH,EMERGENCY,ENG050,Phil Hodgkins,Phil Russell,W5601571,RO,E1,2026-05-24 10:06:00,2026-05-25 01:18:00,15:12:00,15.2
NW,LIVERPOOL,ROUTINE,ENG014,Alan Sharp,Dave Clarke,W5601572,RO,R1,2026-05-21 07:22:00,2026-05-21 12:58:00,05:36:00,5.6
SC,STIRLING,ROUTINE,ENG006,Kevin McAllister,Gordon Shaw,W5601573,EM,M1,2026-05-22 08:47:00,2026-05-22 15:41:00,06:54:00,6.9
WM,DUDLEY,EMERGENCY,ENG041,Una Cowling,Mark Reygate,W5601574,EM,E2,2026-05-23 07:10:00,2026-05-23 10:16:00,03:06:00,3.1
NT,LEICESTER,ROUTINE,ENG060,Barry Noon,Sue Holt,W5601575,MR,R1,2026-05-24 10:13:00,2026-05-24 23:37:00,13:24:00,13.4
SO,PORTSMOUTH,ROUTINE,ENG050,Phil Hodgkins,Phil Russell,W5601576,ME,E2,2026-05-24 08:02:00,2026-05-24 19:14:00,11:12:00,11.2
WM,COVENTRY,EMERGENCY,ENG041,Una Cowling,Mark Reygate,W5601577,MR,M2,2026-05-23 09:50:00,2026-05-23 19:02:00,09:12:00,9.2
SE,BRIGHTON,METERING,ENG033,Julie Price,Pat Nolan,W5601578,ME,R2,2026-05-21 10:58:00,2026-05-22 00:52:00,13:54:00,13.9
NW,STOCKPORT,REPAIR,ENG013,Helen Morris,Dave Clarke,W5601579,ME,E2,2026-05-26 09:28:00,2026-05-26 22:28:00,13:00:00,13.0
WM,BIRMINGHAM,METERING,ENG043,Diane Hunt,Tom Avery,W5601580,IR,E2,2026-05-21 10:00:00,2026-05-22 01:00:00,15:00:00,15.0
SO,BASINGSTOKE,REPAIR,ENG052,Chris Lamb,Phil Russell,W5601581,EM,R2,2026-05-27 11:11:00,2026-05-27 20:47:00,09:36:00,9.6
NT,MANSFIELD,EMERGENCY,ENG062,Fred Archer,Sue Holt,W5601582,EM,M1,2026-05-21 11:43:00,2026-05-21 16:07:00,04:24:00,4.4
NT,DERBY,ROUTINE,ENG061,Cathy Dean,Sue Holt,W5601583,MR,M2,2026-05-27 11:53:00,2026-05-27 20:11:00,08:18:00,8.3
NT,MANSFIELD,ROUTINE,ENG060,Barry Noon,Sue Holt,W5601584,MR,M2,2026-05-21 06:37:00,2026-05-21 20:07:00,13:30:00,13.5
NE,NEWCASTLE,INSPECTION,ENG070,Janet Robb,Bill Tyne,W5601585,EM,E2,2026-05-23 06:05:00,2026-05-23 10:53:00,04:48:00,4.8
EA,NORWICH,EMERGENCY,ENG023,Sharon King,Anne Foster,W5601586,ME,R2,2026-05-26 08:52:00,2026-05-26 20:04:00,11:12:00,11.2
SO,PORTSMOUTH,REPAIR,ENG052,Chris Lamb,Phil Russell,W5601587,IR,E2,2026-05-24 11:49:00,2026-05-25 00:25:00,12:36:00,12.6
EA,CAMBRIDGE,EMERGENCY,ENG023,Sharon King,Anne Foster,W5601588,EM,R2,2026-05-26 09:11:00,2026-05-26 19:29:00,10:18:00,10.3
SC,ABERDEEN,INSPECTION,ENG002,Alistair Fraser,Steven Leckie,W5601589,MR,E2,2026-05-22 09:25:00,2026-05-22 15:55:00,06:30:00,6.5
WM,STOKE,ROUTINE,ENG042,Steve Frost,Mark Reygate,W5601590,ME,R1,2026-05-22 10:40:00,2026-05-22 13:04:00,02:24:00,2.4
SO,BASINGSTOKE,ROUTINE,ENG052,Chris Lamb,Phil Russell,W5601591,ME,M1,2026-05-21 08:43:00,2026-05-21 23:25:00,14:42:00,14.7
SC,DUNDEE,METERING,ENG004,Douglas Reid,Graham Loan,W5601592,IR,E2,2026-05-27 08:49:00,2026-05-27 20:25:00,11:36:00,11.6
SE,HORSHAM,ROUTINE,ENG031,Tracey McIntyre,Ray Ingram,W5601593,RO,E2,2026-05-24 11:13:00,2026-05-24 14:31:00,03:18:00,3.3
NT,DERBY,ROUTINE,ENG060,Barry Noon,Sue Holt,W5601594,ME,E1,2026-05-21 08:56:00,2026-05-21 14:08:00,05:12:00,5.2
SO,PORTSMOUTH,EMERGENCY,ENG051,Wendy Nash,Phil Russell,W5601595,IR,R2,2026-05-23 09:33:00,2026-05-23 21:57:00,12:24:00,12.4
NE,DURHAM,ROUTINE,ENG070,Janet Robb,Bill Tyne,W5601596,EM,M2,2026-05-22 08:59:00,2026-05-22 11:53:00,02:54:00,2.9
NE,NEWCASTLE,METERING,ENG071,Alan Shaw,Bill Tyne,W5601597,ME,M2,2026-05-23 09:56:00,2026-05-23 19:50:00,09:54:00,9.9
NW,BLACKBURN,REPAIR,ENG013,Helen Morris,Dave Clarke,W5601598,EM,E1,2026-05-23 10:45:00,2026-05-23 17:27:00,06:42:00,6.7
SC,PAISLEY,ROUTINE,ENG004,Douglas Reid,Graham Loan,W5601599,IR,M2,2026-05-22 09:05:00,2026-05-22 12:41:00,03:36:00,3.6
SO,BOURNEMOUTH,ROUTINE,ENG050,Phil Hodgkins,Phil Russell,W5601600,EM,E2,2026-05-22 10:57:00,2026-05-23 00:15:00,13:18:00,13.3
NT,NOTTINGHAM,ROUTINE,ENG060,Barry Noon,Sue Holt,W5601601,ME,M2,2026-05-21 08:39:00,2026-05-21 21:27:00,12:48:00,12.8
SE,HORSHAM,INSPECTION,ENG032,Colin James,Pat Nolan,W5601602,EM,R2,2026-05-27 10:33:00,2026-05-27 20:39:00,10:06:00,10.1
SC,EDINBURGH,ROUTINE,ENG006,Kevin McAllister,Gordon Shaw,W5601603,ME,R1,2026-05-22 09:55:00,2026-05-22 19:55:00,10:00:00,10.0
WM,BIRMINGHAM,ROUTINE,ENG043,Diane Hunt,Tom Avery,W5601604,MR,E1,2026-05-27 09:51:00,2026-05-27 14:51:00,05:00:00,5.0
SC,PAISLEY,REPAIR,ENG003,Catriona Stewart,Graham Loan,W5601605,MR,R2,2026-05-22 09:44:00,2026-05-22 15:44:00,06:00:00,6.0
EA,BEDFORD,REPAIR,ENG022,Peter Wong,Mark Booker,W5601606,RO,R1,2026-05-24 07:08:00,2026-05-24 11:26:00,04:18:00,4.3
NE,NEWCASTLE,INSPECTION,ENG072,Liz Cooke,Bill Tyne,W5601607,IR,E1,2026-05-22 11:21:00,2026-05-23 00:39:00,13:18:00,13.3
SO,BASINGSTOKE,EMERGENCY,ENG051,Wendy Nash,Phil Russell,W5601608,EM,R1,2026-05-27 11:11:00,2026-05-27 20:59:00,09:48:00,9.8
NT,LINCOLN,INSPECTION,ENG060,Barry Noon,Sue Holt,W5601609,ME,M2,2026-05-26 06:12:00,2026-05-26 10:48:00,04:36:00,4.6
EA,PETERBOROUGH,INSPECTION,ENG022,Peter Wong,Mark Booker,W5601610,MR,R1,2026-05-21 06:39:00,2026-05-21 13:51:00,07:12:00,7.2
EA,BEDFORD,METERING,ENG022,Peter Wong,Mark Booker,W5601611,RO,R2,2026-05-22 06:15:00,2026-05-22 09:21:00,03:06:00,3.1
SO,PORTSMOUTH,ROUTINE,ENG052,Chris Lamb,Phil Russell,W5601612,IR,M2,2026-05-24 09:19:00,2026-05-24 19:01:00,09:42:00,9.7
SO,BOURNEMOUTH,ROUTINE,ENG052,Chris Lamb,Phil Russell,W5601613,MR,R2,2026-05-25 11:01:00,2026-05-25 21:43:00,10:42:00,10.7
SE,MAIDSTONE,INSPECTION,ENG032,Colin James,Pat Nolan,W5601614,RO,E2,2026-05-22 10:33:00,2026-05-22 22:21:00,11:48:00,11.8
NW,MANCHESTER,METERING,ENG013,Helen Morris,Dave Clarke,W5601615,EM,M2,2026-05-21 07:38:00,2026-05-21 10:38:00,03:00:00,3.0
SE,BRIGHTON,EMERGENCY,ENG030,Stuart Porter,Ray Ingram,W5601616,RO,M2,2026-05-23 10:28:00,2026-05-23 23:34:00,13:06:00,13.1
WM,WOLVERHAMPTON,ROUTINE,ENG040,Wayne Edwards,Mark Reygate,W5601617,IR,E1,2026-05-21 10:50:00,2026-05-21 13:38:00,02:48:00,2.8
WM,WOLVERHAMPTON,INSPECTION,ENG042,Steve Frost,Mark Reygate,W5601618,IR,M1,2026-05-24 08:15:00,2026-05-24 12:51:00,04:36:00,4.6
NT,LEICESTER,METERING,ENG061,Cathy Dean,Sue Holt,W5601619,RO,R1,2026-05-22 07:04:00,2026-05-22 13:28:00,06:24:00,6.4
NE,GATESHEAD,METERING,ENG071,Alan Shaw,Bill Tyne,W5601620,RO,M1,2026-05-22 07:02:00,2026-05-22 22:20:00,15:18:00,15.3
SE,EASTBOURNE,EMERGENCY,ENG033,Julie Price,Pat Nolan,W5601621,RO,M2,2026-05-26 06:06:00,2026-05-26 14:54:00,08:48:00,8.8
SC,ABERDEEN,INSPECTION,ENG004,Douglas Reid,Graham Loan,W5601622,IR,R2,2026-05-22 11:34:00,2026-05-22 18:28:00,06:54:00,6.9
NT,DERBY,ROUTINE,ENG060,Barry Noon,Sue Holt,W5601623,RO,R2,2026-05-21 08:48:00,2026-05-21 17:06:00,08:18:00,8.3
SC,PERTH,INSPECTION,ENG001,John MacDonald,Steven Leckie,W5601624,IR,E1,2026-05-22 07:43:00,2026-05-22 20:55:00,13:12:00,13.2
WM,DUDLEY,REPAIR,ENG042,Steve Frost,Mark Reygate,W5601625,MR,M2,2026-05-22 11:21:00,2026-05-22 23:27:00,12:06:00,12.1
SE,GUILDFORD,INSPECTION,ENG031,Tracey McIntyre,Ray Ingram,W5601626,ME,M1,2026-05-26 07:09:00,2026-05-26 14:39:00,07:30:00,7.5
SE,MAIDSTONE,EMERGENCY,ENG033,Julie Price,Pat Nolan,W5601627,MR,E2,2026-05-22 07:52:00,2026-05-22 16:16:00,08:24:00,8.4
EA,PETERBOROUGH,ROUTINE,ENG022,Peter Wong,Mark Booker,W5601628,EM,E2,2026-05-26 09:30:00,2026-05-27 00:54:00,15:24:00,15.4
NW,WARRINGTON,EMERGENCY,ENG014,Alan Sharp,Dave Clarke,W5601629,ME,M1,2026-05-27 11:37:00,2026-05-27 22:31:00,10:54:00,10.9
WM,DUDLEY,REPAIR,ENG041,Una Cowling,Mark Reygate,W5601630,EM,E1,2026-05-23 08:10:00,2026-05-23 20:46:00,12:36:00,12.6
SC,GLASGOW,ROUTINE,ENG001,John MacDonald,Steven Leckie,W5601631,EM,R2,2026-05-27 07:42:00,2026-05-27 21:18:00,13:36:00,13.6
SC,INVERNESS,REPAIR,ENG002,Alistair Fraser,Steven Leckie,W5601632,IR,M1,2026-05-25 10:59:00,2026-05-25 23:41:00,12:42:00,12.7
SE,MAIDSTONE,METERING,ENG033,Julie Price,Pat Nolan,W5601633,ME,E1,2026-05-26 08:50:00,2026-05-26 15:08:00,06:18:00,6.3
NE,SUNDERLAND,REPAIR,ENG071,Alan Shaw,Bill Tyne,W5601634,ME,M2,2026-05-26 11:15:00,2026-05-26 21:45:00,10:30:00,10.5
EA,BEDFORD,EMERGENCY,ENG022,Peter Wong,Mark Booker,W5601635,ME,R2,2026-05-26 09:56:00,2026-05-26 17:50:00,07:54:00,7.9
WM,WOLVERHAMPTON,INSPECTION,ENG043,Diane Hunt,Tom Avery,W5601636,IR,E1,2026-05-23 11:29:00,2026-05-23 21:47:00,10:18:00,10.3
NT,LINCOLN,INSPECTION,ENG061,Cathy Dean,Sue Holt,W5601637,RO,E2,2026-05-24 07:52:00,2026-05-24 23:34:00,15:42:00,15.7
NT,MANSFIELD,REPAIR,ENG060,Barry Noon,Sue Holt,W5601638,ME,E1,2026-05-27 06:56:00,2026-05-27 21:56:00,15:00:00,15.0
NE,NEWCASTLE,REPAIR,ENG072,Liz Cooke,Bill Tyne,W5601639,ME,R2,2026-05-24 06:10:00,2026-05-24 14:40:00,08:30:00,8.5
EA,BEDFORD,EMERGENCY,ENG020,Mark Holloway,Mark Booker,W5601640,IR,R1,2026-05-23 11:25:00,2026-05-23 21:43:00,10:18:00,10.3
EA,CAMBRIDGE,EMERGENCY,ENG023,Sharon King,Anne Foster,W5601641,IR,M1,2026-05-25 09:14:00,2026-05-25 23:32:00,14:18:00,14.3
NW,BLACKBURN,INSPECTION,ENG011,Karen Simmons,Gary Williams,W5601642,IR,M1,2026-05-21 08:32:00,2026-05-21 16:20:00,07:48:00,7.8
WM,WOLVERHAMPTON,ROUTINE,ENG042,Steve Frost,Mark Reygate,W5601643,ME,R1,2026-05-27 06:52:00,2026-05-27 20:52:00,14:00:00,14.0
SO,SALISBURY,ROUTINE,ENG052,Chris Lamb,Phil Russell,W5601644,MR,R1,2026-05-24 07:04:00,2026-05-24 21:22:00,14:18:00,14.3
SE,MAIDSTONE,ROUTINE,ENG032,Colin James,Pat Nolan,W5601645,EM,E1,2026-05-23 11:03:00,2026-05-23 19:57:00,08:54:00,8.9
WM,BIRMINGHAM,REPAIR,ENG040,Wayne Edwards,Mark Reygate,W5601646,IR,R1,2026-05-21 06:44:00,2026-05-21 16:56:00,10:12:00,10.2
EA,PETERBOROUGH,EMERGENCY,ENG021,Rachel Davies,Mark Booker,W5601647,EM,R2,2026-05-26 11:45:00,2026-05-27 03:09:00,15:24:00,15.4
NT,LINCOLN,INSPECTION,ENG060,Barry Noon,Sue Holt,W5601648,ME,R2,2026-05-27 11:19:00,2026-05-28 00:31:00,13:12:00,13.2
NE,MIDDLESBROUGH,EMERGENCY,ENG071,Alan Shaw,Bill Tyne,W5601649,MR,E2,2026-05-22 11:46:00,2026-05-22 16:28:00,04:42:00,4.7
NT,NOTTINGHAM,METERING,ENG062,Fred Archer,Sue Holt,W5601650,RO,R1,2026-05-25 11:26:00,2026-05-25 16:02:00,04:36:00,4.6
NW,BLACKBURN,METERING,ENG013,Helen Morris,Dave Clarke,W5601651,EM,M1,2026-05-27 06:39:00,2026-05-27 15:27:00,08:48:00,8.8
WM,WOLVERHAMPTON,INSPECTION,ENG040,Wayne Edwards,Mark Reygate,W5601652,MR,R1,2026-05-25 10:43:00,2026-05-25 23:19:00,12:36:00,12.6
EA,CAMBRIDGE,REPAIR,ENG022,Peter Wong,Mark Booker,W5601653,EM,M2,2026-05-26 08:46:00,2026-05-26 13:58:00,05:12:00,5.2
WM,WALSALL,INSPECTION,ENG042,Steve Frost,Mark Reygate,W5601654,MR,M1,2026-05-22 07:27:00,2026-05-22 14:09:00,06:42:00,6.7
WM,COVENTRY,ROUTINE,ENG043,Diane Hunt,Tom Avery,W5601655,MR,M2,2026-05-22 09:37:00,2026-05-22 12:19:00,02:42:00,2.7
NE,DURHAM,METERING,ENG071,Alan Shaw,Bill Tyne,W5601656,IR,R1,2026-05-23 08:33:00,2026-05-23 16:09:00,07:36:00,7.6
NT,LINCOLN,ROUTINE,ENG062,Fred Archer,Sue Holt,W5601657,EM,E2,2026-05-25 10:09:00,2026-05-26 01:51:00,15:42:00,15.7
SC,ABERDEEN,ROUTINE,ENG003,Catriona Stewart,Graham Loan,W5601658,RO,M2,2026-05-21 08:43:00,2026-05-21 21:55:00,13:12:00,13.2
NW,LIVERPOOL,INSPECTION,ENG013,Helen Morris,Dave Clarke,W5601659,MR,M2,2026-05-26 07:25:00,2026-05-26 15:37:00,08:11:59,8.2
NE,DURHAM,INSPECTION,ENG070,Janet Robb,Bill Tyne,W5601660,RO,R1,2026-05-26 09:30:00,2026-05-26 23:18:00,13:48:00,13.8
SE,GUILDFORD,REPAIR,ENG030,Stuart Porter,Ray Ingram,W5601661,RO,M2,2026-05-26 08:10:00,2026-05-26 20:04:00,11:54:00,11.9
SC,PERTH,ROUTINE,ENG001,John MacDonald,Steven Leckie,W5601662,RO,M1,2026-05-26 09:47:00,2026-05-26 18:05:00,08:18:00,8.3
WM,BIRMINGHAM,INSPECTION,ENG040,Wayne Edwards,Mark Reygate,W5601663,EM,M2,2026-05-22 07:12:00,2026-05-22 12:48:00,05:36:00,5.6
NW,WIGAN,ROUTINE,ENG013,Helen Morris,Dave Clarke,W5601664,IR,M2,2026-05-23 10:08:00,2026-05-23 20:44:00,10:36:00,10.6
SE,BRIGHTON,EMERGENCY,ENG033,Julie Price,Pat Nolan,W5601665,MR,R2,2026-05-21 08:45:00,2026-05-21 10:45:00,02:00:00,2.0
NW,WIGAN,INSPECTION,ENG013,Helen Morris,Dave Clarke,W5601666,MR,M1,2026-05-24 11:53:00,2026-05-24 18:29:00,06:36:00,6.6
WM,COVENTRY,METERING,ENG040,Wayne Edwards,Mark Reygate,W5601667,MR,M1,2026-05-22 06:41:00,2026-05-22 12:47:00,06:06:00,6.1
SE,BRIGHTON,INSPECTION,ENG031,Tracey McIntyre,Ray Ingram,W5601668,IR,E1,2026-05-23 10:32:00,2026-05-23 20:32:00,10:00:00,10.0
SE,GUILDFORD,EMERGENCY,ENG033,Julie Price,Pat Nolan,W5601669,ME,E2,2026-05-26 10:18:00,2026-05-27 02:18:00,16:00:00,16.0
NE,NEWCASTLE,METERING,ENG071,Alan Shaw,Bill Tyne,W5601670,EM,E2,2026-05-21 10:07:00,2026-05-21 19:55:00,09:48:00,9.8
SE,CROYDON,REPAIR,ENG031,Tracey McIntyre,Ray Ingram,W5601671,MR,M1,2026-05-22 06:07:00,2026-05-22 17:37:00,11:30:00,11.5
NE,GATESHEAD,REPAIR,ENG071,Alan Shaw,Bill Tyne,W5601672,RO,E2,2026-05-21 06:25:00,2026-05-21 10:43:00,04:18:00,4.3
SE,GUILDFORD,REPAIR,ENG030,Stuart Porter,Ray Ingram,W5601673,MR,M2,2026-05-26 07:26:00,2026-05-26 19:08:00,11:42:00,11.7
WM,COVENTRY,REPAIR,ENG040,Wayne Edwards,Mark Reygate,W5601674,ME,E2,2026-05-23 09:45:00,2026-05-23 13:51:00,04:05:59,4.1
EA,CAMBRIDGE,METERING,ENG021,Rachel Davies,Mark Booker,W5601675,EM,R1,2026-05-24 09:02:00,2026-05-24 13:32:00,04:30:00,4.5
SO,BASINGSTOKE,EMERGENCY,ENG052,Chris Lamb,Phil Russell,W5601676,EM,E2,2026-05-27 10:33:00,2026-05-28 00:09:00,13:36:00,13.6
NW,LIVERPOOL,INSPECTION,ENG014,Alan Sharp,Dave Clarke,W5601677,ME,R2,2026-05-21 11:42:00,2026-05-22 00:00:00,12:18:00,12.3
NW,WIGAN,METERING,ENG011,Karen Simmons,Gary Williams,W5601678,ME,R1,2026-05-25 06:50:00,2026-05-25 11:50:00,05:00:00,5.0
SE,HORSHAM,EMERGENCY,ENG030,Stuart Porter,Ray Ingram,W5601679,ME,R2,2026-05-25 11:42:00,2026-05-25 22:54:00,11:12:00,11.2
EA,PETERBOROUGH,METERING,ENG020,Mark Holloway,Mark Booker,W5601680,RO,M1,2026-05-25 09:16:00,2026-05-25 13:22:00,04:05:59,4.1
WM,STOKE,REPAIR,ENG040,Wayne Edwards,Mark Reygate,W5601681,MR,M1,2026-05-22 06:40:00,2026-05-22 11:16:00,04:36:00,4.6
SO,SALISBURY,ROUTINE,ENG050,Phil Hodgkins,Phil Russell,W5601682,RO,M1,2026-05-25 08:38:00,2026-05-25 15:02:00,06:24:00,6.4
NW,LIVERPOOL,EMERGENCY,ENG013,Helen Morris,Dave Clarke,W5601683,IR,R1,2026-05-26 09:38:00,2026-05-26 17:38:00,08:00:00,8.0
WM,WALSALL,ROUTINE,ENG043,Diane Hunt,Tom Avery,W5601684,ME,R2,2026-05-26 07:44:00,2026-05-26 17:26:00,09:42:00,9.7
WM,DUDLEY,INSPECTION,ENG042,Steve Frost,Mark Reygate,W5601685,RO,E1,2026-05-22 10:22:00,2026-05-22 22:28:00,12:06:00,12.1
SE,MAIDSTONE,ROUTINE,ENG031,Tracey McIntyre,Ray Ingram,W5601686,RO,R2,2026-05-26 10:11:00,2026-05-26 23:29:00,13:18:00,13.3
NW,LIVERPOOL,INSPECTION,ENG011,Karen Simmons,Gary Williams,W5601687,MR,R1,2026-05-24 06:50:00,2026-05-24 15:44:00,08:54:00,8.9
WM,STOKE,METERING,ENG043,Diane Hunt,Tom Avery,W5601688,IR,E2,2026-05-26 11:57:00,2026-05-26 19:21:00,07:24:00,7.4
NE,GATESHEAD,INSPECTION,ENG070,Janet Robb,Bill Tyne,W5601689,IR,E2,2026-05-23 09:32:00,2026-05-23 20:44:00,11:12:00,11.2
EA,CAMBRIDGE,ROUTINE,ENG020,Mark Holloway,Mark Booker,W5601690,EM,R2,2026-05-25 07:17:00,2026-05-25 19:05:00,11:48:00,11.8
SO,PORTSMOUTH,ROUTINE,ENG050,Phil Hodgkins,Phil Russell,W5601691,RO,M2,2026-05-25 11:51:00,2026-05-25 17:21:00,05:30:00,5.5
SO,BASINGSTOKE,EMERGENCY,ENG050,Phil Hodgkins,Phil Russell,W5601692,MR,E1,2026-05-26 09:19:00,2026-05-26 17:19:00,08:00:00,8.0
SO,SALISBURY,METERING,ENG051,Wendy Nash,Phil Russell,W5601693,EM,R1,2026-05-24 11:54:00,2026-05-24 19:06:00,07:12:00,7.2
SO,SALISBURY,REPAIR,ENG050,Phil Hodgkins,Phil Russell,W5601694,IR,M2,2026-05-25 06:00:00,2026-05-25 09:18:00,03:18:00,3.3
NE,GATESHEAD,ROUTINE,ENG070,Janet Robb,Bill Tyne,W5601695,ME,R1,2026-05-26 08:20:00,2026-05-26 12:02:00,03:42:00,3.7
SC,GLASGOW,REPAIR,ENG006,Kevin McAllister,Gordon Shaw,W5601696,RO,R1,2026-05-24 08:06:00,2026-05-24 12:06:00,04:00:00,4.0
NE,MIDDLESBROUGH,EMERGENCY,ENG071,Alan Shaw,Bill Tyne,W5601697,EM,E2,2026-05-25 10:08:00,2026-05-25 16:14:00,06:06:00,6.1
EA,LUTON,ROUTINE,ENG020,Mark Holloway,Mark Booker,W5601698,RO,R1,2026-05-26 07:00:00,2026-05-26 17:24:00,10:24:00,10.4
WM,DUDLEY,METERING,ENG042,Steve Frost,Mark Reygate,W5601699,RO,M2,2026-05-25 07:03:00,2026-05-25 21:15:00,14:12:00,14.2
NT,MANSFIELD,EMERGENCY,ENG062,Fred Archer,Sue Holt,W5601700,RO,M2,2026-05-24 11:34:00,2026-05-24 23:58:00,12:24:00,12.4
SE,CROYDON,EMERGENCY,ENG033,Julie Price,Pat Nolan,W5601701,ME,E1,2026-05-23 07:46:00,2026-05-23 23:16:00,15:30:00,15.5
NW,WARRINGTON,REPAIR,ENG011,Karen Simmons,Gary Williams,W5601702,ME,M1,2026-05-21 11:48:00,2026-05-21 22:06:00,10:18:00,10.3
SE,MAIDSTONE,METERING,ENG033,Julie Price,Pat Nolan,W5601703,EM,M1,2026-05-24 09:17:00,2026-05-24 22:05:00,12:48:00,12.8
NE,NEWCASTLE,EMERGENCY,ENG070,Janet Robb,Bill Tyne,W5601704,IR,R2,2026-05-25 09:37:00,2026-05-25 19:55:00,10:18:00,10.3
NT,LEICESTER,REPAIR,ENG061,Cathy Dean,Sue Holt,W5601705,MR,E1,2026-05-25 10:02:00,2026-05-25 19:32:00,09:30:00,9.5
NW,LIVERPOOL,METERING,ENG011,Karen Simmons,Gary Williams,W5601706,ME,M2,2026-05-24 09:03:00,2026-05-24 20:39:00,11:36:00,11.6
SO,BOURNEMOUTH,ROUTINE,ENG051,Wendy Nash,Phil Russell,W5601707,IR,R2,2026-05-26 10:34:00,2026-05-26 20:10:00,09:36:00,9.6
SE,CROYDON,REPAIR,ENG030,Stuart Porter,Ray Ingram,W5601708,IR,R1,2026-05-25 08:15:00,2026-05-25 22:39:00,14:24:00,14.4
SE,BRIGHTON,ROUTINE,ENG030,Stuart Porter,Ray Ingram,W5601709,EM,E1,2026-05-22 08:30:00,2026-05-22 21:24:00,12:54:00,12.9
NT,LINCOLN,INSPECTION,ENG061,Cathy Dean,Sue Holt,W5601710,RO,R1,2026-05-24 06:12:00,2026-05-24 15:18:00,09:06:00,9.1
SO,BOURNEMOUTH,ROUTINE,ENG050,Phil Hodgkins,Phil Russell,W5601711,IR,E1,2026-05-23 08:57:00,2026-05-23 19:33:00,10:36:00,10.6
NT,LEICESTER,EMERGENCY,ENG061,Cathy Dean,Sue Holt,W5601712,EM,E1,2026-05-21 07:04:00,2026-05-21 10:16:00,03:12:00,3.2
NW,STOCKPORT,EMERGENCY,ENG010,Paul Dawson,Gary Williams,W5601713,RO,E1,2026-05-23 08:57:00,2026-05-23 15:39:00,06:42:00,6.7
WM,DUDLEY,METERING,ENG041,Una Cowling,Mark Reygate,W5601714,EM,M2,2026-05-23 11:24:00,2026-05-23 16:24:00,05:00:00,5.0
NW,BOLTON,METERING,ENG010,Paul Dawson,Gary Williams,W5601715,MR,R1,2026-05-24 11:19:00,2026-05-25 00:01:00,12:42:00,12.7
NT,MANSFIELD,EMERGENCY,ENG060,Barry Noon,Sue Holt,W5601716,RO,E2,2026-05-25 06:01:00,2026-05-25 11:55:00,05:54:00,5.9
NW,MANCHESTER,EMERGENCY,ENG011,Karen Simmons,Gary Williams,W5601717,IR,E2,2026-05-21 11:01:00,2026-05-21 22:19:00,11:18:00,11.3
NW,STOCKPORT,ROUTINE,ENG013,Helen Morris,Dave Clarke,W5601718,MR,M2,2026-05-27 08:09:00,2026-05-27 18:33:00,10:24:00,10.4
SE,MAIDSTONE,EMERGENCY,ENG030,Stuart Porter,Ray Ingram,W5601719,RO,R1,2026-05-22 09:16:00,2026-05-22 14:22:00,05:06:00,5.1
WM,WALSALL,REPAIR,ENG043,Diane Hunt,Tom Avery,W5601720,MR,M2,2026-05-26 11:38:00,2026-05-26 18:26:00,06:48:00,6.8
EA,CAMBRIDGE,EMERGENCY,ENG020,Mark Holloway,Mark Booker,W5601721,MR,E2,2026-05-22 11:31:00,2026-05-22 17:55:00,06:24:00,6.4
NE,DURHAM,METERING,ENG072,Liz Cooke,Bill Tyne,W5601722,EM,E1,2026-05-24 11:39:00,2026-05-25 02:15:00,14:36:00,14.6
NW,WARRINGTON,INSPECTION,ENG014,Alan Sharp,Dave Clarke,W5601723,ME,R1,2026-05-27 11:20:00,2026-05-27 20:20:00,09:00:00,9.0
NE,NEWCASTLE,METERING,ENG071,Alan Shaw,Bill Tyne,W5601724,ME,E1,2026-05-23 07:46:00,2026-05-23 22:46:00,15:00:00,15.0
NT,LEICESTER,EMERGENCY,ENG062,Fred Archer,Sue Holt,W5601725,ME,E1,2026-05-23 09:22:00,2026-05-23 22:58:00,13:36:00,13.6
NW,WARRINGTON,METERING,ENG012,Brian Cook,Gary Williams,W5601726,RO,M1,2026-05-22 07:04:00,2026-05-22 09:46:00,02:42:00,2.7
SE,GUILDFORD,METERING,ENG033,Julie Price,Pat Nolan,W5601727,RO,E2,2026-05-24 11:13:00,2026-05-24 22:37:00,11:24:00,11.4
SE,HORSHAM,EMERGENCY,ENG032,Colin James,Pat Nolan,W5601728,IR,M1,2026-05-22 09:43:00,2026-05-22 11:55:00,02:12:00,2.2
NT,DERBY,EMERGENCY,ENG062,Fred Archer,Sue Holt,W5601729,EM,R2,2026-05-27 08:20:00,2026-05-27 23:38:00,15:18:00,15.3
NE,SUNDERLAND,EMERGENCY,ENG071,Alan Shaw,Bill Tyne,W5601730,EM,M2,2026-05-27 08:40:00,2026-05-27 22:46:00,14:06:00,14.1
WM,DUDLEY,EMERGENCY,ENG040,Wayne Edwards,Mark Reygate,W5601731,IR,R1,2026-05-21 09:31:00,2026-05-21 16:49:00,07:18:00,7.3
SC,ABERDEEN,REPAIR,ENG001,John MacDonald,Steven Leckie,W5601732,MR,M1,2026-05-27 08:04:00,2026-05-27 16:28:00,08:24:00,8.4
SC,INVERNESS,INSPECTION,ENG001,John MacDonald,Steven Leckie,W5601733,MR,R1,2026-05-23 10:27:00,2026-05-23 16:03:00,05:36:00,5.6
WM,WOLVERHAMPTON,REPAIR,ENG043,Diane Hunt,Tom Avery,W5601734,EM,M2,2026-05-23 11:19:00,2026-05-23 20:07:00,08:48:00,8.8
NT,DERBY,INSPECTION,ENG062,Fred Archer,Sue Holt,W5601735,IR,E1,2026-05-25 08:44:00,2026-05-25 12:14:00,03:30:00,3.5
NW,LIVERPOOL,EMERGENCY,ENG014,Alan Sharp,Dave Clarke,W5601736,ME,M2,2026-05-23 08:55:00,2026-05-23 18:19:00,09:24:00,9.4
SO,PORTSMOUTH,METERING,ENG051,Wendy Nash,Phil Russell,W5601737,IR,R2,2026-05-24 09:22:00,2026-05-24 11:34:00,02:12:00,2.2
NE,DURHAM,ROUTINE,ENG070,Janet Robb,Bill Tyne,W5601738,IR,R2,2026-05-21 07:53:00,2026-05-21 16:59:00,09:06:00,9.1
NW,STOCKPORT,ROUTINE,ENG014,Alan Sharp,Dave Clarke,W5601739,RO,E1,2026-05-25 07:42:00,2026-05-25 12:54:00,05:12:00,5.2
WM,WALSALL,METERING,ENG040,Wayne Edwards,Mark Reygate,W5601740,IR,M1,2026-05-22 11:09:00,2026-05-23 02:57:00,15:48:00,15.8
SO,BASINGSTOKE,ROUTINE,ENG052,Chris Lamb,Phil Russell,W5601741,IR,E2,2026-05-25 10:14:00,2026-05-25 18:02:00,07:48:00,7.8
NE,NEWCASTLE,REPAIR,ENG071,Alan Shaw,Bill Tyne,W5601742,MR,M2,2026-05-23 09:07:00,2026-05-23 17:31:00,08:24:00,8.4
WM,WOLVERHAMPTON,REPAIR,ENG043,Diane Hunt,Tom Avery,W5601743,MR,M1,2026-05-27 09:29:00,2026-05-27 15:11:00,05:42:00,5.7
NT,NOTTINGHAM,REPAIR,ENG060,Barry Noon,Sue Holt,W5601744,ME,E2,2026-05-25 06:54:00,2026-05-25 14:30:00,07:36:00,7.6
SC,ABERDEEN,ROUTINE,ENG002,Alistair Fraser,Steven Leckie,W5601745,RO,E2,2026-05-27 06:21:00,2026-05-27 20:09:00,13:48:00,13.8
EA,CAMBRIDGE,METERING,ENG022,Peter Wong,Mark Booker,W5601746,IR,E2,2026-05-24 10:58:00,2026-05-24 17:40:00,06:42:00,6.7
SO,BOURNEMOUTH,INSPECTION,ENG052,Chris Lamb,Phil Russell,W5601747,EM,R1,2026-05-22 10:40:00,2026-05-22 15:34:00,04:54:00,4.9
EA,LUTON,REPAIR,ENG021,Rachel Davies,Mark Booker,W5601748,MR,M2,2026-05-22 09:24:00,2026-05-22 22:54:00,13:30:00,13.5
EA,IPSWICH,METERING,ENG023,Sharon King,Anne Foster,W5601749,MR,E2,2026-05-24 08:09:00,2026-05-24 13:45:00,05:36:00,5.6
EA,NORWICH,INSPECTION,ENG023,Sharon King,Anne Foster,W5601750,RO,R1,2026-05-21 09:19:00,2026-05-21 12:19:00,03:00:00,3.0
SE,HORSHAM,ROUTINE,ENG031,Tracey McIntyre,Ray Ingram,W5601751,RO,M1,2026-05-26 11:00:00,2026-05-26 20:48:00,09:48:00,9.8
SC,PERTH,METERING,ENG006,Kevin McAllister,Gordon Shaw,W5601752,ME,E2,2026-05-21 11:38:00,2026-05-21 14:14:00,02:36:00,2.6
NE,DURHAM,INSPECTION,ENG072,Liz Cooke,Bill Tyne,W5601753,IR,E1,2026-05-22 07:09:00,2026-05-22 15:39:00,08:30:00,8.5
EA,IPSWICH,REPAIR,ENG021,Rachel Davies,Mark Booker,W5601754,RO,R1,2026-05-25 06:29:00,2026-05-25 18:05:00,11:36:00,11.6
NE,DURHAM,INSPECTION,ENG070,Janet Robb,Bill Tyne,W5601755,EM,R1,2026-05-27 07:09:00,2026-05-27 13:51:00,06:42:00,6.7
SC,DUNDEE,EMERGENCY,ENG002,Alistair Fraser,Steven Leckie,W5601756,ME,E2,2026-05-27 06:12:00,2026-05-27 19:06:00,12:54:00,12.9
NE,SUNDERLAND,ROUTINE,ENG071,Alan Shaw,Bill Tyne,W5601757,RO,M2,2026-05-26 10:59:00,2026-05-26 20:53:00,09:54:00,9.9
SE,HORSHAM,ROUTINE,ENG033,Julie Price,Pat Nolan,W5601758,EM,R2,2026-05-22 07:47:00,2026-05-22 13:17:00,05:30:00,5.5
SC,EDINBURGH,REPAIR,ENG002,Alistair Fraser,Steven Leckie,W5601759,IR,E2,2026-05-27 08:15:00,2026-05-27 22:45:00,14:30:00,14.5
SC,PERTH,ROUTINE,ENG006,Kevin McAllister,Gordon Shaw,W5601760,EM,E1,2026-05-27 08:58:00,2026-05-27 15:34:00,06:36:00,6.6
NW,MANCHESTER,INSPECTION,ENG013,Helen Morris,Dave Clarke,W5601761,ME,M1,2026-05-23 06:10:00,2026-05-23 12:16:00,06:06:00,6.1
NW,WIGAN,METERING,ENG014,Alan Sharp,Dave Clarke,W5601762,IR,E2,2026-05-22 11:29:00,2026-05-23 02:35:00,15:06:00,15.1
WM,COVENTRY,INSPECTION,ENG043,Diane Hunt,Tom Avery,W5601763,RO,M1,2026-05-24 09:36:00,2026-05-24 15:00:00,05:24:00,5.4
WM,STOKE,EMERGENCY,ENG040,Wayne Edwards,Mark Reygate,W5601764,EM,E1,2026-05-24 10:03:00,2026-05-24 23:45:00,13:42:00,13.7
WM,COVENTRY,ROUTINE,ENG042,Steve Frost,Mark Reygate,W5601765,RO,E1,2026-05-26 11:32:00,2026-05-26 15:26:00,03:54:00,3.9
SO,BASINGSTOKE,ROUTINE,ENG050,Phil Hodgkins,Phil Russell,W5601766,EM,E2,2026-05-22 06:16:00,2026-05-22 21:10:00,14:54:00,14.9
NT,DERBY,INSPECTION,ENG060,Barry Noon,Sue Holt,W5601767,MR,M2,2026-05-25 08:03:00,2026-05-25 20:15:00,12:12:00,12.2
EA,PETERBOROUGH,REPAIR,ENG021,Rachel Davies,Mark Booker,W5601768,RO,R1,2026-05-25 07:33:00,2026-05-25 13:57:00,06:24:00,6.4
NT,NOTTINGHAM,EMERGENCY,ENG060,Barry Noon,Sue Holt,W5601769,EM,R1,2026-05-23 10:27:00,2026-05-24 00:57:00,14:30:00,14.5
EA,CAMBRIDGE,ROUTINE,ENG023,Sharon King,Anne Foster,W5601770,MR,R2,2026-05-27 09:21:00,2026-05-27 17:21:00,08:00:00,8.0
NW,MANCHESTER,EMERGENCY,ENG014,Alan Sharp,Dave Clarke,W5601771,EM,E2,2026-05-25 10:21:00,2026-05-25 18:51:00,08:30:00,8.5
NE,GATESHEAD,ROUTINE,ENG070,Janet Robb,Bill Tyne,W5601772,RO,E2,2026-05-25 10:04:00,2026-05-25 16:58:00,06:54:00,6.9
EA,BEDFORD,METERING,ENG020,Mark Holloway,Mark Booker,W5601773,IR,E1,2026-05-26 06:27:00,2026-05-26 12:57:00,06:30:00,6.5
SC,GLASGOW,REPAIR,ENG006,Kevin McAllister,Gordon Shaw,W5601774,EM,E1,2026-05-24 08:49:00,2026-05-24 15:25:00,06:36:00,6.6
NE,NEWCASTLE,REPAIR,ENG071,Alan Shaw,Bill Tyne,W5601775,RO,M1,2026-05-21 06:47:00,2026-05-21 11:11:00,04:24:00,4.4
EA,IPSWICH,METERING,ENG021,Rachel Davies,Mark Booker,W5601776,ME,R2,2026-05-24 09:26:00,2026-05-24 12:26:00,03:00:00,3.0
SO,PORTSMOUTH,ROUTINE,ENG052,Chris Lamb,Phil Russell,W5601777,IR,R1,2026-05-27 10:23:00,2026-05-27 21:29:00,11:06:00,11.1
NT,LINCOLN,METERING,ENG062,Fred Archer,Sue Holt,W5601778,EM,M1,2026-05-24 11:25:00,2026-05-24 19:43:00,08:18:00,8.3
EA,IPSWICH,INSPECTION,ENG023,Sharon King,Anne Foster,W5601779,ME,E1,2026-05-26 09:33:00,2026-05-27 00:27:00,14:54:00,14.9
NW,STOCKPORT,REPAIR,ENG013,Helen Morris,Dave Clarke,W5601780,IR,R2,2026-05-26 07:13:00,2026-05-26 11:19:00,04:05:59,4.1
EA,BEDFORD,EMERGENCY,ENG021,Rachel Davies,Mark Booker,W5601781,MR,M1,2026-05-25 11:35:00,2026-05-25 18:41:00,07:06:00,7.1
WM,STOKE,METERING,ENG042,Steve Frost,Mark Reygate,W5601782,ME,E1,2026-05-26 10:34:00,2026-05-26 23:58:00,13:24:00,13.4
SE,CROYDON,ROUTINE,ENG030,Stuart Porter,Ray Ingram,W5601783,EM,R2,2026-05-23 09:50:00,2026-05-23 21:38:00,11:48:00,11.8
WM,COVENTRY,REPAIR,ENG042,Steve Frost,Mark Reygate,W5601784,ME,M1,2026-05-23 07:22:00,2026-05-23 19:16:00,11:54:00,11.9
SC,PAISLEY,ROUTINE,ENG003,Catriona Stewart,Graham Loan,W5601785,ME,M2,2026-05-26 07:21:00,2026-05-26 22:09:00,14:48:00,14.8
SC,ABERDEEN,METERING,ENG006,Kevin McAllister,Gordon Shaw,W5601786,EM,R1,2026-05-23 08:29:00,2026-05-23 16:17:00,07:48:00,7.8
WM,DUDLEY,INSPECTION,ENG042,Steve Frost,Mark Reygate,W5601787,IR,R2,2026-05-23 10:02:00,2026-05-23 17:32:00,07:30:00,7.5
SO,BASINGSTOKE,EMERGENCY,ENG051,Wendy Nash,Phil Russell,W5601788,RO,M2,2026-05-21 11:01:00,2026-05-21 20:49:00,09:48:00,9.8
EA,IPSWICH,METERING,ENG021,Rachel Davies,Mark Booker,W5601789,RO,E2,2026-05-27 11:50:00,2026-05-28 00:02:00,12:12:00,12.2
SO,SOUTHAMPTON,REPAIR,ENG052,Chris Lamb,Phil Russell,W5601790,MR,E2,2026-05-22 10:12:00,2026-05-22 13:36:00,03:24:00,3.4
EA,NORWICH,ROUTINE,ENG023,Sharon King,Anne Foster,W5601791,RO,E2,2026-05-23 08:21:00,2026-05-23 15:45:00,07:24:00,7.4
WM,WOLVERHAMPTON,INSPECTION,ENG041,Una Cowling,Mark Reygate,W5601792,ME,E2,2026-05-26 11:02:00,2026-05-26 19:56:00,08:54:00,8.9
EA,PETERBOROUGH,INSPECTION,ENG020,Mark Holloway,Mark Booker,W5601793,MR,M1,2026-05-27 08:54:00,2026-05-27 18:24:00,09:30:00,9.5
SO,BOURNEMOUTH,INSPECTION,ENG051,Wendy Nash,Phil Russell,W5601794,EM,R2,2026-05-23 09:07:00,2026-05-23 22:13:00,13:06:00,13.1
SE,CROYDON,INSPECTION,ENG032,Colin James,Pat Nolan,W5601795,RO,E1,2026-05-25 07:05:00,2026-05-25 23:05:00,16:00:00,16.0
SO,SOUTHAMPTON,ROUTINE,ENG050,Phil Hodgkins,Phil Russell,W5601796,IR,M2,2026-05-21 09:14:00,2026-05-21 21:50:00,12:36:00,12.6
NW,LIVERPOOL,INSPECTION,ENG011,Karen Simmons,Gary Williams,W5601797,RO,M1,2026-05-26 07:06:00,2026-05-26 23:06:00,16:00:00,16.0
SE,BRIGHTON,METERING,ENG032,Colin James,Pat Nolan,W5601798,IR,E2,2026-05-21 10:24:00,2026-05-21 20:12:00,09:48:00,9.8
NT,MANSFIELD,INSPECTION,ENG060,Barry Noon,Sue Holt,W5601799,IR,E1,2026-05-22 09:22:00,2026-05-22 18:28:00,09:06:00,9.1
WM,DUDLEY,INSPECTION,ENG040,Wayne Edwards,Mark Reygate,W5601800,MR,M2,2026-05-24 08:45:00,2026-05-24 14:33:00,05:48:00,5.8
WM,DUDLEY,REPAIR,ENG042,Steve Frost,Mark Reygate,W5601801,MR,M1,2026-05-23 09:08:00,2026-05-24 00:32:00,15:24:00,15.4
WM,DUDLEY,REPAIR,ENG040,Wayne Edwards,Mark Reygate,W5601802,RO,E1,2026-05-22 07:22:00,2026-05-22 18:34:00,11:12:00,11.2
EA,CAMBRIDGE,METERING,ENG023,Sharon King,Anne Foster,W5601803,EM,R1,2026-05-24 08:02:00,2026-05-24 13:38:00,05:36:00,5.6
SC,EDINBURGH,EMERGENCY,ENG003,Catriona Stewart,Graham Loan,W5601804,EM,M1,2026-05-27 06:56:00,2026-05-27 17:50:00,10:54:00,10.9
NE,GATESHEAD,REPAIR,ENG072,Liz Cooke,Bill Tyne,W5601805,ME,R2,2026-05-21 08:57:00,2026-05-21 20:21:00,11:24:00,11.4
SO,BASINGSTOKE,METERING,ENG051,Wendy Nash,Phil Russell,W5601806,EM,E2,2026-05-26 10:13:00,2026-05-26 12:55:00,02:42:00,2.7
NT,DERBY,ROUTINE,ENG062,Fred Archer,Sue Holt,W5601807,MR,E1,2026-05-23 06:42:00,2026-05-23 20:30:00,13:48:00,13.8
SO,SALISBURY,REPAIR,ENG050,Phil Hodgkins,Phil Russell,W5601808,MR,R2,2026-05-21 08:10:00,2026-05-21 18:22:00,10:12:00,10.2
SE,GUILDFORD,REPAIR,ENG030,Stuart Porter,Ray Ingram,W5601809,ME,R1,2026-05-23 11:49:00,2026-05-23 21:19:00,09:30:00,9.5
SO,PORTSMOUTH,REPAIR,ENG050,Phil Hodgkins,Phil Russell,W5601810,EM,R2,2026-05-27 09:46:00,2026-05-27 20:58:00,11:12:00,11.2
WM,DUDLEY,EMERGENCY,ENG042,Steve Frost,Mark Reygate,W5601811,IR,R1,2026-05-23 11:10:00,2026-05-23 18:22:00,07:12:00,7.2
NE,MIDDLESBROUGH,INSPECTION,ENG072,Liz Cooke,Bill Tyne,W5601812,IR,E2,2026-05-24 09:36:00,2026-05-25 00:24:00,14:48:00,14.8
SO,PORTSMOUTH,INSPECTION,ENG050,Phil Hodgkins,Phil Russell,W5601813,EM,R1,2026-05-23 07:06:00,2026-05-23 10:36:00,03:30:00,3.5
EA,BEDFORD,REPAIR,ENG021,Rachel Davies,Mark Booker,W5601814,MR,R2,2026-05-27 07:12:00,2026-05-27 18:36:00,11:24:00,11.4
SE,HORSHAM,METERING,ENG030,Stuart Porter,Ray Ingram,W5601815,MR,E2,2026-05-24 08:53:00,2026-05-24 20:53:00,12:00:00,12.0
SO,BOURNEMOUTH,INSPECTION,ENG051,Wendy Nash,Phil Russell,W5601816,MR,E2,2026-05-21 09:50:00,2026-05-21 14:26:00,04:36:00,4.6
NW,BLACKBURN,EMERGENCY,ENG014,Alan Sharp,Dave Clarke,W5601817,ME,M1,2026-05-27 08:44:00,2026-05-27 21:14:00,12:30:00,12.5
SC,PAISLEY,METERING,ENG004,Douglas Reid,Graham Loan,W5601818,RO,R2,2026-05-23 06:57:00,2026-05-23 19:45:00,12:48:00,12.8
NE,GATESHEAD,METERING,ENG071,Alan Shaw,Bill Tyne,W5601819,ME,R2,2026-05-21 07:25:00,2026-05-21 18:13:00,10:48:00,10.8
NW,BOLTON,REPAIR,ENG013,Helen Morris,Dave Clarke,W5601820,IR,R2,2026-05-22 07:06:00,2026-05-22 15:36:00,08:30:00,8.5
SO,SALISBURY,ROUTINE,ENG052,Chris Lamb,Phil Russell,W5601821,ME,M1,2026-05-21 11:48:00,2026-05-21 19:12:00,07:24:00,7.4
NT,NOTTINGHAM,REPAIR,ENG062,Fred Archer,Sue Holt,W5601822,EM,R2,2026-05-26 09:39:00,2026-05-26 18:27:00,08:48:00,8.8
NW,WARRINGTON,EMERGENCY,ENG013,Helen Morris,Dave Clarke,W5601823,IR,M2,2026-05-26 06:36:00,2026-05-26 11:06:00,04:30:00,4.5
NT,DERBY,ROUTINE,ENG061,Cathy Dean,Sue Holt,W5601824,RO,E1,2026-05-27 06:35:00,2026-05-27 09:29:00,02:54:00,2.9
SC,GLASGOW,METERING,ENG005,Fiona Cameron,Gordon Shaw,W5601825,RO,E1,2026-05-22 09:10:00,2026-05-22 13:22:00,04:12:00,4.2
NT,LEICESTER,INSPECTION,ENG061,Cathy Dean,Sue Holt,W5601826,IR,R2,2026-05-25 11:41:00,2026-05-26 03:23:00,15:42:00,15.7
WM,COVENTRY,METERING,ENG043,Diane Hunt,Tom Avery,W5601827,RO,R2,2026-05-27 10:13:00,2026-05-27 17:49:00,07:36:00,7.6
NW,LIVERPOOL,ROUTINE,ENG010,Paul Dawson,Gary Williams,W5601828,MR,M1,2026-05-21 10:40:00,2026-05-21 15:52:00,05:12:00,5.2
NE,SUNDERLAND,EMERGENCY,ENG070,Janet Robb,Bill Tyne,W5601829,ME,M2,2026-05-22 07:30:00,2026-05-22 18:12:00,10:42:00,10.7
SE,HORSHAM,INSPECTION,ENG033,Julie Price,Pat Nolan,W5601830,IR,R2,2026-05-26 10:36:00,2026-05-26 20:12:00,09:36:00,9.6
SO,BASINGSTOKE,REPAIR,ENG051,Wendy Nash,Phil Russell,W5601831,IR,M1,2026-05-25 09:17:00,2026-05-25 17:41:00,08:24:00,8.4
EA,IPSWICH,ROUTINE,ENG023,Sharon King,Anne Foster,W5601832,EM,R1,2026-05-23 08:06:00,2026-05-23 16:06:00,08:00:00,8.0
SC,INVERNESS,INSPECTION,ENG005,Fiona Cameron,Gordon Shaw,W5601833,ME,E1,2026-05-21 11:34:00,2026-05-22 02:40:00,15:06:00,15.1
SC,INVERNESS,EMERGENCY,ENG005,Fiona Cameron,Gordon Shaw,W5601834,MR,E2,2026-05-25 08:12:00,2026-05-25 19:30:00,11:18:00,11.3
SC,EDINBURGH,ROUTINE,ENG006,Kevin McAllister,Gordon Shaw,W5601835,IR,M1,2026-05-26 07:45:00,2026-05-26 20:45:00,13:00:00,13.0
SE,HORSHAM,ROUTINE,ENG032,Colin James,Pat Nolan,W5601836,IR,E1,2026-05-25 08:59:00,2026-05-25 19:17:00,10:18:00,10.3
SC,PERTH,ROUTINE,ENG006,Kevin McAllister,Gordon Shaw,W5601837,MR,R2,2026-05-21 07:41:00,2026-05-21 15:17:00,07:36:00,7.6
SO,BASINGSTOKE,ROUTINE,ENG050,Phil Hodgkins,Phil Russell,W5601838,IR,R1,2026-05-27 08:37:00,2026-05-27 16:49:00,08:11:59,8.2
SC,DUNDEE,EMERGENCY,ENG004,Douglas Reid,Graham Loan,W5601839,IR,M1,2026-05-22 09:06:00,2026-05-22 23:54:00,14:48:00,14.8
WM,WOLVERHAMPTON,EMERGENCY,ENG040,Wayne Edwards,Mark Reygate,W5601840,ME,R2,2026-05-27 11:03:00,2026-05-27 19:39:00,08:36:00,8.6
SO,SALISBURY,INSPECTION,ENG052,Chris Lamb,Phil Russell,W5601841,MR,E1,2026-05-24 08:08:00,2026-05-24 14:08:00,06:00:00,6.0
NW,BOLTON,EMERGENCY,ENG010,Paul Dawson,Gary Williams,W5601842,IR,R1,2026-05-22 10:52:00,2026-05-23 00:10:00,13:18:00,13.3
EA,CAMBRIDGE,METERING,ENG022,Peter Wong,Mark Booker,W5601843,RO,E1,2026-05-21 08:20:00,2026-05-21 19:38:00,11:18:00,11.3
SC,PAISLEY,EMERGENCY,ENG002,Alistair Fraser,Steven Leckie,W5601844,MR,E2,2026-05-25 10:40:00,2026-05-25 20:16:00,09:36:00,9.6
NW,WIGAN,METERING,ENG012,Brian Cook,Gary Williams,W5601845,IR,R1,2026-05-25 07:36:00,2026-05-25 10:30:00,02:54:00,2.9
NW,STOCKPORT,REPAIR,ENG013,Helen Morris,Dave Clarke,W5601846,EM,E2,2026-05-22 10:16:00,2026-05-23 01:10:00,14:54:00,14.9
EA,CAMBRIDGE,REPAIR,ENG021,Rachel Davies,Mark Booker,W5601847,IR,E2,2026-05-22 09:08:00,2026-05-22 21:32:00,12:24:00,12.4
EA,CAMBRIDGE,REPAIR,ENG022,Peter Wong,Mark Booker,W5601848,ME,R1,2026-05-21 07:16:00,2026-05-21 10:10:00,02:54:00,2.9
SO,BOURNEMOUTH,REPAIR,ENG050,Phil Hodgkins,Phil Russell,W5601849,RO,E1,2026-05-22 11:54:00,2026-05-23 03:00:00,15:06:00,15.1
EA,IPSWICH,ROUTINE,ENG022,Peter Wong,Mark Booker,W5601850,EM,E1,2026-05-24 11:01:00,2026-05-24 16:19:00,05:18:00,5.3
WM,BIRMINGHAM,EMERGENCY,ENG042,Steve Frost,Mark Reygate,W5601851,IR,E1,2026-05-26 06:23:00,2026-05-26 22:17:00,15:54:00,15.9
NT,LEICESTER,METERING,ENG060,Barry Noon,Sue Holt,W5601852,IR,M1,2026-05-22 08:42:00,2026-05-22 18:48:00,10:06:00,10.1
NE,GATESHEAD,REPAIR,ENG071,Alan Shaw,Bill Tyne,W5601853,ME,M1,2026-05-23 11:39:00,2026-05-23 23:21:00,11:42:00,11.7
SE,EASTBOURNE,INSPECTION,ENG030,Stuart Porter,Ray Ingram,W5601854,MR,M1,2026-05-22 08:41:00,2026-05-22 17:59:00,09:18:00,9.3
SE,GUILDFORD,METERING,ENG032,Colin James,Pat Nolan,W5601855,RO,R2,2026-05-24 09:29:00,2026-05-25 00:05:00,14:36:00,14.6
WM,COVENTRY,INSPECTION,ENG042,Steve Frost,Mark Reygate,W5601856,RO,R2,2026-05-24 08:12:00,2026-05-24 17:30:00,09:18:00,9.3
NE,DURHAM,EMERGENCY,ENG070,Janet Robb,Bill Tyne,W5601857,EM,E1,2026-05-27 09:46:00,2026-05-27 15:52:00,06:06:00,6.1
SC,STIRLING,ROUTINE,ENG003,Catriona Stewart,Graham Loan,W5601858,IR,E1,2026-05-27 06:10:00,2026-05-27 14:28:00,08:18:00,8.3
SE,GUILDFORD,EMERGENCY,ENG031,Tracey McIntyre,Ray Ingram,W5601859,MR,M2,2026-05-27 06:23:00,2026-05-27 21:29:00,15:06:00,15.1
NT,LEICESTER,METERING,ENG060,Barry Noon,Sue Holt,W5601860,EM,R2,2026-05-27 09:29:00,2026-05-27 18:29:00,09:00:00,9.0
NT,LEICESTER,METERING,ENG060,Barry Noon,Sue Holt,W5601861,IR,M1,2026-05-21 11:47:00,2026-05-21 23:35:00,11:48:00,11.8
SO,SOUTHAMPTON,EMERGENCY,ENG051,Wendy Nash,Phil Russell,W5601862,IR,E1,2026-05-27 10:11:00,2026-05-27 15:29:00,05:18:00,5.3
SC,ABERDEEN,REPAIR,ENG006,Kevin McAllister,Gordon Shaw,W5601863,MR,E1,2026-05-23 08:21:00,2026-05-23 17:09:00,08:48:00,8.8
EA,LUTON,INSPECTION,ENG022,Peter Wong,Mark Booker,W5601864,EM,M1,2026-05-22 08:25:00,2026-05-22 23:55:00,15:30:00,15.5
NT,DERBY,METERING,ENG061,Cathy Dean,Sue Holt,W5601865,RO,M2,2026-05-24 09:39:00,2026-05-24 15:21:00,05:42:00,5.7
SC,STIRLING,EMERGENCY,ENG005,Fiona Cameron,Gordon Shaw,W5601866,IR,M2,2026-05-23 11:12:00,2026-05-23 15:30:00,04:18:00,4.3
NE,MIDDLESBROUGH,INSPECTION,ENG070,Janet Robb,Bill Tyne,W5601867,MR,E2,2026-05-22 09:01:00,2026-05-22 18:55:00,09:54:00,9.9
NW,LIVERPOOL,EMERGENCY,ENG011,Karen Simmons,Gary Williams,W5601868,EM,R1,2026-05-25 09:03:00,2026-05-25 22:57:00,13:54:00,13.9
SC,GLASGOW,REPAIR,ENG001,John MacDonald,Steven Leckie,W5601869,IR,M2,2026-05-21 10:29:00,2026-05-21 14:53:00,04:24:00,4.4
WM,DUDLEY,REPAIR,ENG040,Wayne Edwards,Mark Reygate,W5601870,MR,R1,2026-05-26 11:57:00,2026-05-26 14:57:00,03:00:00,3.0
WM,DUDLEY,ROUTINE,ENG042,Steve Frost,Mark Reygate,W5601871,ME,R2,2026-05-24 09:10:00,2026-05-25 01:04:00,15:54:00,15.9
NW,STOCKPORT,ROUTINE,ENG011,Karen Simmons,Gary Williams,W5601872,IR,E2,2026-05-27 11:27:00,2026-05-27 14:03:00,02:36:00,2.6
NE,DURHAM,METERING,ENG072,Liz Cooke,Bill Tyne,W5601873,EM,M2,2026-05-21 10:02:00,2026-05-22 00:26:00,14:24:00,14.4
NT,DERBY,METERING,ENG062,Fred Archer,Sue Holt,W5601874,IR,E2,2026-05-23 07:51:00,2026-05-23 18:33:00,10:42:00,10.7
EA,IPSWICH,ROUTINE,ENG023,Sharon King,Anne Foster,W5601875,MR,E2,2026-05-23 10:29:00,2026-05-23 17:11:00,06:42:00,6.7
SC,ABERDEEN,INSPECTION,ENG004,Douglas Reid,Graham Loan,W5601876,EM,M1,2026-05-23 10:43:00,2026-05-23 17:37:00,06:54:00,6.9
SO,PORTSMOUTH,EMERGENCY,ENG050,Phil Hodgkins,Phil Russell,W5601877,EM,E1,2026-05-27 07:44:00,2026-05-27 21:14:00,13:30:00,13.5
EA,BEDFORD,ROUTINE,ENG020,Mark Holloway,Mark Booker,W5601878,IR,R1,2026-05-27 11:51:00,2026-05-28 02:45:00,14:54:00,14.9
SE,GUILDFORD,INSPECTION,ENG030,Stuart Porter,Ray Ingram,W5601879,ME,E1,2026-05-27 08:48:00,2026-05-27 11:18:00,02:30:00,2.5
WM,DUDLEY,EMERGENCY,ENG042,Steve Frost,Mark Reygate,W5601880,IR,E2,2026-05-26 09:33:00,2026-05-26 20:39:00,11:06:00,11.1
NE,NEWCASTLE,ROUTINE,ENG071,Alan Shaw,Bill Tyne,W5601881,EM,E2,2026-05-26 09:36:00,2026-05-26 15:36:00,06:00:00,6.0
NE,MIDDLESBROUGH,REPAIR,ENG070,Janet Robb,Bill Tyne,W5601882,RO,M2,2026-05-24 11:04:00,2026-05-24 15:22:00,04:18:00,4.3
EA,NORWICH,EMERGENCY,ENG022,Peter Wong,Mark Booker,W5601883,EM,M2,2026-05-25 07:13:00,2026-05-25 13:55:00,06:42:00,6.7
EA,LUTON,ROUTINE,ENG023,Sharon King,Anne Foster,W5601884,IR,M1,2026-05-26 10:41:00,2026-05-26 14:05:00,03:24:00,3.4
WM,STOKE,INSPECTION,ENG041,Una Cowling,Mark Reygate,W5601885,RO,E2,2026-05-22 09:45:00,2026-05-22 18:03:00,08:18:00,8.3
SE,BRIGHTON,REPAIR,ENG033,Julie Price,Pat Nolan,W5601886,MR,E2,2026-05-21 08:24:00,2026-05-21 21:30:00,13:06:00,13.1
NT,DERBY,ROUTINE,ENG061,Cathy Dean,Sue Holt,W5601887,RO,M2,2026-05-25 06:40:00,2026-05-25 19:04:00,12:24:00,12.4
WM,COVENTRY,ROUTINE,ENG040,Wayne Edwards,Mark Reygate,W5601888,RO,M1,2026-05-26 09:38:00,2026-05-26 12:20:00,02:42:00,2.7
NW,WARRINGTON,REPAIR,ENG010,Paul Dawson,Gary Williams,W5601889,IR,R1,2026-05-26 11:53:00,2026-05-26 20:59:00,09:06:00,9.1
SE,GUILDFORD,REPAIR,ENG033,Julie Price,Pat Nolan,W5601890,ME,E2,2026-05-27 11:16:00,2026-05-27 19:58:00,08:41:59,8.7
NT,DERBY,METERING,ENG060,Barry Noon,Sue Holt,W5601891,ME,E1,2026-05-21 11:06:00,2026-05-21 23:36:00,12:30:00,12.5
NT,DERBY,ROUTINE,ENG062,Fred Archer,Sue Holt,W5601892,ME,E1,2026-05-21 08:46:00,2026-05-21 20:16:00,11:30:00,11.5
SO,BOURNEMOUTH,EMERGENCY,ENG051,Wendy Nash,Phil Russell,W5601893,RO,R2,2026-05-27 06:44:00,2026-05-27 13:44:00,07:00:00,7.0
NT,NOTTINGHAM,REPAIR,ENG061,Cathy Dean,Sue Holt,W5601894,RO,M1,2026-05-25 11:11:00,2026-05-25 21:35:00,10:24:00,10.4
EA,PETERBOROUGH,INSPECTION,ENG020,Mark Holloway,Mark Booker,W5601895,EM,R2,2026-05-26 06:00:00,2026-05-26 21:00:00,15:00:00,15.0
NT,DERBY,REPAIR,ENG060,Barry Noon,Sue Holt,W5601896,EM,E2,2026-05-21 09:40:00,2026-05-21 17:04:00,07:24:00,7.4
NW,BOLTON,METERING,ENG013,Helen Morris,Dave Clarke,W5601897,MR,E2,2026-05-25 08:25:00,2026-05-25 22:01:00,13:36:00,13.6
EA,IPSWICH,REPAIR,ENG020,Mark Holloway,Mark Booker,W5601898,EM,R1,2026-05-23 10:39:00,2026-05-23 15:21:00,04:42:00,4.7
SC,ABERDEEN,ROUTINE,ENG003,Catriona Stewart,Graham Loan,W5601899,RO,M2,2026-05-24 07:53:00,2026-05-24 18:23:00,10:30:00,10.5
EA,IPSWICH,REPAIR,ENG023,Sharon King,Anne Foster,W5601900,RO,R2,2026-05-27 11:54:00,2026-05-27 22:48:00,10:54:00,10.9
WM,BIRMINGHAM,REPAIR,ENG042,Steve Frost,Mark Reygate,W5601901,MR,M1,2026-05-27 11:19:00,2026-05-27 23:01:00,11:42:00,11.7
NW,STOCKPORT,INSPECTION,ENG011,Karen Simmons,Gary Williams,W5601902,EM,R1,2026-05-25 07:04:00,2026-05-25 16:04:00,09:00:00,9.0
EA,PETERBOROUGH,METERING,ENG020,Mark Holloway,Mark Booker,W5601903,RO,M1,2026-05-24 08:59:00,2026-05-25 00:23:00,15:24:00,15.4
NT,NOTTINGHAM,REPAIR,ENG062,Fred Archer,Sue Holt,W5601904,IR,M2,2026-05-24 08:29:00,2026-05-24 15:05:00,06:36:00,6.6
WM,COVENTRY,METERING,ENG042,Steve Frost,Mark Reygate,W5601905,RO,R1,2026-05-26 06:39:00,2026-05-26 17:27:00,10:48:00,10.8
NT,LEICESTER,REPAIR,ENG062,Fred Archer,Sue Holt,W5601906,EM,E1,2026-05-21 06:46:00,2026-05-21 20:46:00,14:00:00,14.0
SO,SOUTHAMPTON,INSPECTION,ENG051,Wendy Nash,Phil Russell,W5601907,IR,M2,2026-05-22 06:00:00,2026-05-22 15:54:00,09:54:00,9.9
WM,DUDLEY,ROUTINE,ENG042,Steve Frost,Mark Reygate,W5601908,RO,E2,2026-05-27 06:55:00,2026-05-27 16:19:00,09:24:00,9.4
NW,MANCHESTER,EMERGENCY,ENG014,Alan Sharp,Dave Clarke,W5601909,IR,M1,2026-05-27 08:01:00,2026-05-27 11:01:00,03:00:00,3.0
SO,BASINGSTOKE,ROUTINE,ENG052,Chris Lamb,Phil Russell,W5601910,RO,R2,2026-05-24 07:48:00,2026-05-24 12:00:00,04:12:00,4.2
SO,SALISBURY,INSPECTION,ENG050,Phil Hodgkins,Phil Russell,W5601911,EM,R2,2026-05-26 08:05:00,2026-05-26 13:11:00,05:06:00,5.1
SC,EDINBURGH,ROUTINE,ENG006,Kevin McAllister,Gordon Shaw,W5601912,RO,R1,2026-05-22 06:08:00,2026-05-22 16:14:00,10:06:00,10.1
NT,LEICESTER,EMERGENCY,ENG060,Barry Noon,Sue Holt,W5601913,MR,R1,2026-05-24 08:45:00,2026-05-24 18:33:00,09:48:00,9.8
SE,GUILDFORD,INSPECTION,ENG032,Colin James,Pat Nolan,W5601914,RO,M1,2026-05-22 08:46:00,2026-05-22 16:28:00,07:42:00,7.7
NE,SUNDERLAND,REPAIR,ENG071,Alan Shaw,Bill Tyne,W5601915,ME,E2,2026-05-25 11:32:00,2026-05-26 02:20:00,14:48:00,14.8
SC,GLASGOW,EMERGENCY,ENG003,Catriona Stewart,Graham Loan,W5601916,ME,M1,2026-05-26 08:27:00,2026-05-26 17:33:00,09:06:00,9.1
SO,BASINGSTOKE,REPAIR,ENG051,Wendy Nash,Phil Russell,W5601917,RO,M2,2026-05-24 10:18:00,2026-05-25 02:00:00,15:42:00,15.7
NE,NEWCASTLE,ROUTINE,ENG071,Alan Shaw,Bill Tyne,W5601918,MR,M2,2026-05-21 06:56:00,2026-05-21 22:02:00,15:06:00,15.1
WM,BIRMINGHAM,ROUTINE,ENG042,Steve Frost,Mark Reygate,W5601919,ME,E1,2026-05-26 06:06:00,2026-05-26 10:24:00,04:18:00,4.3
NT,MANSFIELD,ROUTINE,ENG062,Fred Archer,Sue Holt,W5601920,ME,E1,2026-05-26 09:38:00,2026-05-26 21:32:00,11:54:00,11.9
EA,BEDFORD,EMERGENCY,ENG023,Sharon King,Anne Foster,W5601921,EM,R1,2026-05-24 09:30:00,2026-05-24 22:54:00,13:24:00,13.4
EA,LUTON,EMERGENCY,ENG021,Rachel Davies,Mark Booker,W5601922,IR,E1,2026-05-26 08:39:00,2026-05-26 14:21:00,05:42:00,5.7
WM,WOLVERHAMPTON,ROUTINE,ENG040,Wayne Edwards,Mark Reygate,W5601923,MR,E2,2026-05-26 07:44:00,2026-05-26 10:02:00,02:18:00,2.3
SO,PORTSMOUTH,REPAIR,ENG050,Phil Hodgkins,Phil Russell,W5601924,EM,E1,2026-05-26 07:50:00,2026-05-26 17:20:00,09:30:00,9.5
NE,NEWCASTLE,ROUTINE,ENG070,Janet Robb,Bill Tyne,W5601925,EM,R2,2026-05-26 08:45:00,2026-05-26 12:09:00,03:24:00,3.4
NT,NOTTINGHAM,METERING,ENG062,Fred Archer,Sue Holt,W5601926,EM,E2,2026-05-22 08:12:00,2026-05-22 13:42:00,05:30:00,5.5
NT,LEICESTER,INSPECTION,ENG060,Barry Noon,Sue Holt,W5601927,IR,E1,2026-05-27 07:12:00,2026-05-27 11:48:00,04:36:00,4.6
SC,GLASGOW,INSPECTION,ENG004,Douglas Reid,Graham Loan,W5601928,EM,M1,2026-05-24 08:33:00,2026-05-24 16:57:00,08:24:00,8.4
NT,LEICESTER,METERING,ENG061,Cathy Dean,Sue Holt,W5601929,MR,M1,2026-05-21 07:47:00,2026-05-21 13:05:00,05:18:00,5.3
NT,LINCOLN,ROUTINE,ENG061,Cathy Dean,Sue Holt,W5601930,RO,E2,2026-05-21 06:24:00,2026-05-21 13:18:00,06:54:00,6.9
SC,EDINBURGH,METERING,ENG002,Alistair Fraser,Steven Leckie,W5601931,ME,E2,2026-05-22 06:59:00,2026-05-22 12:23:00,05:24:00,5.4
NW,BLACKBURN,INSPECTION,ENG013,Helen Morris,Dave Clarke,W5601932,MR,R1,2026-05-25 10:02:00,2026-05-26 01:32:00,15:30:00,15.5
NE,MIDDLESBROUGH,EMERGENCY,ENG071,Alan Shaw,Bill Tyne,W5601933,EM,M2,2026-05-26 06:27:00,2026-05-26 13:33:00,07:06:00,7.1
NT,NOTTINGHAM,INSPECTION,ENG062,Fred Archer,Sue Holt,W5601934,ME,E1,2026-05-24 08:05:00,2026-05-24 17:11:00,09:06:00,9.1
NT,LEICESTER,ROUTINE,ENG061,Cathy Dean,Sue Holt,W5601935,MR,R1,2026-05-23 09:20:00,2026-05-24 00:20:00,15:00:00,15.0
NE,NEWCASTLE,REPAIR,ENG071,Alan Shaw,Bill Tyne,W5601936,ME,E2,2026-05-23 11:44:00,2026-05-23 22:50:00,11:06:00,11.1
NE,NEWCASTLE,REPAIR,ENG072,Liz Cooke,Bill Tyne,W5601937,RO,M1,2026-05-27 06:50:00,2026-05-27 22:44:00,15:54:00,15.9
SC,ABERDEEN,INSPECTION,ENG006,Kevin McAllister,Gordon Shaw,W5601938,RO,E1,2026-05-22 10:20:00,2026-05-22 15:02:00,04:42:00,4.7
SC,INVERNESS,METERING,ENG003,Catriona Stewart,Graham Loan,W5601939,RO,R1,2026-05-23 10:56:00,2026-05-23 15:32:00,04:36:00,4.6
EA,PETERBOROUGH,EMERGENCY,ENG020,Mark Holloway,Mark Booker,W5601940,ME,M2,2026-05-24 08:41:00,2026-05-24 11:05:00,02:24:00,2.4
NE,SUNDERLAND,INSPECTION,ENG070,Janet Robb,Bill Tyne,W5601941,RO,M1,2026-05-24 09:42:00,2026-05-24 21:54:00,12:12:00,12.2
SE,CROYDON,ROUTINE,ENG032,Colin James,Pat Nolan,W5601942,MR,E1,2026-05-26 09:27:00,2026-05-26 11:33:00,02:06:00,2.1
SO,BASINGSTOKE,ROUTINE,ENG051,Wendy Nash,Phil Russell,W5601943,IR,E1,2026-05-27 10:54:00,2026-05-28 01:24:00,14:30:00,14.5
WM,COVENTRY,METERING,ENG042,Steve Frost,Mark Reygate,W5601944,MR,R2,2026-05-23 06:08:00,2026-05-23 14:44:00,08:36:00,8.6
SO,SOUTHAMPTON,REPAIR,ENG052,Chris Lamb,Phil Russell,W5601945,RO,R2,2026-05-25 07:55:00,2026-05-25 13:07:00,05:12:00,5.2
NT,LEICESTER,METERING,ENG062,Fred Archer,Sue Holt,W5601946,ME,E1,2026-05-21 06:48:00,2026-05-21 10:42:00,03:54:00,3.9
SO,SALISBURY,REPAIR,ENG052,Chris Lamb,Phil Russell,W5601947,ME,M2,2026-05-23 08:47:00,2026-05-24 00:29:00,15:42:00,15.7
NW,WARRINGTON,ROUTINE,ENG014,Alan Sharp,Dave Clarke,W5601948,IR,M1,2026-05-24 10:49:00,2026-05-24 14:31:00,03:42:00,3.7
SE,MAIDSTONE,REPAIR,ENG033,Julie Price,Pat Nolan,W5601949,MR,E2,2026-05-25 07:01:00,2026-05-25 18:31:00,11:30:00,11.5
WM,WALSALL,ROUTINE,ENG042,Steve Frost,Mark Reygate,W5601950,EM,R2,2026-05-25 10:38:00,2026-05-26 02:08:00,15:30:00,15.5
NW,LIVERPOOL,METERING,ENG014,Alan Sharp,Dave Clarke,W5601951,EM,E1,2026-05-22 10:14:00,2026-05-22 13:50:00,03:36:00,3.6
EA,IPSWICH,METERING,ENG021,Rachel Davies,Mark Booker,W5601952,ME,R2,2026-05-23 06:24:00,2026-05-23 12:12:00,05:48:00,5.8
NW,WIGAN,EMERGENCY,ENG010,Paul Dawson,Gary Williams,W5601953,ME,M2,2026-05-24 07:33:00,2026-05-24 16:27:00,08:54:00,8.9
SC,DUNDEE,REPAIR,ENG003,Catriona Stewart,Graham Loan,W5601954,MR,R1,2026-05-25 10:58:00,2026-05-25 15:04:00,04:05:59,4.1
SO,BASINGSTOKE,ROUTINE,ENG051,Wendy Nash,Phil Russell,W5601955,MR,R1,2026-05-27 06:37:00,2026-05-27 21:13:00,14:36:00,14.6
EA,PETERBOROUGH,INSPECTION,ENG023,Sharon King,Anne Foster,W5601956,EM,M2,2026-05-21 07:56:00,2026-05-21 12:56:00,05:00:00,5.0
NW,STOCKPORT,EMERGENCY,ENG011,Karen Simmons,Gary Williams,W5601957,MR,R2,2026-05-26 07:04:00,2026-05-26 18:52:00,11:48:00,11.8
NW,LIVERPOOL,ROUTINE,ENG013,Helen Morris,Dave Clarke,W5601958,MR,R1,2026-05-23 06:06:00,2026-05-23 11:06:00,05:00:00,5.0
NE,DURHAM,METERING,ENG070,Janet Robb,Bill Tyne,W5601959,MR,E2,2026-05-27 11:13:00,2026-05-27 22:43:00,11:30:00,11.5
NE,SUNDERLAND,METERING,ENG071,Alan Shaw,Bill Tyne,W5601960,ME,E2,2026-05-26 09:44:00,2026-05-26 15:56:00,06:12:00,6.2
WM,WALSALL,METERING,ENG043,Diane Hunt,Tom Avery,W5601961,ME,E2,2026-05-25 07:44:00,2026-05-25 10:26:00,02:42:00,2.7
NE,SUNDERLAND,METERING,ENG071,Alan Shaw,Bill Tyne,W5601962,RO,M2,2026-05-26 11:01:00,2026-05-26 20:49:00,09:48:00,9.8
NT,LEICESTER,REPAIR,ENG060,Barry Noon,Sue Holt,W5601963,MR,E2,2026-05-26 08:45:00,2026-05-26 22:33:00,13:48:00,13.8
SE,GUILDFORD,ROUTINE,ENG033,Julie Price,Pat Nolan,W5601964,EM,M2,2026-05-23 09:12:00,2026-05-23 21:48:00,12:36:00,12.6
NT,LINCOLN,EMERGENCY,ENG062,Fred Archer,Sue Holt,W5601965,EM,E1,2026-05-26 06:02:00,2026-05-26 16:26:00,10:24:00,10.4
WM,WOLVERHAMPTON,REPAIR,ENG040,Wayne Edwards,Mark Reygate,W5601966,ME,E2,2026-05-22 08:21:00,2026-05-22 13:51:00,05:30:00,5.5
WM,WOLVERHAMPTON,ROUTINE,ENG040,Wayne Edwards,Mark Reygate,W5601967,IR,M1,2026-05-23 06:03:00,2026-05-23 09:51:00,03:48:00,3.8
SC,PAISLEY,ROUTINE,ENG004,Douglas Reid,Graham Loan,W5601968,MR,R1,2026-05-21 10:46:00,2026-05-21 23:04:00,12:18:00,12.3
EA,PETERBOROUGH,INSPECTION,ENG023,Sharon King,Anne Foster,W5601969,ME,R2,2026-05-26 07:57:00,2026-05-26 18:39:00,10:42:00,10.7
SE,MAIDSTONE,EMERGENCY,ENG032,Colin James,Pat Nolan,W5601970,RO,E2,2026-05-26 07:16:00,2026-05-26 13:58:00,06:42:00,6.7
SE,MAIDSTONE,REPAIR,ENG031,Tracey McIntyre,Ray Ingram,W5601971,MR,R1,2026-05-25 08:19:00,2026-05-25 19:07:00,10:48:00,10.8
EA,PETERBOROUGH,EMERGENCY,ENG022,Peter Wong,Mark Booker,W5601972,IR,R1,2026-05-23 07:07:00,2026-05-23 16:55:00,09:48:00,9.8
NE,DURHAM,ROUTINE,ENG070,Janet Robb,Bill Tyne,W5601973,IR,R1,2026-05-22 06:17:00,2026-05-22 16:11:00,09:54:00,9.9
NT,NOTTINGHAM,ROUTINE,ENG060,Barry Noon,Sue Holt,W5601974,IR,M2,2026-05-24 11:42:00,2026-05-24 15:18:00,03:36:00,3.6
WM,COVENTRY,INSPECTION,ENG040,Wayne Edwards,Mark Reygate,W5601975,MR,E1,2026-05-27 09:50:00,2026-05-27 20:20:00,10:30:00,10.5
NT,LINCOLN,INSPECTION,ENG061,Cathy Dean,Sue Holt,W5601976,IR,E1,2026-05-25 07:08:00,2026-05-25 10:56:00,03:48:00,3.8
SC,PAISLEY,METERING,ENG004,Douglas Reid,Graham Loan,W5601977,MR,R2,2026-05-26 06:22:00,2026-05-26 17:28:00,11:06:00,11.1
SC,ABERDEEN,EMERGENCY,ENG004,Douglas Reid,Graham Loan,W5601978,MR,E1,2026-05-25 07:24:00,2026-05-25 22:54:00,15:30:00,15.5
NT,NOTTINGHAM,REPAIR,ENG062,Fred Archer,Sue Holt,W5601979,EM,E2,2026-05-25 10:12:00,2026-05-25 14:30:00,04:18:00,4.3
SO,BASINGSTOKE,EMERGENCY,ENG050,Phil Hodgkins,Phil Russell,W5601980,MR,M1,2026-05-23 09:33:00,2026-05-23 17:51:00,08:18:00,8.3
WM,DUDLEY,REPAIR,ENG043,Diane Hunt,Tom Avery,W5601981,ME,M2,2026-05-21 09:57:00,2026-05-22 00:15:00,14:18:00,14.3
NE,NEWCASTLE,ROUTINE,ENG071,Alan Shaw,Bill Tyne,W5601982,IR,M2,2026-05-26 10:08:00,2026-05-26 19:38:00,09:30:00,9.5
EA,IPSWICH,ROUTINE,ENG020,Mark Holloway,Mark Booker,W5601983,EM,M2,2026-05-24 10:10:00,2026-05-24 21:16:00,11:06:00,11.1
EA,LUTON,EMERGENCY,ENG020,Mark Holloway,Mark Booker,W5601984,MR,M1,2026-05-21 06:36:00,2026-05-21 18:06:00,11:30:00,11.5
SO,PORTSMOUTH,METERING,ENG052,Chris Lamb,Phil Russell,W5601985,EM,E2,2026-05-24 11:48:00,2026-05-25 03:48:00,16:00:00,16.0
SC,INVERNESS,REPAIR,ENG002,Alistair Fraser,Steven Leckie,W5601986,EM,E2,2026-05-23 08:55:00,2026-05-23 16:49:00,07:54:00,7.9
NT,MANSFIELD,REPAIR,ENG061,Cathy Dean,Sue Holt,W5601987,ME,E2,2026-05-26 08:30:00,2026-05-26 11:42:00,03:12:00,3.2
NT,LINCOLN,REPAIR,ENG060,Barry Noon,Sue Holt,W5601988,EM,E2,2026-05-23 09:37:00,2026-05-23 17:13:00,07:36:00,7.6
WM,COVENTRY,ROUTINE,ENG043,Diane Hunt,Tom Avery,W5601989,ME,E1,2026-05-21 11:19:00,2026-05-22 01:01:00,13:42:00,13.7
NE,SUNDERLAND,EMERGENCY,ENG071,Alan Shaw,Bill Tyne,W5601990,MR,M2,2026-05-23 07:38:00,2026-05-23 17:32:00,09:54:00,9.9
SC,GLASGOW,ROUTINE,ENG004,Douglas Reid,Graham Loan,W5601991,RO,R2,2026-05-23 10:12:00,2026-05-24 01:48:00,15:36:00,15.6
SO,BASINGSTOKE,ROUTINE,ENG050,Phil Hodgkins,Phil Russell,W5601992,ME,M2,2026-05-25 11:12:00,2026-05-26 03:00:00,15:48:00,15.8
WM,DUDLEY,REPAIR,ENG042,Steve Frost,Mark Reygate,W5601993,EM,E2,2026-05-23 08:51:00,2026-05-23 15:57:00,07:06:00,7.1
SO,BASINGSTOKE,METERING,ENG050,Phil Hodgkins,Phil Russell,W5601994,MR,R2,2026-05-25 09:07:00,2026-05-25 13:43:00,04:36:00,4.6
NT,LINCOLN,ROUTINE,ENG061,Cathy Dean,Sue Holt,W5601995,ME,E1,2026-05-24 09:24:00,2026-05-24 22:42:00,13:18:00,13.3
SE,CROYDON,INSPECTION,ENG033,Julie Price,Pat Nolan,W5601996,ME,M2,2026-05-23 06:21:00,2026-05-23 17:21:00,11:00:00,11.0
NT,NOTTINGHAM,EMERGENCY,ENG061,Cathy Dean,Sue Holt,W5601997,EM,R2,2026-05-21 09:35:00,2026-05-22 00:47:00,15:12:00,15.2
SE,GUILDFORD,METERING,ENG030,Stuart Porter,Ray Ingram,W5601998,ME,E1,2026-05-27 06:22:00,2026-05-27 12:22:00,06:00:00,6.0
SE,HORSHAM,INSPECTION,ENG030,Stuart Porter,Ray Ingram,W5601999,EM,M1,2026-05-21 11:11:00,2026-05-22 01:35:00,14:24:00,14.4
NT,NOTTINGHAM,INSPECTION,ENG060,Barry Noon,Sue Holt,W5602000,EM,E2,2026-05-26 11:33:00,2026-05-26 17:39:00,06:06:00,6.1
NW,MANCHESTER,ROUTINE,ENG011,Karen Simmons,Gary Williams,W5602001,RO,R1,2026-05-25 11:44:00,2026-05-25 20:44:00,09:00:00,9.0
EA,PETERBOROUGH,METERING,ENG020,Mark Holloway,Mark Booker,W5602002,MR,R1,2026-05-22 06:46:00,2026-05-22 19:52:00,13:06:00,13.1
NE,NEWCASTLE,ROUTINE,ENG072,Liz Cooke,Bill Tyne,W5602003,IR,M2,2026-05-27 10:52:00,2026-05-27 19:46:00,08:54:00,8.9
EA,CAMBRIDGE,INSPECTION,ENG020,Mark Holloway,Mark Booker,W5602004,EM,M2,2026-05-23 11:55:00,2026-05-23 18:43:00,06:48:00,6.8
NT,MANSFIELD,EMERGENCY,ENG060,Barry Noon,Sue Holt,W5602005,IR,R1,2026-05-24 11:42:00,2026-05-24 20:24:00,08:41:59,8.7
SO,SALISBURY,REPAIR,ENG051,Wendy Nash,Phil Russell,W5602006,MR,R2,2026-05-27 06:19:00,2026-05-27 20:43:00,14:24:00,14.4
NT,LEICESTER,REPAIR,ENG061,Cathy Dean,Sue Holt,W5602007,MR,E1,2026-05-24 06:08:00,2026-05-24 13:56:00,07:48:00,7.8
EA,CAMBRIDGE,ROUTINE,ENG021,Rachel Davies,Mark Booker,W5602008,MR,R2,2026-05-26 10:33:00,2026-05-27 00:45:00,14:12:00,14.2
NW,BLACKBURN,EMERGENCY,ENG013,Helen Morris,Dave Clarke,W5602009,IR,R2,2026-05-21 07:17:00,2026-05-21 21:29:00,14:12:00,14.2
SC,DUNDEE,INSPECTION,ENG003,Catriona Stewart,Graham Loan,W5602010,MR,R1,2026-05-25 06:13:00,2026-05-25 16:13:00,10:00:00,10.0
SE,CROYDON,METERING,ENG032,Colin James,Pat Nolan,W5602011,IR,M2,2026-05-22 11:24:00,2026-05-22 19:42:00,08:18:00,8.3
EA,IPSWICH,INSPECTION,ENG020,Mark Holloway,Mark Booker,W5602012,EM,E2,2026-05-26 09:03:00,2026-05-27 00:21:00,15:18:00,15.3
SO,SALISBURY,METERING,ENG052,Chris Lamb,Phil Russell,W5602013,ME,E1,2026-05-25 08:21:00,2026-05-25 21:21:00,13:00:00,13.0
NT,DERBY,EMERGENCY,ENG062,Fred Archer,Sue Holt,W5602014,EM,E1,2026-05-23 08:49:00,2026-05-23 21:49:00,13:00:00,13.0
SC,INVERNESS,EMERGENCY,ENG004,Douglas Reid,Graham Loan,W5602015,RO,M2,2026-05-22 06:51:00,2026-05-22 10:57:00,04:05:59,4.1
NW,BOLTON,INSPECTION,ENG010,Paul Dawson,Gary Williams,W5602016,RO,R1,2026-05-26 06:25:00,2026-05-26 11:19:00,04:54:00,4.9
NT,DERBY,ROUTINE,ENG062,Fred Archer,Sue Holt,W5602017,ME,E1,2026-05-21 08:08:00,2026-05-21 15:38:00,07:30:00,7.5
NT,DERBY,EMERGENCY,ENG060,Barry Noon,Sue Holt,W5602018,MR,E2,2026-05-24 09:33:00,2026-05-24 20:57:00,11:24:00,11.4
SO,PORTSMOUTH,REPAIR,ENG051,Wendy Nash,Phil Russell,W5602019,EM,E2,2026-05-27 11:16:00,2026-05-28 00:04:00,12:48:00,12.8
SC,EDINBURGH,EMERGENCY,ENG003,Catriona Stewart,Graham Loan,W5602020,ME,R2,2026-05-27 10:43:00,2026-05-27 23:13:00,12:30:00,12.5
SE,MAIDSTONE,REPAIR,ENG032,Colin James,Pat Nolan,W5602021,EM,M2,2026-05-27 07:38:00,2026-05-27 11:26:00,03:48:00,3.8
SC,GLASGOW,EMERGENCY,ENG005,Fiona Cameron,Gordon Shaw,W5602022,EM,M1,2026-05-23 10:57:00,2026-05-23 17:57:00,07:00:00,7.0
NE,DURHAM,REPAIR,ENG072,Liz Cooke,Bill Tyne,W5602023,IR,E1,2026-05-23 09:31:00,2026-05-23 21:13:00,11:42:00,11.7
EA,CAMBRIDGE,REPAIR,ENG022,Peter Wong,Mark Booker,W5602024,IR,R2,2026-05-25 11:42:00,2026-05-25 21:18:00,09:36:00,9.6
SC,EDINBURGH,METERING,ENG003,Catriona Stewart,Graham Loan,W5602025,ME,E1,2026-05-24 10:56:00,2026-05-24 17:02:00,06:06:00,6.1
NT,LINCOLN,EMERGENCY,ENG062,Fred Archer,Sue Holt,W5602026,MR,R1,2026-05-22 11:15:00,2026-05-22 21:57:00,10:42:00,10.7
EA,LUTON,REPAIR,ENG021,Rachel Davies,Mark Booker,W5602027,MR,R1,2026-05-25 11:31:00,2026-05-25 22:55:00,11:24:00,11.4
SC,PERTH,INSPECTION,ENG003,Catriona Stewart,Graham Loan,W5602028,RO,M1,2026-05-25 06:10:00,2026-05-25 16:10:00,10:00:00,10.0
SE,GUILDFORD,EMERGENCY,ENG033,Julie Price,Pat Nolan,W5602029,IR,R2,2026-05-22 07:09:00,2026-05-22 17:21:00,10:12:00,10.2
NE,MIDDLESBROUGH,INSPECTION,ENG070,Janet Robb,Bill Tyne,W5602030,IR,E1,2026-05-27 09:47:00,2026-05-27 13:05:00,03:18:00,3.3
EA,NORWICH,REPAIR,ENG022,Peter Wong,Mark Booker,W5602031,EM,R2,2026-05-27 09:51:00,2026-05-27 12:21:00,02:30:00,2.5
WM,STOKE,ROUTINE,ENG043,Diane Hunt,Tom Avery,W5602032,ME,R1,2026-05-26 09:47:00,2026-05-26 12:17:00,02:30:00,2.5
EA,LUTON,ROUTINE,ENG020,Mark Holloway,Mark Booker,W5602033,IR,E1,2026-05-21 10:29:00,2026-05-22 00:47:00,14:18:00,14.3
SE,GUILDFORD,ROUTINE,ENG031,Tracey McIntyre,Ray Ingram,W5602034,ME,E2,2026-05-23 09:50:00,2026-05-23 22:38:00,12:48:00,12.8
EA,PETERBOROUGH,EMERGENCY,ENG020,Mark Holloway,Mark Booker,W5602035,EM,R1,2026-05-24 07:40:00,2026-05-24 12:16:00,04:36:00,4.6
NW,BOLTON,ROUTINE,ENG014,Alan Sharp,Dave Clarke,W5602036,IR,R2,2026-05-21 07:44:00,2026-05-21 16:50:00,09:06:00,9.1
SC,EDINBURGH,REPAIR,ENG002,Alistair Fraser,Steven Leckie,W5602037,EM,M1,2026-05-25 10:48:00,2026-05-25 21:48:00,11:00:00,11.0
SE,CROYDON,REPAIR,ENG033,Julie Price,Pat Nolan,W5602038,ME,E1,2026-05-27 06:15:00,2026-05-27 10:51:00,04:36:00,4.6
SC,EDINBURGH,EMERGENCY,ENG001,John MacDonald,Steven Leckie,W5602039,IR,E1,2026-05-23 06:49:00,2026-05-23 21:25:00,14:36:00,14.6
NE,GATESHEAD,ROUTINE,ENG072,Liz Cooke,Bill Tyne,W5602040,ME,E2,2026-05-25 10:17:00,2026-05-26 01:53:00,15:36:00,15.6
NW,WARRINGTON,REPAIR,ENG011,Karen Simmons,Gary Williams,W5602041,RO,R2,2026-05-27 09:51:00,2026-05-28 00:21:00,14:30:00,14.5
WM,WALSALL,EMERGENCY,ENG040,Wayne Edwards,Mark Reygate,W5602042,MR,R2,2026-05-26 08:26:00,2026-05-26 17:32:00,09:06:00,9.1
SC,STIRLING,ROUTINE,ENG006,Kevin McAllister,Gordon Shaw,W5602043,EM,M1,2026-05-24 07:22:00,2026-05-24 10:04:00,02:42:00,2.7
SE,CROYDON,REPAIR,ENG033,Julie Price,Pat Nolan,W5602044,RO,E1,2026-05-21 10:58:00,2026-05-21 22:34:00,11:36:00,11.6
EA,IPSWICH,INSPECTION,ENG022,Peter Wong,Mark Booker,W5602045,MR,M1,2026-05-24 06:54:00,2026-05-24 12:00:00,05:06:00,5.1
NT,LINCOLN,INSPECTION,ENG060,Barry Noon,Sue Holt,W5602046,EM,M1,2026-05-27 09:45:00,2026-05-27 21:57:00,12:12:00,12.2
SO,BASINGSTOKE,INSPECTION,ENG052,Chris Lamb,Phil Russell,W5602047,MR,R2,2026-05-22 06:32:00,2026-05-22 09:14:00,02:42:00,2.7
WM,WALSALL,ROUTINE,ENG041,Una Cowling,Mark Reygate,W5602048,IR,R1,2026-05-25 07:51:00,2026-05-25 21:27:00,13:36:00,13.6
EA,NORWICH,INSPECTION,ENG022,Peter Wong,Mark Booker,W5602049,RO,M2,2026-05-26 10:14:00,2026-05-26 19:26:00,09:12:00,9.2
SE,CROYDON,ROUTINE,ENG030,Stuart Porter,Ray Ingram,W5602050,IR,E1,2026-05-27 07:55:00,2026-05-27 22:31:00,14:36:00,14.6
EA,CAMBRIDGE,METERING,ENG022,Peter Wong,Mark Booker,W5602051,RO,R1,2026-05-26 08:03:00,2026-05-26 11:33:00,03:30:00,3.5
NE,GATESHEAD,ROUTINE,ENG070,Janet Robb,Bill Tyne,W5602052,RO,R1,2026-05-24 09:01:00,2026-05-24 13:19:00,04:18:00,4.3
EA,LUTON,EMERGENCY,ENG020,Mark Holloway,Mark Booker,W5602053,MR,E1,2026-05-21 06:54:00,2026-05-21 19:24:00,12:30:00,12.5
NE,MIDDLESBROUGH,EMERGENCY,ENG072,Liz Cooke,Bill Tyne,W5602054,ME,M2,2026-05-24 11:25:00,2026-05-24 23:43:00,12:18:00,12.3
SC,PAISLEY,METERING,ENG002,Alistair Fraser,Steven Leckie,W5602055,IR,R2,2026-05-25 09:22:00,2026-05-25 17:22:00,08:00:00,8.0
WM,DUDLEY,REPAIR,ENG043,Diane Hunt,Tom Avery,W5602056,IR,M1,2026-05-27 06:15:00,2026-05-27 08:27:00,02:12:00,2.2
SO,BOURNEMOUTH,METERING,ENG052,Chris Lamb,Phil Russell,W5602057,IR,E1,2026-05-22 06:29:00,2026-05-22 18:05:00,11:36:00,11.6
NE,DURHAM,METERING,ENG071,Alan Shaw,Bill Tyne,W5602058,IR,M2,2026-05-24 09:21:00,2026-05-24 21:09:00,11:48:00,11.8
WM,WALSALL,REPAIR,ENG040,Wayne Edwards,Mark Reygate,W5602059,EM,M1,2026-05-22 11:51:00,2026-05-22 22:39:00,10:48:00,10.8
SE,GUILDFORD,METERING,ENG030,Stuart Porter,Ray Ingram,W5602060,IR,R1,2026-05-25 08:26:00,2026-05-25 22:50:00,14:24:00,14.4
WM,WOLVERHAMPTON,REPAIR,ENG040,Wayne Edwards,Mark Reygate,W5602061,ME,M2,2026-05-26 08:03:00,2026-05-26 15:39:00,07:36:00,7.6
WM,BIRMINGHAM,EMERGENCY,ENG040,Wayne Edwards,Mark Reygate,W5602062,ME,M2,2026-05-21 08:46:00,2026-05-21 22:58:00,14:12:00,14.2
SO,PORTSMOUTH,REPAIR,ENG050,Phil Hodgkins,Phil Russell,W5602063,IR,R1,2026-05-22 06:30:00,2026-05-22 22:18:00,15:48:00,15.8
NW,BLACKBURN,METERING,ENG014,Alan Sharp,Dave Clarke,W5602064,ME,R2,2026-05-24 06:03:00,2026-05-24 09:39:00,03:36:00,3.6
SC,STIRLING,EMERGENCY,ENG001,John MacDonald,Steven Leckie,W5602065,EM,R1,2026-05-22 08:07:00,2026-05-22 11:55:00,03:48:00,3.8
WM,STOKE,METERING,ENG041,Una Cowling,Mark Reygate,W5602066,EM,M1,2026-05-24 06:38:00,2026-05-24 20:50:00,14:12:00,14.2
NW,LIVERPOOL,METERING,ENG011,Karen Simmons,Gary Williams,W5602067,RO,E1,2026-05-25 06:44:00,2026-05-25 18:32:00,11:48:00,11.8
NT,DERBY,EMERGENCY,ENG062,Fred Archer,Sue Holt,W5602068,MR,E1,2026-05-21 11:22:00,2026-05-21 14:16:00,02:54:00,2.9
NE,SUNDERLAND,REPAIR,ENG070,Janet Robb,Bill Tyne,W5602069,EM,E1,2026-05-21 08:19:00,2026-05-21 17:13:00,08:54:00,8.9
NE,MIDDLESBROUGH,REPAIR,ENG072,Liz Cooke,Bill Tyne,W5602070,EM,R1,2026-05-21 09:25:00,2026-05-21 13:19:00,03:54:00,3.9
SO,SALISBURY,ROUTINE,ENG052,Chris Lamb,Phil Russell,W5602071,ME,E1,2026-05-26 06:57:00,2026-05-26 20:27:00,13:30:00,13.5
EA,CAMBRIDGE,EMERGENCY,ENG020,Mark Holloway,Mark Booker,W5602072,MR,E2,2026-05-21 06:52:00,2026-05-21 12:46:00,05:54:00,5.9
SO,SALISBURY,REPAIR,ENG050,Phil Hodgkins,Phil Russell,W5602073,ME,R2,2026-05-25 08:30:00,2026-05-25 16:00:00,07:30:00,7.5
EA,IPSWICH,INSPECTION,ENG021,Rachel Davies,Mark Booker,W5602074,MR,R2,2026-05-25 09:28:00,2026-05-25 18:34:00,09:06:00,9.1
WM,DUDLEY,ROUTINE,ENG040,Wayne Edwards,Mark Reygate,W5602075,IR,R1,2026-05-27 09:36:00,2026-05-27 19:36:00,10:00:00,10.0
SO,SALISBURY,INSPECTION,ENG052,Chris Lamb,Phil Russell,W5602076,EM,M2,2026-05-22 11:43:00,2026-05-22 23:25:00,11:42:00,11.7
NT,LINCOLN,ROUTINE,ENG062,Fred Archer,Sue Holt,W5602077,ME,R1,2026-05-22 11:01:00,2026-05-23 02:25:00,15:24:00,15.4
NT,NOTTINGHAM,ROUTINE,ENG062,Fred Archer,Sue Holt,W5602078,EM,R2,2026-05-26 10:52:00,2026-05-26 16:10:00,05:18:00,5.3
EA,PETERBOROUGH,REPAIR,ENG022,Peter Wong,Mark Booker,W5602079,RO,R2,2026-05-24 11:36:00,2026-05-24 23:24:00,11:48:00,11.8
NW,LIVERPOOL,REPAIR,ENG011,Karen Simmons,Gary Williams,W5602080,ME,R2,2026-05-25 08:19:00,2026-05-25 17:49:00,09:30:00,9.5
SO,BASINGSTOKE,ROUTINE,ENG052,Chris Lamb,Phil Russell,W5602081,RO,R1,2026-05-21 08:48:00,2026-05-21 19:54:00,11:06:00,11.1
NT,DERBY,INSPECTION,ENG060,Barry Noon,Sue Holt,W5602082,IR,R2,2026-05-24 08:14:00,2026-05-24 13:20:00,05:06:00,5.1
SE,MAIDSTONE,REPAIR,ENG031,Tracey McIntyre,Ray Ingram,W5602083,IR,R2,2026-05-22 11:37:00,2026-05-23 03:07:00,15:30:00,15.5
NE,NEWCASTLE,EMERGENCY,ENG072,Liz Cooke,Bill Tyne,W5602084,IR,E1,2026-05-24 07:00:00,2026-05-24 20:12:00,13:12:00,13.2
SC,STIRLING,EMERGENCY,ENG003,Catriona Stewart,Graham Loan,W5602085,RO,M2,2026-05-27 11:13:00,2026-05-27 18:31:00,07:18:00,7.3
SO,PORTSMOUTH,ROUTINE,ENG052,Chris Lamb,Phil Russell,W5602086,ME,R2,2026-05-25 11:27:00,2026-05-25 21:57:00,10:30:00,10.5
SO,PORTSMOUTH,REPAIR,ENG051,Wendy Nash,Phil Russell,W5602087,MR,M2,2026-05-21 08:12:00,2026-05-21 19:42:00,11:30:00,11.5
WM,STOKE,EMERGENCY,ENG040,Wayne Edwards,Mark Reygate,W5602088,RO,M1,2026-05-22 09:22:00,2026-05-22 16:40:00,07:18:00,7.3
NT,MANSFIELD,INSPECTION,ENG060,Barry Noon,Sue Holt,W5602089,EM,R1,2026-05-21 11:20:00,2026-05-21 15:08:00,03:48:00,3.8
SE,MAIDSTONE,ROUTINE,ENG030,Stuart Porter,Ray Ingram,W5602090,RO,E1,2026-05-23 10:37:00,2026-05-23 16:49:00,06:12:00,6.2
EA,CAMBRIDGE,INSPECTION,ENG021,Rachel Davies,Mark Booker,W5602091,EM,E2,2026-05-26 08:44:00,2026-05-26 15:38:00,06:54:00,6.9
NE,SUNDERLAND,INSPECTION,ENG071,Alan Shaw,Bill Tyne,W5602092,RO,R1,2026-05-22 10:44:00,2026-05-23 02:08:00,15:24:00,15.4
WM,WALSALL,ROUTINE,ENG041,Una Cowling,Mark Reygate,W5602093,MR,M2,2026-05-27 11:56:00,2026-05-27 15:38:00,03:42:00,3.7
SE,CROYDON,ROUTINE,ENG031,Tracey McIntyre,Ray Ingram,W5602094,RO,R2,2026-05-24 07:22:00,2026-05-24 10:28:00,03:06:00,3.1
NT,MANSFIELD,EMERGENCY,ENG061,Cathy Dean,Sue Holt,W5602095,ME,R1,2026-05-22 07:53:00,2026-05-22 18:05:00,10:12:00,10.2
NW,WIGAN,METERING,ENG012,Brian Cook,Gary Williams,W5602096,EM,E1,2026-05-27 08:35:00,2026-05-27 19:17:00,10:42:00,10.7
NE,NEWCASTLE,REPAIR,ENG072,Liz Cooke,Bill Tyne,W5602097,EM,R2,2026-05-21 06:43:00,2026-05-21 17:07:00,10:24:00,10.4
SC,GLASGOW,EMERGENCY,ENG005,Fiona Cameron,Gordon Shaw,W5602098,MR,E1,2026-05-26 07:34:00,2026-05-26 20:22:00,12:48:00,12.8
SC,STIRLING,INSPECTION,ENG006,Kevin McAllister,Gordon Shaw,W5602099,IR,E1,2026-05-26 07:21:00,2026-05-26 19:21:00,12:00:00,12.0
WM,STOKE,METERING,ENG043,Diane Hunt,Tom Avery,W5602100,ME,M1,2026-05-25 08:57:00,2026-05-25 23:15:00,14:18:00,14.3
NT,DERBY,EMERGENCY,ENG061,Cathy Dean,Sue Holt,W5602101,EM,R2,2026-05-23 11:53:00,2026-05-23 22:41:00,10:48:00,10.8
NE,SUNDERLAND,METERING,ENG071,Alan Shaw,Bill Tyne,W5602102,EM,R2,2026-05-25 09:23:00,2026-05-25 22:05:00,12:42:00,12.7
SO,SALISBURY,EMERGENCY,ENG052,Chris Lamb,Phil Russell,W5602103,MR,M1,2026-05-26 09:54:00,2026-05-26 20:12:00,10:18:00,10.3
NE,SUNDERLAND,EMERGENCY,ENG071,Alan Shaw,Bill Tyne,W5602104,MR,R1,2026-05-24 07:11:00,2026-05-24 09:59:00,02:48:00,2.8
EA,PETERBOROUGH,EMERGENCY,ENG020,Mark Holloway,Mark Booker,W5602105,MR,R2,2026-05-27 09:16:00,2026-05-27 13:52:00,04:36:00,4.6
NT,MANSFIELD,INSPECTION,ENG061,Cathy Dean,Sue Holt,W5602106,ME,E2,2026-05-24 11:56:00,2026-05-24 17:14:00,05:18:00,5.3
SE,GUILDFORD,INSPECTION,ENG033,Julie Price,Pat Nolan,W5602107,EM,M2,2026-05-25 08:41:00,2026-05-25 13:53:00,05:12:00,5.2
NW,BOLTON,METERING,ENG010,Paul Dawson,Gary Williams,W5602108,EM,R1,2026-05-27 07:58:00,2026-05-27 16:28:00,08:30:00,8.5
WM,COVENTRY,EMERGENCY,ENG043,Diane Hunt,Tom Avery,W5602109,IR,R2,2026-05-25 07:21:00,2026-05-25 12:45:00,05:24:00,5.4
SE,BRIGHTON,EMERGENCY,ENG032,Colin James,Pat Nolan,W5602110,IR,M1,2026-05-21 08:52:00,2026-05-22 00:46:00,15:54:00,15.9
NW,BOLTON,ROUTINE,ENG014,Alan Sharp,Dave Clarke,W5602111,EM,R1,2026-05-26 07:01:00,2026-05-26 18:01:00,11:00:00,11.0
EA,BEDFORD,EMERGENCY,ENG023,Sharon King,Anne Foster,W5602112,ME,E2,2026-05-26 07:06:00,2026-05-26 20:30:00,13:24:00,13.4
SC,STIRLING,INSPECTION,ENG005,Fiona Cameron,Gordon Shaw,W5602113,MR,M2,2026-05-23 06:34:00,2026-05-23 11:28:00,04:54:00,4.9
SO,PORTSMOUTH,METERING,ENG051,Wendy Nash,Phil Russell,W5602114,MR,R2,2026-05-21 08:28:00,2026-05-21 22:52:00,14:24:00,14.4
EA,LUTON,METERING,ENG021,Rachel Davies,Mark Booker,W5602115,EM,R2,2026-05-24 07:10:00,2026-05-24 20:10:00,13:00:00,13.0
NT,LINCOLN,METERING,ENG062,Fred Archer,Sue Holt,W5602116,RO,R2,2026-05-26 07:51:00,2026-05-26 11:21:00,03:30:00,3.5
NE,GATESHEAD,EMERGENCY,ENG070,Janet Robb,Bill Tyne,W5602117,ME,R2,2026-05-27 08:35:00,2026-05-27 20:05:00,11:30:00,11.5
SC,ABERDEEN,EMERGENCY,ENG002,Alistair Fraser,Steven Leckie,W5602118,RO,E2,2026-05-23 06:53:00,2026-05-23 13:47:00,06:54:00,6.9
SO,BOURNEMOUTH,EMERGENCY,ENG051,Wendy Nash,Phil Russell,W5602119,ME,R1,2026-05-21 08:51:00,2026-05-21 14:15:00,05:24:00,5.4
SO,SOUTHAMPTON,ROUTINE,ENG050,Phil Hodgkins,Phil Russell,W5602120,IR,R2,2026-05-22 11:31:00,2026-05-23 03:13:00,15:42:00,15.7
SO,BOURNEMOUTH,REPAIR,ENG050,Phil Hodgkins,Phil Russell,W5602121,ME,R1,2026-05-26 09:26:00,2026-05-26 18:14:00,08:48:00,8.8
WM,DUDLEY,REPAIR,ENG042,Steve Frost,Mark Reygate,W5602122,MR,M1,2026-05-27 09:40:00,2026-05-27 18:34:00,08:54:00,8.9
SE,HORSHAM,ROUTINE,ENG033,Julie Price,Pat Nolan,W5602123,EM,M1,2026-05-21 10:30:00,2026-05-22 00:06:00,13:36:00,13.6
NW,STOCKPORT,REPAIR,ENG011,Karen Simmons,Gary Williams,W5602124,IR,E2,2026-05-22 08:01:00,2026-05-22 15:19:00,07:18:00,7.3
NT,MANSFIELD,ROUTINE,ENG062,Fred Archer,Sue Holt,W5602125,EM,M1,2026-05-23 07:56:00,2026-05-23 15:44:00,07:48:00,7.8
SC,GLASGOW,REPAIR,ENG001,John MacDonald,Steven Leckie,W5602126,RO,E2,2026-05-24 07:47:00,2026-05-24 16:05:00,08:18:00,8.3
EA,BEDFORD,REPAIR,ENG023,Sharon King,Anne Foster,W5602127,EM,M1,2026-05-26 11:15:00,2026-05-26 20:21:00,09:06:00,9.1
SO,BOURNEMOUTH,METERING,ENG052,Chris Lamb,Phil Russell,W5602128,EM,M1,2026-05-26 07:42:00,2026-05-26 14:30:00,06:48:00,6.8
NE,MIDDLESBROUGH,INSPECTION,ENG072,Liz Cooke,Bill Tyne,W5602129,IR,M1,2026-05-21 10:18:00,2026-05-22 00:48:00,14:30:00,14.5
SO,BASINGSTOKE,INSPECTION,ENG052,Chris Lamb,Phil Russell,W5602130,MR,E2,2026-05-24 10:15:00,2026-05-25 00:03:00,13:48:00,13.8
NE,MIDDLESBROUGH,EMERGENCY,ENG071,Alan Shaw,Bill Tyne,W5602131,MR,E2,2026-05-21 08:39:00,2026-05-21 19:21:00,10:42:00,10.7
SE,CROYDON,INSPECTION,ENG031,Tracey McIntyre,Ray Ingram,W5602132,ME,E2,2026-05-21 08:24:00,2026-05-22 00:24:00,16:00:00,16.0
EA,BEDFORD,EMERGENCY,ENG020,Mark Holloway,Mark Booker,W5602133,RO,E1,2026-05-26 08:24:00,2026-05-26 12:00:00,03:36:00,3.6
SC,STIRLING,INSPECTION,ENG001,John MacDonald,Steven Leckie,W5602134,MR,R2,2026-05-21 10:53:00,2026-05-21 12:59:00,02:06:00,2.1
NE,GATESHEAD,INSPECTION,ENG071,Alan Shaw,Bill Tyne,W5602135,EM,E1,2026-05-21 10:15:00,2026-05-21 20:39:00,10:24:00,10.4
WM,WALSALL,INSPECTION,ENG041,Una Cowling,Mark Reygate,W5602136,IR,R1,2026-05-22 09:28:00,2026-05-22 14:46:00,05:18:00,5.3
NW,WARRINGTON,EMERGENCY,ENG014,Alan Sharp,Dave Clarke,W5602137,ME,M2,2026-05-24 07:10:00,2026-05-24 20:52:00,13:42:00,13.7
NT,MANSFIELD,INSPECTION,ENG061,Cathy Dean,Sue Holt,W5602138,EM,M2,2026-05-26 11:44:00,2026-05-26 23:44:00,12:00:00,12.0
SE,MAIDSTONE,ROUTINE,ENG031,Tracey McIntyre,Ray Ingram,W5602139,ME,R2,2026-05-27 08:44:00,2026-05-27 18:14:00,09:30:00,9.5
NT,DERBY,INSPECTION,ENG060,Barry Noon,Sue Holt,W5602140,EM,R2,2026-05-23 07:38:00,2026-05-23 15:20:00,07:42:00,7.7
SE,GUILDFORD,METERING,ENG030,Stuart Porter,Ray Ingram,W5602141,IR,E1,2026-05-26 09:31:00,2026-05-26 21:43:00,12:12:00,12.2
SE,BRIGHTON,INSPECTION,ENG031,Tracey McIntyre,Ray Ingram,W5602142,RO,M2,2026-05-22 11:00:00,2026-05-22 19:30:00,08:30:00,8.5
NW,BLACKBURN,EMERGENCY,ENG010,Paul Dawson,Gary Williams,W5602143,EM,E2,2026-05-22 06:18:00,2026-05-22 18:30:00,12:12:00,12.2
SC,GLASGOW,METERING,ENG004,Douglas Reid,Graham Loan,W5602144,MR,M1,2026-05-26 07:02:00,2026-05-26 17:56:00,10:54:00,10.9
NT,LINCOLN,EMERGENCY,ENG060,Barry Noon,Sue Holt,W5602145,ME,R2,2026-05-22 09:38:00,2026-05-22 21:02:00,11:24:00,11.4
NT,MANSFIELD,REPAIR,ENG061,Cathy Dean,Sue Holt,W5602146,ME,R1,2026-05-23 11:46:00,2026-05-23 18:52:00,07:06:00,7.1
SC,PAISLEY,INSPECTION,ENG003,Catriona Stewart,Graham Loan,W5602147,RO,E1,2026-05-26 07:13:00,2026-05-26 20:31:00,13:18:00,13.3
NT,NOTTINGHAM,ROUTINE,ENG060,Barry Noon,Sue Holt,W5602148,MR,R2,2026-05-23 11:16:00,2026-05-23 19:22:00,08:06:00,8.1
SO,BASINGSTOKE,ROUTINE,ENG052,Chris Lamb,Phil Russell,W5602149,RO,E2,2026-05-23 10:11:00,2026-05-24 00:11:00,14:00:00,14.0
SC,STIRLING,REPAIR,ENG005,Fiona Cameron,Gordon Shaw,W5602150,RO,R1,2026-05-26 08:32:00,2026-05-26 23:50:00,15:18:00,15.3
WM,COVENTRY,EMERGENCY,ENG041,Una Cowling,Mark Reygate,W5602151,ME,E1,2026-05-25 11:37:00,2026-05-25 22:37:00,11:00:00,11.0
NE,SUNDERLAND,REPAIR,ENG072,Liz Cooke,Bill Tyne,W5602152,IR,M1,2026-05-27 08:13:00,2026-05-27 11:43:00,03:30:00,3.5
NE,MIDDLESBROUGH,INSPECTION,ENG071,Alan Shaw,Bill Tyne,W5602153,MR,R2,2026-05-25 11:53:00,2026-05-26 02:41:00,14:48:00,14.8
SC,DUNDEE,REPAIR,ENG005,Fiona Cameron,Gordon Shaw,W5602154,ME,M1,2026-05-23 11:48:00,2026-05-24 03:30:00,15:42:00,15.7
SE,HORSHAM,REPAIR,ENG032,Colin James,Pat Nolan,W5602155,IR,E1,2026-05-21 06:19:00,2026-05-21 14:25:00,08:06:00,8.1
NE,GATESHEAD,ROUTINE,ENG071,Alan Shaw,Bill Tyne,W5602156,RO,M2,2026-05-24 10:28:00,2026-05-24 13:34:00,03:06:00,3.1
NW,LIVERPOOL,REPAIR,ENG010,Paul Dawson,Gary Williams,W5602157,RO,R2,2026-05-25 09:48:00,2026-05-25 15:00:00,05:12:00,5.2
SO,SOUTHAMPTON,INSPECTION,ENG051,Wendy Nash,Phil Russell,W5602158,IR,M1,2026-05-27 09:24:00,2026-05-28 00:48:00,15:24:00,15.4
NT,NOTTINGHAM,EMERGENCY,ENG062,Fred Archer,Sue Holt,W5602159,EM,R1,2026-05-26 10:18:00,2026-05-26 19:00:00,08:41:59,8.7
WM,STOKE,REPAIR,ENG040,Wayne Edwards,Mark Reygate,W5602160,MR,E1,2026-05-22 07:45:00,2026-05-22 18:03:00,10:18:00,10.3
SE,BRIGHTON,METERING,ENG031,Tracey McIntyre,Ray Ingram,W5602161,MR,R1,2026-05-22 10:27:00,2026-05-22 14:33:00,04:05:59,4.1
SE,EASTBOURNE,REPAIR,ENG033,Julie Price,Pat Nolan,W5602162,RO,E2,2026-05-23 08:10:00,2026-05-23 14:22:00,06:12:00,6.2
NT,LINCOLN,EMERGENCY,ENG061,Cathy Dean,Sue Holt,W5602163,ME,R1,2026-05-22 07:57:00,2026-05-22 22:45:00,14:48:00,14.8
NT,NOTTINGHAM,ROUTINE,ENG061,Cathy Dean,Sue Holt,W5602164,MR,R1,2026-05-27 06:28:00,2026-05-27 19:58:00,13:30:00,13.5
SE,MAIDSTONE,ROUTINE,ENG030,Stuart Porter,Ray Ingram,W5602165,ME,R2,2026-05-21 08:05:00,2026-05-21 21:35:00,13:30:00,13.5
SO,PORTSMOUTH,ROUTINE,ENG051,Wendy Nash,Phil Russell,W5602166,IR,E2,2026-05-26 11:00:00,2026-05-27 01:36:00,14:36:00,14.6
SE,HORSHAM,REPAIR,ENG030,Stuart Porter,Ray Ingram,W5602167,MR,R1,2026-05-27 11:20:00,2026-05-28 01:08:00,13:48:00,13.8
SC,INVERNESS,EMERGENCY,ENG001,John MacDonald,Steven Leckie,W5602168,MR,R1,2026-05-27 08:44:00,2026-05-27 14:20:00,05:36:00,5.6
NT,NOTTINGHAM,METERING,ENG062,Fred Archer,Sue Holt,W5602169,RO,R2,2026-05-25 11:04:00,2026-05-26 02:58:00,15:54:00,15.9
NE,DURHAM,ROUTINE,ENG072,Liz Cooke,Bill Tyne,W5602170,EM,R1,2026-05-23 09:41:00,2026-05-23 23:11:00,13:30:00,13.5
WM,WALSALL,INSPECTION,ENG043,Diane Hunt,Tom Avery,W5602171,EM,M2,2026-05-27 10:55:00,2026-05-28 00:49:00,13:54:00,13.9
NT,LEICESTER,ROUTINE,ENG062,Fred Archer,Sue Holt,W5602172,RO,M2,2026-05-26 08:39:00,2026-05-26 14:21:00,05:42:00,5.7
NT,NOTTINGHAM,METERING,ENG061,Cathy Dean,Sue Holt,W5602173,RO,M1,2026-05-21 09:08:00,2026-05-21 23:08:00,14:00:00,14.0
WM,BIRMINGHAM,ROUTINE,ENG041,Una Cowling,Mark Reygate,W5602174,IR,M1,2026-05-27 09:44:00,2026-05-27 11:50:00,02:06:00,2.1
SO,SALISBURY,METERING,ENG052,Chris Lamb,Phil Russell,W5602175,EM,R1,2026-05-21 06:03:00,2026-05-21 10:39:00,04:36:00,4.6
NT,MANSFIELD,INSPECTION,ENG060,Barry Noon,Sue Holt,W5602176,RO,E2,2026-05-27 11:51:00,2026-05-27 14:27:00,02:36:00,2.6
NT,LINCOLN,EMERGENCY,ENG062,Fred Archer,Sue Holt,W5602177,RO,E2,2026-05-23 11:47:00,2026-05-23 15:17:00,03:30:00,3.5
EA,CAMBRIDGE,INSPECTION,ENG020,Mark Holloway,Mark Booker,W5602178,MR,R1,2026-05-21 08:23:00,2026-05-21 15:53:00,07:30:00,7.5
SE,GUILDFORD,INSPECTION,ENG030,Stuart Porter,Ray Ingram,W5602179,ME,M2,2026-05-27 06:11:00,2026-05-27 13:53:00,07:42:00,7.7
EA,PETERBOROUGH,REPAIR,ENG022,Peter Wong,Mark Booker,W5602180,EM,M1,2026-05-25 11:04:00,2026-05-25 22:34:00,11:30:00,11.5
NT,LEICESTER,METERING,ENG060,Barry Noon,Sue Holt,W5602181,EM,M2,2026-05-23 07:03:00,2026-05-23 13:03:00,06:00:00,6.0
NT,LINCOLN,INSPECTION,ENG062,Fred Archer,Sue Holt,W5602182,EM,R2,2026-05-26 06:05:00,2026-05-26 19:41:00,13:36:00,13.6
SC,STIRLING,EMERGENCY,ENG002,Alistair Fraser,Steven Leckie,W5602183,MR,E1,2026-05-26 07:10:00,2026-05-26 15:28:00,08:18:00,8.3
SE,BRIGHTON,EMERGENCY,ENG031,Tracey McIntyre,Ray Ingram,W5602184,MR,M1,2026-05-26 06:39:00,2026-05-26 16:09:00,09:30:00,9.5
NE,SUNDERLAND,METERING,ENG070,Janet Robb,Bill Tyne,W5602185,ME,E2,2026-05-26 07:03:00,2026-05-26 10:45:00,03:42:00,3.7
SC,INVERNESS,ROUTINE,ENG003,Catriona Stewart,Graham Loan,W5602186,RO,E2,2026-05-27 08:49:00,2026-05-27 17:25:00,08:36:00,8.6
NT,NOTTINGHAM,EMERGENCY,ENG061,Cathy Dean,Sue Holt,W5602187,MR,M2,2026-05-21 09:04:00,2026-05-21 13:46:00,04:42:00,4.7
NT,LINCOLN,ROUTINE,ENG060,Barry Noon,Sue Holt,W5602188,IR,E1,2026-05-23 07:16:00,2026-05-23 14:40:00,07:24:00,7.4
NW,LIVERPOOL,INSPECTION,ENG010,Paul Dawson,Gary Williams,W5602189,ME,M2,2026-05-22 09:10:00,2026-05-22 22:40:00,13:30:00,13.5
SE,GUILDFORD,EMERGENCY,ENG033,Julie Price,Pat Nolan,W5602190,IR,R2,2026-05-23 07:03:00,2026-05-23 19:09:00,12:06:00,12.1
SE,BRIGHTON,ROUTINE,ENG031,Tracey McIntyre,Ray Ingram,W5602191,EM,R2,2026-05-21 11:19:00,2026-05-22 03:19:00,16:00:00,16.0
SE,MAIDSTONE,EMERGENCY,ENG030,Stuart Porter,Ray Ingram,W5602192,IR,R1,2026-05-23 10:08:00,2026-05-23 21:50:00,11:42:00,11.7
WM,STOKE,ROUTINE,ENG040,Wayne Edwards,Mark Reygate,W5602193,IR,M1,2026-05-21 09:35:00,2026-05-21 14:47:00,05:12:00,5.2
NT,NOTTINGHAM,METERING,ENG062,Fred Archer,Sue Holt,W5602194,EM,R1,2026-05-22 10:44:00,2026-05-22 21:02:00,10:18:00,10.3
NW,BLACKBURN,METERING,ENG011,Karen Simmons,Gary Williams,W5602195,ME,E1,2026-05-22 06:29:00,2026-05-22 09:11:00,02:42:00,2.7
WM,STOKE,REPAIR,ENG041,Una Cowling,Mark Reygate,W5602196,MR,M2,2026-05-26 08:35:00,2026-05-26 13:23:00,04:48:00,4.8
SO,SALISBURY,ROUTINE,ENG052,Chris Lamb,Phil Russell,W5602197,MR,R2,2026-05-23 09:13:00,2026-05-23 20:19:00,11:06:00,11.1
SE,EASTBOURNE,REPAIR,ENG033,Julie Price,Pat Nolan,W5602198,RO,E2,2026-05-26 07:14:00,2026-05-26 22:38:00,15:24:00,15.4
NE,NEWCASTLE,ROUTINE,ENG070,Janet Robb,Bill Tyne,W5602199,RO,M2,2026-05-22 06:14:00,2026-05-22 16:56:00,10:42:00,10.7
NW,BOLTON,EMERGENCY,ENG011,Karen Simmons,Gary Williams,W5602200,MR,R1,2026-05-27 07:13:00,2026-05-27 09:55:00,02:42:00,2.7
WM,DUDLEY,METERING,ENG041,Una Cowling,Mark Reygate,W5602201,IR,E1,2026-05-22 08:29:00,2026-05-22 14:29:00,06:00:00,6.0
NW,WIGAN,INSPECTION,ENG011,Karen Simmons,Gary Williams,W5602202,RO,R1,2026-05-27 11:48:00,2026-05-28 03:06:00,15:18:00,15.3
NW,BOLTON,ROUTINE,ENG012,Brian Cook,Gary Williams,W5602203,ME,R1,2026-05-22 08:20:00,2026-05-22 15:26:00,07:06:00,7.1
NT,LEICESTER,ROUTINE,ENG062,Fred Archer,Sue Holt,W5602204,RO,M1,2026-05-24 08:41:00,2026-05-24 17:05:00,08:24:00,8.4
NW,WARRINGTON,EMERGENCY,ENG011,Karen Simmons,Gary Williams,W5602205,ME,E2,2026-05-25 08:54:00,2026-05-25 14:06:00,05:12:00,5.2
NW,BLACKBURN,ROUTINE,ENG012,Brian Cook,Gary Williams,W5602206,RO,M1,2026-05-24 08:03:00,2026-05-24 10:39:00,02:36:00,2.6
SO,BOURNEMOUTH,EMERGENCY,ENG050,Phil Hodgkins,Phil Russell,W5602207,MR,R2,2026-05-26 10:19:00,2026-05-26 18:25:00,08:06:00,8.1
NW,BLACKBURN,METERING,ENG010,Paul Dawson,Gary Williams,W5602208,RO,R2,2026-05-25 06:26:00,2026-05-25 10:08:00,03:42:00,3.7
SC,PAISLEY,ROUTINE,ENG006,Kevin McAllister,Gordon Shaw,W5602209,ME,R1,2026-05-26 08:39:00,2026-05-26 14:03:00,05:24:00,5.4
NE,NEWCASTLE,METERING,ENG072,Liz Cooke,Bill Tyne,W5602210,MR,E1,2026-05-26 06:31:00,2026-05-26 19:43:00,13:12:00,13.2
SE,MAIDSTONE,METERING,ENG033,Julie Price,Pat Nolan,W5602211,EM,M2,2026-05-23 09:11:00,2026-05-24 00:11:00,15:00:00,15.0
NW,STOCKPORT,METERING,ENG012,Brian Cook,Gary Williams,W5602212,RO,E2,2026-05-27 08:49:00,2026-05-27 13:43:00,04:54:00,4.9
EA,CAMBRIDGE,EMERGENCY,ENG020,Mark Holloway,Mark Booker,W5602213,ME,M1,2026-05-21 11:20:00,2026-05-22 00:02:00,12:42:00,12.7
SE,HORSHAM,REPAIR,ENG033,Julie Price,Pat Nolan,W5602214,ME,M2,2026-05-21 10:50:00,2026-05-21 15:08:00,04:18:00,4.3
SC,ABERDEEN,METERING,ENG004,Douglas Reid,Graham Loan,W5602215,IR,E2,2026-05-25 10:31:00,2026-05-25 16:49:00,06:18:00,6.3
NE,NEWCASTLE,ROUTINE,ENG072,Liz Cooke,Bill Tyne,W5602216,RO,R2,2026-05-27 07:33:00,2026-05-27 13:45:00,06:12:00,6.2
EA,BEDFORD,EMERGENCY,ENG020,Mark Holloway,Mark Booker,W5602217,ME,E2,2026-05-24 07:25:00,2026-05-24 11:49:00,04:24:00,4.4
SO,PORTSMOUTH,METERING,ENG052,Chris Lamb,Phil Russell,W5602218,MR,E2,2026-05-21 10:46:00,2026-05-21 23:52:00,13:06:00,13.1
SO,SOUTHAMPTON,METERING,ENG052,Chris Lamb,Phil Russell,W5602219,EM,M2,2026-05-22 10:57:00,2026-05-22 19:57:00,09:00:00,9.0
SE,CROYDON,EMERGENCY,ENG032,Colin James,Pat Nolan,W5602220,RO,R2,2026-05-21 11:58:00,2026-05-22 00:58:00,13:00:00,13.0
EA,PETERBOROUGH,ROUTINE,ENG021,Rachel Davies,Mark Booker,W5602221,RO,M2,2026-05-27 09:09:00,2026-05-27 23:15:00,14:06:00,14.1
WM,WALSALL,REPAIR,ENG043,Diane Hunt,Tom Avery,W5602222,EM,M2,2026-05-23 07:54:00,2026-05-23 15:06:00,07:12:00,7.2
SE,MAIDSTONE,INSPECTION,ENG031,Tracey McIntyre,Ray Ingram,W5602223,EM,M1,2026-05-22 07:08:00,2026-05-22 19:02:00,11:54:00,11.9
NE,MIDDLESBROUGH,REPAIR,ENG072,Liz Cooke,Bill Tyne,W5602224,EM,M1,2026-05-25 09:43:00,2026-05-25 17:07:00,07:24:00,7.4
NE,SUNDERLAND,REPAIR,ENG070,Janet Robb,Bill Tyne,W5602225,EM,M2,2026-05-26 08:21:00,2026-05-27 00:09:00,15:48:00,15.8
NT,NOTTINGHAM,REPAIR,ENG060,Barry Noon,Sue Holt,W5602226,MR,E2,2026-05-24 10:20:00,2026-05-24 23:14:00,12:54:00,12.9
EA,LUTON,REPAIR,ENG020,Mark Holloway,Mark Booker,W5602227,EM,E2,2026-05-24 08:36:00,2026-05-24 16:24:00,07:48:00,7.8
SC,STIRLING,REPAIR,ENG004,Douglas Reid,Graham Loan,W5602228,RO,M2,2026-05-27 07:41:00,2026-05-27 20:05:00,12:24:00,12.4
NT,MANSFIELD,EMERGENCY,ENG060,Barry Noon,Sue Holt,W5602229,IR,M1,2026-05-24 11:05:00,2026-05-24 18:35:00,07:30:00,7.5
WM,WALSALL,EMERGENCY,ENG041,Una Cowling,Mark Reygate,W5602230,ME,R1,2026-05-23 06:06:00,2026-05-23 17:24:00,11:18:00,11.3
NE,DURHAM,INSPECTION,ENG072,Liz Cooke,Bill Tyne,W5602231,RO,M1,2026-05-21 09:30:00,2026-05-21 21:06:00,11:36:00,11.6
NW,MANCHESTER,METERING,ENG010,Paul Dawson,Gary Williams,W5602232,RO,R2,2026-05-26 08:28:00,2026-05-26 14:58:00,06:30:00,6.5
NT,NOTTINGHAM,EMERGENCY,ENG060,Barry Noon,Sue Holt,W5602233,IR,E1,2026-05-25 10:39:00,2026-05-25 14:03:00,03:24:00,3.4
WM,COVENTRY,REPAIR,ENG043,Diane Hunt,Tom Avery,W5602234,ME,R2,2026-05-23 07:04:00,2026-05-23 14:04:00,07:00:00,7.0
EA,NORWICH,ROUTINE,ENG020,Mark Holloway,Mark Booker,W5602235,EM,E1,2026-05-25 08:43:00,2026-05-25 21:19:00,12:36:00,12.6
NT,LINCOLN,EMERGENCY,ENG061,Cathy Dean,Sue Holt,W5602236,ME,M1,2026-05-27 06:33:00,2026-05-27 19:45:00,13:12:00,13.2
EA,BEDFORD,EMERGENCY,ENG022,Peter Wong,Mark Booker,W5602237,MR,R2,2026-05-24 08:02:00,2026-05-24 23:32:00,15:30:00,15.5
EA,BEDFORD,EMERGENCY,ENG021,Rachel Davies,Mark Booker,W5602238,MR,E2,2026-05-26 09:44:00,2026-05-26 16:08:00,06:24:00,6.4
SC,ABERDEEN,ROUTINE,ENG003,Catriona Stewart,Graham Loan,W5602239,RO,M2,2026-05-22 09:10:00,2026-05-22 13:16:00,04:05:59,4.1
SC,INVERNESS,REPAIR,ENG003,Catriona Stewart,Graham Loan,W5602240,IR,M2,2026-05-25 09:30:00,2026-05-25 17:24:00,07:54:00,7.9
SO,SALISBURY,ROUTINE,ENG052,Chris Lamb,Phil Russell,W5602241,RO,E1,2026-05-22 07:27:00,2026-05-22 15:15:00,07:48:00,7.8
WM,STOKE,REPAIR,ENG042,Steve Frost,Mark Reygate,W5602242,IR,E1,2026-05-24 06:37:00,2026-05-24 19:01:00,12:24:00,12.4
EA,CAMBRIDGE,REPAIR,ENG020,Mark Holloway,Mark Booker,W5602243,RO,M2,2026-05-21 10:13:00,2026-05-21 12:43:00,02:30:00,2.5
EA,NORWICH,METERING,ENG021,Rachel Davies,Mark Booker,W5602244,MR,R2,2026-05-22 10:03:00,2026-05-22 22:27:00,12:24:00,12.4
EA,PETERBOROUGH,ROUTINE,ENG020,Mark Holloway,Mark Booker,W5602245,EM,M2,2026-05-22 06:08:00,2026-05-22 16:20:00,10:12:00,10.2
NE,GATESHEAD,REPAIR,ENG070,Janet Robb,Bill Tyne,W5602246,RO,R1,2026-05-27 07:42:00,2026-05-27 14:00:00,06:18:00,6.3
EA,CAMBRIDGE,METERING,ENG020,Mark Holloway,Mark Booker,W5602247,IR,M2,2026-05-23 11:54:00,2026-05-24 03:06:00,15:12:00,15.2
SE,HORSHAM,REPAIR,ENG033,Julie Price,Pat Nolan,W5602248,EM,R2,2026-05-22 10:59:00,2026-05-22 17:05:00,06:06:00,6.1
SC,PERTH,EMERGENCY,ENG003,Catriona Stewart,Graham Loan,W5602249,RO,E2,2026-05-25 07:54:00,2026-05-25 17:06:00,09:12:00,9.2
NE,MIDDLESBROUGH,METERING,ENG072,Liz Cooke,Bill Tyne,W5602250,EM,E2,2026-05-26 11:24:00,2026-05-26 14:54:00,03:30:00,3.5
SE,BRIGHTON,ROUTINE,ENG030,Stuart Porter,Ray Ingram,W5602251,IR,M2,2026-05-21 06:09:00,2026-05-21 14:21:00,08:11:59,8.2
SC,STIRLING,METERING,ENG004,Douglas Reid,Graham Loan,W5602252,EM,R2,2026-05-21 11:32:00,2026-05-21 19:02:00,07:30:00,7.5
SC,STIRLING,EMERGENCY,ENG005,Fiona Cameron,Gordon Shaw,W5602253,MR,M2,2026-05-22 10:19:00,2026-05-22 15:43:00,05:24:00,5.4
WM,DUDLEY,METERING,ENG043,Diane Hunt,Tom Avery,W5602254,EM,E1,2026-05-24 09:22:00,2026-05-25 00:46:00,15:24:00,15.4
SC,GLASGOW,EMERGENCY,ENG001,John MacDonald,Steven Leckie,W5602255,EM,E1,2026-05-21 09:39:00,2026-05-21 15:15:00,05:36:00,5.6
SC,GLASGOW,METERING,ENG002,Alistair Fraser,Steven Leckie,W5602256,EM,R2,2026-05-26 08:34:00,2026-05-26 11:34:00,03:00:00,3.0
WM,BIRMINGHAM,EMERGENCY,ENG042,Steve Frost,Mark Reygate,W5602257,EM,E1,2026-05-23 11:54:00,2026-05-24 02:00:00,14:06:00,14.1
NE,GATESHEAD,EMERGENCY,ENG071,Alan Shaw,Bill Tyne,W5602258,ME,R1,2026-05-27 07:13:00,2026-05-27 13:43:00,06:30:00,6.5
NW,WIGAN,INSPECTION,ENG012,Brian Cook,Gary Williams,W5602259,ME,E2,2026-05-22 08:03:00,2026-05-22 23:57:00,15:54:00,15.9
NT,LEICESTER,INSPECTION,ENG062,Fred Archer,Sue Holt,W5602260,ME,R2,2026-05-21 06:17:00,2026-05-21 21:29:00,15:12:00,15.2
EA,BEDFORD,INSPECTION,ENG022,Peter Wong,Mark Booker,W5602261,RO,R2,2026-05-26 06:48:00,2026-05-26 22:12:00,15:24:00,15.4
SC,ABERDEEN,ROUTINE,ENG006,Kevin McAllister,Gordon Shaw,W5602262,ME,M1,2026-05-21 10:35:00,2026-05-21 22:41:00,12:06:00,12.1
WM,DUDLEY,REPAIR,ENG041,Una Cowling,Mark Reygate,W5602263,IR,R1,2026-05-26 11:56:00,2026-05-26 14:14:00,02:18:00,2.3
EA,CAMBRIDGE,REPAIR,ENG020,Mark Holloway,Mark Booker,W5602264,ME,R2,2026-05-26 09:50:00,2026-05-27 00:20:00,14:30:00,14.5
NE,DURHAM,EMERGENCY,ENG072,Liz Cooke,Bill Tyne,W5602265,RO,E2,2026-05-23 09:49:00,2026-05-23 14:49:00,05:00:00,5.0
SC,PAISLEY,METERING,ENG005,Fiona Cameron,Gordon Shaw,W5602266,ME,M2,2026-05-21 07:49:00,2026-05-21 12:43:00,04:54:00,4.9
EA,PETERBOROUGH,EMERGENCY,ENG023,Sharon King,Anne Foster,W5602267,IR,E2,2026-05-27 06:52:00,2026-05-27 17:40:00,10:48:00,10.8
SE,CROYDON,EMERGENCY,ENG030,Stuart Porter,Ray Ingram,W5602268,RO,M1,2026-05-26 06:15:00,2026-05-26 15:27:00,09:12:00,9.2
SE,EASTBOURNE,EMERGENCY,ENG031,Tracey McIntyre,Ray Ingram,W5602269,EM,M2,2026-05-21 06:40:00,2026-05-21 13:34:00,06:54:00,6.9
NW,WIGAN,INSPECTION,ENG010,Paul Dawson,Gary Williams,W5602270,EM,M1,2026-05-25 10:57:00,2026-05-25 15:45:00,04:48:00,4.8
WM,STOKE,REPAIR,ENG042,Steve Frost,Mark Reygate,W5602271,ME,R2,2026-05-22 06:14:00,2026-05-22 17:32:00,11:18:00,11.3
NW,WARRINGTON,EMERGENCY,ENG011,Karen Simmons,Gary Williams,W5602272,MR,R1,2026-05-21 08:54:00,2026-05-21 14:48:00,05:54:00,5.9
SO,BOURNEMOUTH,INSPECTION,ENG052,Chris Lamb,Phil Russell,W5602273,ME,R1,2026-05-26 09:18:00,2026-05-26 14:30:00,05:12:00,5.2
NW,BOLTON,INSPECTION,ENG013,Helen Morris,Dave Clarke,W5602274,EM,R1,2026-05-27 07:02:00,2026-05-27 10:08:00,03:06:00,3.1
SC,INVERNESS,REPAIR,ENG003,Catriona Stewart,Graham Loan,W5602275,IR,R1,2026-05-26 08:41:00,2026-05-26 17:17:00,08:36:00,8.6
WM,DUDLEY,INSPECTION,ENG042,Steve Frost,Mark Reygate,W5602276,IR,R1,2026-05-23 11:43:00,2026-05-23 15:19:00,03:36:00,3.6
SO,SOUTHAMPTON,ROUTINE,ENG050,Phil Hodgkins,Phil Russell,W5602277,RO,R1,2026-05-24 08:42:00,2026-05-24 23:42:00,15:00:00,15.0
WM,WOLVERHAMPTON,EMERGENCY,ENG040,Wayne Edwards,Mark Reygate,W5602278,ME,M1,2026-05-24 10:22:00,2026-05-24 15:46:00,05:24:00,5.4
EA,CAMBRIDGE,EMERGENCY,ENG022,Peter Wong,Mark Booker,W5602279,ME,E1,2026-05-27 07:38:00,2026-05-27 18:38:00,11:00:00,11.0
EA,BEDFORD,METERING,ENG023,Sharon King,Anne Foster,W5602280,MR,E1,2026-05-27 07:36:00,2026-05-27 19:30:00,11:54:00,11.9
EA,NORWICH,INSPECTION,ENG022,Peter Wong,Mark Booker,W5602281,IR,R1,2026-05-25 06:43:00,2026-05-25 14:25:00,07:42:00,7.7
WM,WOLVERHAMPTON,ROUTINE,ENG042,Steve Frost,Mark Reygate,W5602282,RO,R2,2026-05-27 09:54:00,2026-05-27 23:42:00,13:48:00,13.8
SC,INVERNESS,REPAIR,ENG003,Catriona Stewart,Graham Loan,W5602283,IR,M1,2026-05-24 07:24:00,2026-05-24 20:54:00,13:30:00,13.5
NW,LIVERPOOL,ROUTINE,ENG011,Karen Simmons,Gary Williams,W5602284,MR,M1,2026-05-25 06:57:00,2026-05-25 17:21:00,10:24:00,10.4
SE,CROYDON,ROUTINE,ENG032,Colin James,Pat Nolan,W5602285,ME,M1,2026-05-25 09:23:00,2026-05-25 11:59:00,02:36:00,2.6
WM,BIRMINGHAM,REPAIR,ENG040,Wayne Edwards,Mark Reygate,W5602286,MR,M2,2026-05-21 10:55:00,2026-05-21 18:01:00,07:06:00,7.1
WM,WALSALL,EMERGENCY,ENG040,Wayne Edwards,Mark Reygate,W5602287,RO,R2,2026-05-23 08:58:00,2026-05-23 20:34:00,11:36:00,11.6
EA,LUTON,REPAIR,ENG023,Sharon King,Anne Foster,W5602288,EM,M1,2026-05-27 07:57:00,2026-05-27 20:51:00,12:54:00,12.9
SO,BOURNEMOUTH,ROUTINE,ENG051,Wendy Nash,Phil Russell,W5602289,ME,R1,2026-05-26 09:33:00,2026-05-26 14:45:00,05:12:00,5.2
NW,STOCKPORT,EMERGENCY,ENG011,Karen Simmons,Gary Williams,W5602290,MR,M1,2026-05-27 11:03:00,2026-05-27 21:03:00,10:00:00,10.0
WM,BIRMINGHAM,INSPECTION,ENG040,Wayne Edwards,Mark Reygate,W5602291,ME,M1,2026-05-25 11:18:00,2026-05-25 13:54:00,02:36:00,2.6
SO,SOUTHAMPTON,INSPECTION,ENG052,Chris Lamb,Phil Russell,W5602292,ME,E2,2026-05-21 09:02:00,2026-05-21 19:26:00,10:24:00,10.4
SO,SALISBURY,INSPECTION,ENG051,Wendy Nash,Phil Russell,W5602293,RO,E2,2026-05-25 07:52:00,2026-05-25 18:46:00,10:54:00,10.9
NE,MIDDLESBROUGH,EMERGENCY,ENG071,Alan Shaw,Bill Tyne,W5602294,MR,R1,2026-05-22 10:40:00,2026-05-22 19:52:00,09:12:00,9.2
EA,CAMBRIDGE,METERING,ENG023,Sharon King,Anne Foster,W5602295,IR,R1,2026-05-22 10:11:00,2026-05-22 14:29:00,04:18:00,4.3
SC,STIRLING,REPAIR,ENG001,John MacDonald,Steven Leckie,W5602296,MR,E2,2026-05-23 08:50:00,2026-05-23 12:50:00,04:00:00,4.0
SC,INVERNESS,REPAIR,ENG003,Catriona Stewart,Graham Loan,W5602297,ME,M2,2026-05-24 07:14:00,2026-05-24 17:26:00,10:12:00,10.2
NE,GATESHEAD,INSPECTION,ENG070,Janet Robb,Bill Tyne,W5602298,ME,R2,2026-05-27 07:03:00,2026-05-27 09:33:00,02:30:00,2.5
SO,SALISBURY,REPAIR,ENG051,Wendy Nash,Phil Russell,W5602299,MR,E2,2026-05-21 09:56:00,2026-05-21 12:56:00,03:00:00,3.0
NE,SUNDERLAND,METERING,ENG071,Alan Shaw,Bill Tyne,W5602300,IR,E1,2026-05-21 10:15:00,2026-05-21 18:15:00,08:00:00,8.0
SC,ABERDEEN,METERING,ENG004,Douglas Reid,Graham Loan,W5602301,ME,E1,2026-05-22 09:39:00,2026-05-22 22:57:00,13:18:00,13.3
NE,GATESHEAD,METERING,ENG072,Liz Cooke,Bill Tyne,W5602302,RO,R1,2026-05-24 10:25:00,2026-05-24 19:31:00,09:06:00,9.1
EA,BEDFORD,METERING,ENG020,Mark Holloway,Mark Booker,W5602303,ME,R1,2026-05-27 11:52:00,2026-05-27 21:52:00,10:00:00,10.0
EA,PETERBOROUGH,EMERGENCY,ENG020,Mark Holloway,Mark Booker,W5602304,ME,R1,2026-05-26 08:28:00,2026-05-26 20:40:00,12:12:00,12.2
NT,LEICESTER,ROUTINE,ENG060,Barry Noon,Sue Holt,W5602305,ME,E1,2026-05-21 10:54:00,2026-05-21 23:42:00,12:48:00,12.8
SE,BRIGHTON,ROUTINE,ENG030,Stuart Porter,Ray Ingram,W5602306,EM,E1,2026-05-27 11:52:00,2026-05-27 15:10:00,03:18:00,3.3
SE,MAIDSTONE,INSPECTION,ENG030,Stuart Porter,Ray Ingram,W5602307,ME,E1,2026-05-26 08:39:00,2026-05-26 19:33:00,10:54:00,10.9
SC,ABERDEEN,EMERGENCY,ENG006,Kevin McAllister,Gordon Shaw,W5602308,ME,M2,2026-05-26 09:00:00,2026-05-26 15:54:00,06:54:00,6.9
WM,DUDLEY,METERING,ENG043,Diane Hunt,Tom Avery,W5602309,ME,R2,2026-05-22 09:29:00,2026-05-22 18:41:00,09:12:00,9.2
SE,BRIGHTON,INSPECTION,ENG033,Julie Price,Pat Nolan,W5602310,IR,R2,2026-05-25 09:37:00,2026-05-25 18:25:00,08:48:00,8.8
SE,HORSHAM,EMERGENCY,ENG030,Stuart Porter,Ray Ingram,W5602311,IR,R2,2026-05-23 09:30:00,2026-05-23 20:30:00,11:00:00,11.0
EA,NORWICH,METERING,ENG021,Rachel Davies,Mark Booker,W5602312,MR,E2,2026-05-25 11:17:00,2026-05-25 15:35:00,04:18:00,4.3
EA,PETERBOROUGH,INSPECTION,ENG023,Sharon King,Anne Foster,W5602313,EM,M2,2026-05-22 09:05:00,2026-05-22 23:47:00,14:42:00,14.7
SO,BOURNEMOUTH,REPAIR,ENG052,Chris Lamb,Phil Russell,W5602314,ME,E2,2026-05-25 06:00:00,2026-05-25 19:18:00,13:18:00,13.3
NT,DERBY,INSPECTION,ENG061,Cathy Dean,Sue Holt,W5602315,IR,E2,2026-05-21 08:22:00,2026-05-21 17:46:00,09:24:00,9.4
NW,BOLTON,METERING,ENG010,Paul Dawson,Gary Williams,W5602316,ME,R2,2026-05-22 11:34:00,2026-05-22 19:52:00,08:18:00,8.3
WM,WOLVERHAMPTON,ROUTINE,ENG041,Una Cowling,Mark Reygate,W5602317,MR,E1,2026-05-21 10:56:00,2026-05-22 01:14:00,14:18:00,14.3
SE,EASTBOURNE,REPAIR,ENG032,Colin James,Pat Nolan,W5602318,MR,E1,2026-05-23 09:20:00,2026-05-23 21:50:00,12:30:00,12.5
NT,NOTTINGHAM,EMERGENCY,ENG061,Cathy Dean,Sue Holt,W5602319,RO,E2,2026-05-24 11:22:00,2026-05-24 14:28:00,03:06:00,3.1
EA,IPSWICH,INSPECTION,ENG021,Rachel Davies,Mark Booker,W5602320,RO,M1,2026-05-27 08:20:00,2026-05-27 20:32:00,12:12:00,12.2
SE,EASTBOURNE,REPAIR,ENG030,Stuart Porter,Ray Ingram,W5602321,MR,M2,2026-05-27 10:01:00,2026-05-27 22:49:00,12:48:00,12.8
EA,LUTON,METERING,ENG022,Peter Wong,Mark Booker,W5602322,IR,E2,2026-05-25 11:25:00,2026-05-25 17:37:00,06:12:00,6.2
NE,DURHAM,EMERGENCY,ENG072,Liz Cooke,Bill Tyne,W5602323,ME,R1,2026-05-22 06:51:00,2026-05-22 16:27:00,09:36:00,9.6
SE,BRIGHTON,INSPECTION,ENG031,Tracey McIntyre,Ray Ingram,W5602324,IR,R2,2026-05-27 10:49:00,2026-05-28 00:19:00,13:30:00,13.5
SO,BOURNEMOUTH,METERING,ENG052,Chris Lamb,Phil Russell,W5602325,MR,E2,2026-05-27 06:33:00,2026-05-27 09:51:00,03:18:00,3.3
NT,LEICESTER,INSPECTION,ENG060,Barry Noon,Sue Holt,W5602326,EM,R1,2026-05-21 09:51:00,2026-05-21 14:39:00,04:48:00,4.8
NW,WIGAN,INSPECTION,ENG010,Paul Dawson,Gary Williams,W5602327,RO,M1,2026-05-27 07:13:00,2026-05-27 16:13:00,09:00:00,9.0
NW,WARRINGTON,ROUTINE,ENG014,Alan Sharp,Dave Clarke,W5602328,RO,E1,2026-05-21 09:47:00,2026-05-21 19:05:00,09:18:00,9.3
NW,STOCKPORT,INSPECTION,ENG014,Alan Sharp,Dave Clarke,W5602329,RO,R2,2026-05-24 10:13:00,2026-05-24 12:25:00,02:12:00,2.2
NE,NEWCASTLE,INSPECTION,ENG070,Janet Robb,Bill Tyne,W5602330,RO,R1,2026-05-22 09:55:00,2026-05-23 00:25:00,14:30:00,14.5
EA,IPSWICH,METERING,ENG021,Rachel Davies,Mark Booker,W5602331,ME,M1,2026-05-25 10:28:00,2026-05-26 00:04:00,13:36:00,13.6
NT,MANSFIELD,ROUTINE,ENG060,Barry Noon,Sue Holt,W5602332,IR,M2,2026-05-24 09:00:00,2026-05-24 21:42:00,12:42:00,12.7
SC,PAISLEY,ROUTINE,ENG003,Catriona Stewart,Graham Loan,W5602333,MR,R2,2026-05-21 09:48:00,2026-05-21 12:42:00,02:54:00,2.9
WM,STOKE,ROUTINE,ENG040,Wayne Edwards,Mark Reygate,W5602334,EM,M2,2026-05-24 09:59:00,2026-05-24 14:59:00,05:00:00,5.0
NW,WIGAN,METERING,ENG012,Brian Cook,Gary Williams,W5602335,EM,M2,2026-05-22 07:30:00,2026-05-22 22:00:00,14:30:00,14.5
WM,STOKE,ROUTINE,ENG040,Wayne Edwards,Mark Reygate,W5602336,EM,R2,2026-05-27 06:21:00,2026-05-27 19:03:00,12:42:00,12.7
NT,MANSFIELD,REPAIR,ENG062,Fred Archer,Sue Holt,W5602337,RO,E2,2026-05-24 11:03:00,2026-05-24 20:57:00,09:54:00,9.9
SE,MAIDSTONE,METERING,ENG031,Tracey McIntyre,Ray Ingram,W5602338,EM,R1,2026-05-27 11:06:00,2026-05-27 16:48:00,05:42:00,5.7
NW,BLACKBURN,EMERGENCY,ENG013,Helen Morris,Dave Clarke,W5602339,RO,E2,2026-05-21 06:50:00,2026-05-21 13:20:00,06:30:00,6.5
NW,WIGAN,REPAIR,ENG013,Helen Morris,Dave Clarke,W5602340,ME,R2,2026-05-22 07:58:00,2026-05-22 13:16:00,05:18:00,5.3
EA,IPSWICH,ROUTINE,ENG022,Peter Wong,Mark Booker,W5602341,MR,E1,2026-05-22 09:00:00,2026-05-22 16:54:00,07:54:00,7.9
WM,BIRMINGHAM,REPAIR,ENG040,Wayne Edwards,Mark Reygate,W5602342,ME,M1,2026-05-24 07:49:00,2026-05-24 20:43:00,12:54:00,12.9
NE,DURHAM,EMERGENCY,ENG071,Alan Shaw,Bill Tyne,W5602343,ME,E1,2026-05-27 11:33:00,2026-05-27 16:45:00,05:12:00,5.2
NT,LEICESTER,ROUTINE,ENG062,Fred Archer,Sue Holt,W5602344,IR,M1,2026-05-21 09:09:00,2026-05-21 18:39:00,09:30:00,9.5
NT,MANSFIELD,INSPECTION,ENG061,Cathy Dean,Sue Holt,W5602345,RO,R2,2026-05-22 11:35:00,2026-05-22 23:35:00,12:00:00,12.0
SO,BASINGSTOKE,INSPECTION,ENG050,Phil Hodgkins,Phil Russell,W5602346,EM,R2,2026-05-27 10:04:00,2026-05-27 23:28:00,13:24:00,13.4
EA,BEDFORD,METERING,ENG022,Peter Wong,Mark Booker,W5602347,ME,E2,2026-05-25 08:58:00,2026-05-25 12:34:00,03:36:00,3.6
NE,SUNDERLAND,INSPECTION,ENG071,Alan Shaw,Bill Tyne,W5602348,EM,E1,2026-05-25 08:47:00,2026-05-25 12:53:00,04:05:59,4.1
SO,BASINGSTOKE,INSPECTION,ENG052,Chris Lamb,Phil Russell,W5602349,RO,M2,2026-05-23 11:53:00,2026-05-24 03:53:00,16:00:00,16.0
NW,BOLTON,INSPECTION,ENG014,Alan Sharp,Dave Clarke,W5602350,RO,R1,2026-05-21 07:21:00,2026-05-21 11:39:00,04:18:00,4.3
SE,EASTBOURNE,EMERGENCY,ENG031,Tracey McIntyre,Ray Ingram,W5602351,IR,M2,2026-05-25 07:50:00,2026-05-25 14:02:00,06:12:00,6.2
SE,MAIDSTONE,ROUTINE,ENG030,Stuart Porter,Ray Ingram,W5602352,RO,R1,2026-05-27 09:36:00,2026-05-27 23:30:00,13:54:00,13.9
NT,DERBY,ROUTINE,ENG061,Cathy Dean,Sue Holt,W5602353,IR,R2,2026-05-27 09:48:00,2026-05-28 00:12:00,14:24:00,14.4
SO,PORTSMOUTH,REPAIR,ENG050,Phil Hodgkins,Phil Russell,W5602354,IR,E2,2026-05-26 10:43:00,2026-05-26 22:25:00,11:42:00,11.7
SC,STIRLING,REPAIR,ENG001,John MacDonald,Steven Leckie,W5602355,RO,E2,2026-05-25 08:18:00,2026-05-25 17:36:00,09:18:00,9.3
SC,STIRLING,EMERGENCY,ENG004,Douglas Reid,Graham Loan,W5602356,RO,R2,2026-05-25 10:52:00,2026-05-25 19:40:00,08:48:00,8.8
NT,DERBY,METERING,ENG060,Barry Noon,Sue Holt,W5602357,IR,R1,2026-05-22 06:09:00,2026-05-22 09:21:00,03:12:00,3.2
NE,MIDDLESBROUGH,METERING,ENG070,Janet Robb,Bill Tyne,W5602358,MR,E1,2026-05-23 06:43:00,2026-05-23 22:31:00,15:48:00,15.8
SE,GUILDFORD,INSPECTION,ENG030,Stuart Porter,Ray Ingram,W5602359,ME,M1,2026-05-23 11:44:00,2026-05-23 18:32:00,06:48:00,6.8
NW,WIGAN,EMERGENCY,ENG011,Karen Simmons,Gary Williams,W5602360,ME,M1,2026-05-24 10:39:00,2026-05-25 02:39:00,16:00:00,16.0
SE,BRIGHTON,METERING,ENG033,Julie Price,Pat Nolan,W5602361,IR,E1,2026-05-27 07:15:00,2026-05-27 19:57:00,12:42:00,12.7
NT,NOTTINGHAM,ROUTINE,ENG060,Barry Noon,Sue Holt,W5602362,ME,M1,2026-05-23 10:48:00,2026-05-23 13:24:00,02:36:00,2.6
SO,SALISBURY,INSPECTION,ENG051,Wendy Nash,Phil Russell,W5602363,RO,E1,2026-05-24 10:00:00,2026-05-24 15:42:00,05:42:00,5.7
SO,SOUTHAMPTON,EMERGENCY,ENG051,Wendy Nash,Phil Russell,W5602364,IR,E1,2026-05-25 06:41:00,2026-05-25 20:17:00,13:36:00,13.6
NE,MIDDLESBROUGH,EMERGENCY,ENG071,Alan Shaw,Bill Tyne,W5602365,EM,R2,2026-05-22 09:16:00,2026-05-22 18:22:00,09:06:00,9.1
NW,BLACKBURN,METERING,ENG012,Brian Cook,Gary Williams,W5602366,RO,E2,2026-05-27 06:47:00,2026-05-27 21:59:00,15:12:00,15.2
EA,PETERBOROUGH,ROUTINE,ENG023,Sharon King,Anne Foster,W5602367,EM,M2,2026-05-22 06:46:00,2026-05-22 15:34:00,08:48:00,8.8
WM,WALSALL,REPAIR,ENG040,Wayne Edwards,Mark Reygate,W5602368,RO,E2,2026-05-27 11:46:00,2026-05-28 02:40:00,14:54:00,14.9
WM,COVENTRY,EMERGENCY,ENG043,Diane Hunt,Tom Avery,W5602369,EM,E2,2026-05-24 06:34:00,2026-05-24 14:40:00,08:06:00,8.1
NE,SUNDERLAND,REPAIR,ENG072,Liz Cooke,Bill Tyne,W5602370,MR,R2,2026-05-27 11:33:00,2026-05-27 19:51:00,08:18:00,8.3
NW,WIGAN,REPAIR,ENG014,Alan Sharp,Dave Clarke,W5602371,EM,M2,2026-05-25 09:48:00,2026-05-25 14:42:00,04:54:00,4.9
NT,DERBY,INSPECTION,ENG060,Barry Noon,Sue Holt,W5602372,ME,R1,2026-05-21 10:47:00,2026-05-21 15:53:00,05:06:00,5.1
WM,WALSALL,REPAIR,ENG042,Steve Frost,Mark Reygate,W5602373,IR,E1,2026-05-24 09:28:00,2026-05-24 23:10:00,13:42:00,13.7
SC,PERTH,REPAIR,ENG003,Catriona Stewart,Graham Loan,W5602374,RO,R2,2026-05-27 09:27:00,2026-05-27 19:21:00,09:54:00,9.9
SC,DUNDEE,METERING,ENG003,Catriona Stewart,Graham Loan,W5602375,RO,R2,2026-05-23 09:01:00,2026-05-23 16:19:00,07:18:00,7.3
SE,BRIGHTON,EMERGENCY,ENG033,Julie Price,Pat Nolan,W5602376,EM,R1,2026-05-26 11:30:00,2026-05-26 15:12:00,03:42:00,3.7
SO,BOURNEMOUTH,INSPECTION,ENG052,Chris Lamb,Phil Russell,W5602377,MR,E2,2026-05-24 11:11:00,2026-05-24 13:29:00,02:18:00,2.3
NW,STOCKPORT,INSPECTION,ENG010,Paul Dawson,Gary Williams,W5602378,EM,R2,2026-05-27 07:00:00,2026-05-27 17:48:00,10:48:00,10.8
NT,NOTTINGHAM,METERING,ENG061,Cathy Dean,Sue Holt,W5602379,MR,M1,2026-05-25 11:35:00,2026-05-25 17:59:00,06:24:00,6.4
NE,DURHAM,REPAIR,ENG071,Alan Shaw,Bill Tyne,W5602380,IR,E2,2026-05-23 10:55:00,2026-05-23 14:49:00,03:54:00,3.9
EA,PETERBOROUGH,METERING,ENG023,Sharon King,Anne Foster,W5602381,MR,R1,2026-05-23 08:23:00,2026-05-23 15:17:00,06:54:00,6.9
NW,BOLTON,METERING,ENG011,Karen Simmons,Gary Williams,W5602382,ME,M2,2026-05-27 10:47:00,2026-05-27 17:11:00,06:24:00,6.4
WM,WALSALL,INSPECTION,ENG042,Steve Frost,Mark Reygate,W5602383,IR,E2,2026-05-22 08:52:00,2026-05-22 20:16:00,11:24:00,11.4
NE,GATESHEAD,REPAIR,ENG072,Liz Cooke,Bill Tyne,W5602384,ME,R2,2026-05-22 06:04:00,2026-05-22 09:52:00,03:48:00,3.8
SE,CROYDON,METERING,ENG033,Julie Price,Pat Nolan,W5602385,MR,R2,2026-05-24 11:21:00,2026-05-24 21:21:00,10:00:00,10.0
NW,WARRINGTON,METERING,ENG010,Paul Dawson,Gary Williams,W5602386,ME,R2,2026-05-25 07:40:00,2026-05-25 17:46:00,10:06:00,10.1
SO,SOUTHAMPTON,REPAIR,ENG052,Chris Lamb,Phil Russell,W5602387,ME,E2,2026-05-24 07:05:00,2026-05-24 16:29:00,09:24:00,9.4
NW,BOLTON,REPAIR,ENG011,Karen Simmons,Gary Williams,W5602388,ME,M1,2026-05-24 06:02:00,2026-05-24 16:50:00,10:48:00,10.8
NW,BLACKBURN,METERING,ENG012,Brian Cook,Gary Williams,W5602389,MR,R1,2026-05-24 11:27:00,2026-05-24 18:27:00,07:00:00,7.0
NE,SUNDERLAND,METERING,ENG072,Liz Cooke,Bill Tyne,W5602390,IR,E1,2026-05-22 08:32:00,2026-05-22 21:26:00,12:54:00,12.9
NT,LEICESTER,INSPECTION,ENG061,Cathy Dean,Sue Holt,W5602391,EM,E1,2026-05-26 08:05:00,2026-05-26 13:41:00,05:36:00,5.6
SE,MAIDSTONE,METERING,ENG031,Tracey McIntyre,Ray Ingram,W5602392,EM,R2,2026-05-25 07:44:00,2026-05-25 22:26:00,14:42:00,14.7
WM,WOLVERHAMPTON,INSPECTION,ENG043,Diane Hunt,Tom Avery,W5602393,EM,E2,2026-05-25 10:25:00,2026-05-25 18:37:00,08:11:59,8.2
NT,LEICESTER,INSPECTION,ENG060,Barry Noon,Sue Holt,W5602394,RO,E1,2026-05-22 06:57:00,2026-05-22 12:21:00,05:24:00,5.4
NW,BOLTON,INSPECTION,ENG012,Brian Cook,Gary Williams,W5602395,MR,M2,2026-05-22 07:50:00,2026-05-22 13:14:00,05:24:00,5.4
SE,BRIGHTON,METERING,ENG030,Stuart Porter,Ray Ingram,W5602396,IR,E1,2026-05-25 10:31:00,2026-05-26 00:49:00,14:18:00,14.3
SO,BASINGSTOKE,METERING,ENG052,Chris Lamb,Phil Russell,W5602397,ME,M1,2026-05-21 08:53:00,2026-05-21 14:47:00,05:54:00,5.9
NT,NOTTINGHAM,REPAIR,ENG060,Barry Noon,Sue Holt,W5602398,EM,R2,2026-05-27 11:10:00,2026-05-27 14:04:00,02:54:00,2.9
SO,BOURNEMOUTH,METERING,ENG052,Chris Lamb,Phil Russell,W5602399,MR,E2,2026-05-26 11:30:00,2026-05-26 23:24:00,11:54:00,11.9
EA,PETERBOROUGH,EMERGENCY,ENG020,Mark Holloway,Mark Booker,W5602400,RO,R1,2026-05-26 07:59:00,2026-05-26 15:53:00,07:54:00,7.9
EA,NORWICH,ROUTINE,ENG022,Peter Wong,Mark Booker,W5602401,ME,E2,2026-05-25 07:21:00,2026-05-25 12:39:00,05:18:00,5.3
SO,SOUTHAMPTON,INSPECTION,ENG052,Chris Lamb,Phil Russell,W5602402,RO,E2,2026-05-23 08:24:00,2026-05-23 10:48:00,02:24:00,2.4
SC,PERTH,EMERGENCY,ENG006,Kevin McAllister,Gordon Shaw,W5602403,EM,R1,2026-05-24 09:12:00,2026-05-24 15:12:00,06:00:00,6.0
SO,SOUTHAMPTON,ROUTINE,ENG051,Wendy Nash,Phil Russell,W5602404,RO,R1,2026-05-27 09:06:00,2026-05-27 22:18:00,13:12:00,13.2
NW,LIVERPOOL,METERING,ENG013,Helen Morris,Dave Clarke,W5602405,MR,E2,2026-05-26 09:41:00,2026-05-26 20:41:00,11:00:00,11.0
SC,GLASGOW,EMERGENCY,ENG002,Alistair Fraser,Steven Leckie,W5602406,ME,E1,2026-05-21 07:59:00,2026-05-21 12:23:00,04:24:00,4.4
SC,ABERDEEN,ROUTINE,ENG005,Fiona Cameron,Gordon Shaw,W5602407,EM,M1,2026-05-23 07:33:00,2026-05-23 14:21:00,06:48:00,6.8
NW,BOLTON,EMERGENCY,ENG013,Helen Morris,Dave Clarke,W5602408,ME,E1,2026-05-25 06:29:00,2026-05-25 14:05:00,07:36:00,7.6
NT,NOTTINGHAM,METERING,ENG062,Fred Archer,Sue Holt,W5602409,ME,M2,2026-05-24 11:18:00,2026-05-24 13:54:00,02:36:00,2.6
NW,BLACKBURN,ROUTINE,ENG010,Paul Dawson,Gary Williams,W5602410,RO,M1,2026-05-24 10:32:00,2026-05-24 23:08:00,12:36:00,12.6
SC,INVERNESS,ROUTINE,ENG006,Kevin McAllister,Gordon Shaw,W5602411,RO,E2,2026-05-22 06:57:00,2026-05-22 13:33:00,06:36:00,6.6
NE,DURHAM,ROUTINE,ENG071,Alan Shaw,Bill Tyne,W5602412,EM,R2,2026-05-24 06:11:00,2026-05-24 14:59:00,08:48:00,8.8
SO,BASINGSTOKE,METERING,ENG052,Chris Lamb,Phil Russell,W5602413,IR,M2,2026-05-21 06:01:00,2026-05-21 15:01:00,09:00:00,9.0
WM,DUDLEY,INSPECTION,ENG042,Steve Frost,Mark Reygate,W5602414,EM,M1,2026-05-23 08:41:00,2026-05-23 14:23:00,05:42:00,5.7
WM,WOLVERHAMPTON,EMERGENCY,ENG040,Wayne Edwards,Mark Reygate,W5602415,RO,R1,2026-05-25 06:46:00,2026-05-25 13:28:00,06:42:00,6.7
EA,PETERBOROUGH,EMERGENCY,ENG020,Mark Holloway,Mark Booker,W5602416,RO,E2,2026-05-26 09:34:00,2026-05-26 20:28:00,10:54:00,10.9
NT,MANSFIELD,EMERGENCY,ENG061,Cathy Dean,Sue Holt,W5602417,EM,R2,2026-05-21 07:37:00,2026-05-21 13:13:00,05:36:00,5.6
NE,GATESHEAD,REPAIR,ENG070,Janet Robb,Bill Tyne,W5602418,ME,E1,2026-05-26 10:14:00,2026-05-26 19:44:00,09:30:00,9.5
NE,SUNDERLAND,REPAIR,ENG071,Alan Shaw,Bill Tyne,W5602419,MR,E1,2026-05-21 06:43:00,2026-05-21 08:43:00,02:00:00,2.0
NW,STOCKPORT,REPAIR,ENG012,Brian Cook,Gary Williams,W5602420,MR,R2,2026-05-23 06:22:00,2026-05-23 16:40:00,10:18:00,10.3
NE,MIDDLESBROUGH,REPAIR,ENG072,Liz Cooke,Bill Tyne,W5602421,RO,M2,2026-05-21 11:00:00,2026-05-21 19:12:00,08:11:59,8.2
SE,CROYDON,REPAIR,ENG033,Julie Price,Pat Nolan,W5602422,RO,R1,2026-05-24 06:28:00,2026-05-24 10:04:00,03:36:00,3.6
EA,IPSWICH,METERING,ENG023,Sharon King,Anne Foster,W5602423,ME,M2,2026-05-23 08:00:00,2026-05-23 15:12:00,07:12:00,7.2
SC,INVERNESS,ROUTINE,ENG006,Kevin McAllister,Gordon Shaw,W5602424,ME,E1,2026-05-27 11:49:00,2026-05-27 23:31:00,11:42:00,11.7
EA,LUTON,METERING,ENG021,Rachel Davies,Mark Booker,W5602425,IR,M2,2026-05-21 11:26:00,2026-05-22 02:20:00,14:54:00,14.9
NE,SUNDERLAND,ROUTINE,ENG071,Alan Shaw,Bill Tyne,W5602426,IR,E1,2026-05-25 10:53:00,2026-05-25 13:53:00,03:00:00,3.0
SC,INVERNESS,ROUTINE,ENG002,Alistair Fraser,Steven Leckie,W5602427,RO,R2,2026-05-26 07:25:00,2026-05-26 09:37:00,02:12:00,2.2
WM,STOKE,INSPECTION,ENG040,Wayne Edwards,Mark Reygate,W5602428,RO,R2,2026-05-22 08:54:00,2026-05-22 17:36:00,08:41:59,8.7
NW,LIVERPOOL,REPAIR,ENG011,Karen Simmons,Gary Williams,W5602429,EM,E1,2026-05-21 10:28:00,2026-05-21 13:46:00,03:18:00,3.3
WM,DUDLEY,REPAIR,ENG041,Una Cowling,Mark Reygate,W5602430,MR,R2,2026-05-22 10:51:00,2026-05-23 01:03:00,14:12:00,14.2
WM,COVENTRY,REPAIR,ENG041,Una Cowling,Mark Reygate,W5602431,IR,M1,2026-05-27 08:40:00,2026-05-27 17:28:00,08:48:00,8.8
SE,BRIGHTON,ROUTINE,ENG032,Colin James,Pat Nolan,W5602432,MR,R2,2026-05-22 11:56:00,2026-05-23 02:50:00,14:54:00,14.9
WM,COVENTRY,INSPECTION,ENG043,Diane Hunt,Tom Avery,W5602433,RO,E1,2026-05-25 11:01:00,2026-05-25 13:43:00,02:42:00,2.7
SO,BASINGSTOKE,INSPECTION,ENG050,Phil Hodgkins,Phil Russell,W5602434,MR,R2,2026-05-22 06:06:00,2026-05-22 16:42:00,10:36:00,10.6
SC,INVERNESS,ROUTINE,ENG004,Douglas Reid,Graham Loan,W5602435,MR,R1,2026-05-24 11:40:00,2026-05-24 23:28:00,11:48:00,11.8
NT,DERBY,METERING,ENG061,Cathy Dean,Sue Holt,W5602436,IR,E2,2026-05-25 10:07:00,2026-05-25 17:55:00,07:48:00,7.8
SC,PAISLEY,REPAIR,ENG004,Douglas Reid,Graham Loan,W5602437,RO,R1,2026-05-25 11:19:00,2026-05-26 02:25:00,15:06:00,15.1
SC,ABERDEEN,ROUTINE,ENG006,Kevin McAllister,Gordon Shaw,W5602438,EM,E2,2026-05-27 06:20:00,2026-05-27 15:44:00,09:24:00,9.4
EA,IPSWICH,METERING,ENG021,Rachel Davies,Mark Booker,W5602439,RO,E1,2026-05-25 10:47:00,2026-05-26 01:05:00,14:18:00,14.3
NT,DERBY,REPAIR,ENG060,Barry Noon,Sue Holt,W5602440,EM,E2,2026-05-25 06:10:00,2026-05-25 18:34:00,12:24:00,12.4
NE,NEWCASTLE,REPAIR,ENG071,Alan Shaw,Bill Tyne,W5602441,ME,E1,2026-05-24 09:37:00,2026-05-24 16:19:00,06:42:00,6.7
SO,PORTSMOUTH,EMERGENCY,ENG050,Phil Hodgkins,Phil Russell,W5602442,IR,R1,2026-05-23 08:44:00,2026-05-23 19:26:00,10:42:00,10.7
NT,DERBY,EMERGENCY,ENG060,Barry Noon,Sue Holt,W5602443,MR,R1,2026-05-25 11:01:00,2026-05-25 18:19:00,07:18:00,7.3
NE,NEWCASTLE,ROUTINE,ENG071,Alan Shaw,Bill Tyne,W5602444,EM,R1,2026-05-21 09:28:00,2026-05-21 12:28:00,03:00:00,3.0
SO,SALISBURY,INSPECTION,ENG052,Chris Lamb,Phil Russell,W5602445,IR,E1,2026-05-27 10:25:00,2026-05-27 15:49:00,05:24:00,5.4
NW,LIVERPOOL,METERING,ENG012,Brian Cook,Gary Williams,W5602446,IR,E2,2026-05-22 09:12:00,2026-05-22 19:48:00,10:36:00,10.6
WM,DUDLEY,ROUTINE,ENG041,Una Cowling,Mark Reygate,W5602447,EM,E2,2026-05-24 09:26:00,2026-05-24 20:20:00,10:54:00,10.9
NE,MIDDLESBROUGH,EMERGENCY,ENG072,Liz Cooke,Bill Tyne,W5602448,IR,E2,2026-05-23 09:06:00,2026-05-23 22:30:00,13:24:00,13.4
NW,MANCHESTER,INSPECTION,ENG013,Helen Morris,Dave Clarke,W5602449,MR,E2,2026-05-24 07:40:00,2026-05-24 20:10:00,12:30:00,12.5
WM,DUDLEY,INSPECTION,ENG040,Wayne Edwards,Mark Reygate,W5602450,IR,R1,2026-05-26 08:15:00,2026-05-26 13:51:00,05:36:00,5.6
NT,LINCOLN,EMERGENCY,ENG061,Cathy Dean,Sue Holt,W5602451,EM,E1,2026-05-23 07:50:00,2026-05-23 17:20:00,09:30:00,9.5
SO,SALISBURY,ROUTINE,ENG052,Chris Lamb,Phil Russell,W5602452,RO,R2,2026-05-21 09:06:00,2026-05-21 14:30:00,05:24:00,5.4
NT,LEICESTER,REPAIR,ENG061,Cathy Dean,Sue Holt,W5602453,EM,R2,2026-05-21 07:33:00,2026-05-21 13:39:00,06:06:00,6.1
NT,NOTTINGHAM,INSPECTION,ENG061,Cathy Dean,Sue Holt,W5602454,MR,M2,2026-05-25 08:25:00,2026-05-25 18:31:00,10:06:00,10.1
NW,BLACKBURN,REPAIR,ENG010,Paul Dawson,Gary Williams,W5602455,MR,M1,2026-05-21 07:36:00,2026-05-21 20:30:00,12:54:00,12.9
NW,BOLTON,REPAIR,ENG013,Helen Morris,Dave Clarke,W5602456,MR,M2,2026-05-23 10:45:00,2026-05-23 18:15:00,07:30:00,7.5
SE,GUILDFORD,METERING,ENG031,Tracey McIntyre,Ray Ingram,W5602457,MR,R2,2026-05-25 09:34:00,2026-05-25 15:16:00,05:42:00,5.7
SE,EASTBOURNE,METERING,ENG031,Tracey McIntyre,Ray Ingram,W5602458,RO,R2,2026-05-27 09:44:00,2026-05-27 13:44:00,04:00:00,4.0
EA,IPSWICH,REPAIR,ENG020,Mark Holloway,Mark Booker,W5602459,IR,M2,2026-05-24 10:28:00,2026-05-24 12:52:00,02:24:00,2.4
SO,BOURNEMOUTH,ROUTINE,ENG050,Phil Hodgkins,Phil Russell,W5602460,IR,M1,2026-05-25 06:34:00,2026-05-25 21:34:00,15:00:00,15.0
NE,GATESHEAD,INSPECTION,ENG070,Janet Robb,Bill Tyne,W5602461,EM,M2,2026-05-26 09:13:00,2026-05-26 20:49:00,11:36:00,11.6
SC,INVERNESS,REPAIR,ENG006,Kevin McAllister,Gordon Shaw,W5602462,ME,M1,2026-05-22 08:06:00,2026-05-22 11:12:00,03:06:00,3.1
SC,STIRLING,METERING,ENG003,Catriona Stewart,Graham Loan,W5602463,RO,E2,2026-05-21 07:07:00,2026-05-21 18:19:00,11:12:00,11.2
SE,EASTBOURNE,REPAIR,ENG033,Julie Price,Pat Nolan,W5602464,RO,M2,2026-05-24 06:05:00,2026-05-24 17:53:00,11:48:00,11.8
NT,DERBY,REPAIR,ENG062,Fred Archer,Sue Holt,W5602465,RO,M1,2026-05-27 07:30:00,2026-05-27 13:30:00,06:00:00,6.0
SE,BRIGHTON,ROUTINE,ENG031,Tracey McIntyre,Ray Ingram,W5602466,IR,M1,2026-05-25 09:46:00,2026-05-25 22:34:00,12:48:00,12.8
NT,DERBY,INSPECTION,ENG060,Barry Noon,Sue Holt,W5602467,MR,R1,2026-05-27 09:56:00,2026-05-28 01:02:00,15:06:00,15.1
NE,NEWCASTLE,EMERGENCY,ENG072,Liz Cooke,Bill Tyne,W5602468,IR,R1,2026-05-21 06:10:00,2026-05-21 12:28:00,06:18:00,6.3
NE,MIDDLESBROUGH,EMERGENCY,ENG070,Janet Robb,Bill Tyne,W5602469,MR,M1,2026-05-22 10:31:00,2026-05-22 16:49:00,06:18:00,6.3
NE,MIDDLESBROUGH,ROUTINE,ENG072,Liz Cooke,Bill Tyne,W5602470,MR,R2,2026-05-23 10:16:00,2026-05-23 20:46:00,10:30:00,10.5
SO,SOUTHAMPTON,INSPECTION,ENG051,Wendy Nash,Phil Russell,W5602471,MR,E1,2026-05-26 10:46:00,2026-05-26 22:40:00,11:54:00,11.9
NE,NEWCASTLE,INSPECTION,ENG072,Liz Cooke,Bill Tyne,W5602472,MR,E1,2026-05-23 10:51:00,2026-05-23 18:33:00,07:42:00,7.7
WM,BIRMINGHAM,METERING,ENG041,Una Cowling,Mark Reygate,W5602473,RO,E1,2026-05-25 08:15:00,2026-05-25 19:27:00,11:12:00,11.2
NW,WARRINGTON,METERING,ENG013,Helen Morris,Dave Clarke,W5602474,EM,R1,2026-05-27 08:32:00,2026-05-27 15:26:00,06:54:00,6.9
NE,DURHAM,METERING,ENG070,Janet Robb,Bill Tyne,W5602475,RO,E1,2026-05-25 09:09:00,2026-05-25 17:09:00,08:00:00,8.0
EA,CAMBRIDGE,METERING,ENG023,Sharon King,Anne Foster,W5602476,EM,E1,2026-05-21 09:06:00,2026-05-21 16:12:00,07:06:00,7.1
NT,DERBY,ROUTINE,ENG061,Cathy Dean,Sue Holt,W5602477,IR,M1,2026-05-25 10:40:00,2026-05-25 16:40:00,06:00:00,6.0
SC,DUNDEE,ROUTINE,ENG006,Kevin McAllister,Gordon Shaw,W5602478,RO,M1,2026-05-25 06:45:00,2026-05-25 19:51:00,13:06:00,13.1
SO,PORTSMOUTH,EMERGENCY,ENG052,Chris Lamb,Phil Russell,W5602479,RO,E2,2026-05-24 06:40:00,2026-05-24 19:58:00,13:18:00,13.3
SE,MAIDSTONE,REPAIR,ENG030,Stuart Porter,Ray Ingram,W5602480,EM,E2,2026-05-24 08:45:00,2026-05-24 22:09:00,13:24:00,13.4
NW,STOCKPORT,INSPECTION,ENG011,Karen Simmons,Gary Williams,W5602481,ME,M1,2026-05-26 11:33:00,2026-05-26 20:51:00,09:18:00,9.3
SO,SALISBURY,INSPECTION,ENG051,Wendy Nash,Phil Russell,W5602482,RO,M2,2026-05-22 11:31:00,2026-05-22 22:49:00,11:18:00,11.3
NT,MANSFIELD,INSPECTION,ENG062,Fred Archer,Sue Holt,W5602483,RO,R1,2026-05-22 09:12:00,2026-05-22 11:18:00,02:06:00,2.1
NE,DURHAM,EMERGENCY,ENG072,Liz Cooke,Bill Tyne,W5602484,RO,E1,2026-05-24 08:59:00,2026-05-24 16:53:00,07:54:00,7.9
SE,EASTBOURNE,METERING,ENG032,Colin James,Pat Nolan,W5602485,MR,E1,2026-05-21 06:07:00,2026-05-21 10:37:00,04:30:00,4.5
NT,LEICESTER,ROUTINE,ENG061,Cathy Dean,Sue Holt,W5602486,ME,E2,2026-05-26 11:14:00,2026-05-26 13:50:00,02:36:00,2.6
NT,MANSFIELD,EMERGENCY,ENG061,Cathy Dean,Sue Holt,W5602487,RO,R1,2026-05-22 09:28:00,2026-05-22 19:28:00,10:00:00,10.0
NE,MIDDLESBROUGH,METERING,ENG072,Liz Cooke,Bill Tyne,W5602488,ME,R1,2026-05-26 06:24:00,2026-05-26 22:24:00,16:00:00,16.0
SO,PORTSMOUTH,METERING,ENG051,Wendy Nash,Phil Russell,W5602489,EM,R2,2026-05-22 10:26:00,2026-05-22 16:26:00,06:00:00,6.0
NT,LINCOLN,REPAIR,ENG062,Fred Archer,Sue Holt,W5602490,RO,E1,2026-05-21 10:54:00,2026-05-22 00:00:00,13:06:00,13.1
SO,PORTSMOUTH,EMERGENCY,ENG050,Phil Hodgkins,Phil Russell,W5602491,ME,E1,2026-05-22 11:04:00,2026-05-23 00:10:00,13:06:00,13.1
SO,SALISBURY,INSPECTION,ENG051,Wendy Nash,Phil Russell,W5602492,EM,M2,2026-05-21 09:19:00,2026-05-21 16:31:00,07:12:00,7.2
SO,SALISBURY,REPAIR,ENG052,Chris Lamb,Phil Russell,W5602493,MR,E1,2026-05-26 11:32:00,2026-05-26 14:32:00,03:00:00,3.0
WM,BIRMINGHAM,REPAIR,ENG042,Steve Frost,Mark Reygate,W5602494,EM,R1,2026-05-25 09:15:00,2026-05-25 20:45:00,11:30:00,11.5
WM,STOKE,REPAIR,ENG041,Una Cowling,Mark Reygate,W5602495,MR,E2,2026-05-25 10:05:00,2026-05-25 13:47:00,03:42:00,3.7
SE,EASTBOURNE,EMERGENCY,ENG032,Colin James,Pat Nolan,W5602496,RO,R2,2026-05-22 10:57:00,2026-05-22 13:39:00,02:42:00,2.7
SE,BRIGHTON,INSPECTION,ENG030,Stuart Porter,Ray Ingram,W5602497,RO,E2,2026-05-22 08:12:00,2026-05-22 18:06:00,09:54:00,9.9
NW,BLACKBURN,EMERGENCY,ENG012,Brian Cook,Gary Williams,W5602498,MR,M1,2026-05-27 08:12:00,2026-05-27 16:30:00,08:18:00,8.3
NE,DURHAM,REPAIR,ENG072,Liz Cooke,Bill Tyne,W5602499,IR,M2,2026-05-21 07:04:00,2026-05-21 12:40:00,05:36:00,5.6
EA,CAMBRIDGE,EMERGENCY,ENG022,Peter Wong,Mark Booker,W5602500,IR,E2,2026-05-27 10:46:00,2026-05-27 20:58:00,10:12:00,10.2
NW,BOLTON,METERING,ENG012,Brian Cook,Gary Williams,W5602501,IR,M1,2026-05-22 09:07:00,2026-05-22 15:25:00,06:18:00,6.3
SO,BASINGSTOKE,EMERGENCY,ENG051,Wendy Nash,Phil Russell,W5602502,IR,R1,2026-05-22 09:41:00,2026-05-22 19:41:00,10:00:00,10.0
SC,ABERDEEN,METERING,ENG004,Douglas Reid,Graham Loan,W5602503,EM,M2,2026-05-23 07:09:00,2026-05-23 15:03:00,07:54:00,7.9
WM,DUDLEY,METERING,ENG042,Steve Frost,Mark Reygate,W5602504,RO,R2,2026-05-25 06:08:00,2026-05-25 21:08:00,15:00:00,15.0
NW,STOCKPORT,INSPECTION,ENG010,Paul Dawson,Gary Williams,W5602505,ME,M1,2026-05-27 11:49:00,2026-05-27 14:07:00,02:18:00,2.3
NE,DURHAM,METERING,ENG072,Liz Cooke,Bill Tyne,W5602506,MR,E1,2026-05-21 11:43:00,2026-05-21 20:55:00,09:12:00,9.2
NE,MIDDLESBROUGH,METERING,ENG071,Alan Shaw,Bill Tyne,W5602507,MR,M2,2026-05-26 09:38:00,2026-05-26 17:38:00,08:00:00,8.0
SO,BASINGSTOKE,EMERGENCY,ENG051,Wendy Nash,Phil Russell,W5602508,EM,R1,2026-05-27 07:16:00,2026-05-27 19:16:00,12:00:00,12.0
NE,GATESHEAD,METERING,ENG072,Liz Cooke,Bill Tyne,W5602509,MR,E1,2026-05-27 10:58:00,2026-05-27 17:58:00,07:00:00,7.0
SE,EASTBOURNE,REPAIR,ENG031,Tracey McIntyre,Ray Ingram,W5602510,MR,R2,2026-05-25 08:03:00,2026-05-25 12:03:00,04:00:00,4.0
SO,BOURNEMOUTH,INSPECTION,ENG052,Chris Lamb,Phil Russell,W5602511,IR,E2,2026-05-21 08:14:00,2026-05-21 22:02:00,13:48:00,13.8
WM,DUDLEY,INSPECTION,ENG043,Diane Hunt,Tom Avery,W5602512,EM,R1,2026-05-27 06:03:00,2026-05-27 10:45:00,04:42:00,4.7
NT,LEICESTER,EMERGENCY,ENG060,Barry Noon,Sue Holt,W5602513,RO,M2,2026-05-22 11:49:00,2026-05-22 19:31:00,07:42:00,7.7
NE,GATESHEAD,REPAIR,ENG072,Liz Cooke,Bill Tyne,W5602514,ME,R2,2026-05-25 10:41:00,2026-05-26 02:29:00,15:48:00,15.8
SC,PAISLEY,INSPECTION,ENG004,Douglas Reid,Graham Loan,W5602515,RO,M2,2026-05-22 11:04:00,2026-05-22 22:10:00,11:06:00,11.1
NT,NOTTINGHAM,INSPECTION,ENG060,Barry Noon,Sue Holt,W5602516,IR,R1,2026-05-25 10:39:00,2026-05-25 12:57:00,02:18:00,2.3
WM,STOKE,EMERGENCY,ENG040,Wayne Edwards,Mark Reygate,W5602517,RO,E1,2026-05-23 10:35:00,2026-05-24 02:05:00,15:30:00,15.5
WM,BIRMINGHAM,METERING,ENG042,Steve Frost,Mark Reygate,W5602518,MR,R2,2026-05-25 09:21:00,2026-05-25 17:33:00,08:11:59,8.2
SE,CROYDON,EMERGENCY,ENG033,Julie Price,Pat Nolan,W5602519,IR,R2,2026-05-23 07:57:00,2026-05-23 16:03:00,08:06:00,8.1
SC,PERTH,EMERGENCY,ENG001,John MacDonald,Steven Leckie,W5602520,RO,R1,2026-05-21 09:31:00,2026-05-21 22:13:00,12:42:00,12.7
SE,BRIGHTON,REPAIR,ENG030,Stuart Porter,Ray Ingram,W5602521,MR,M1,2026-05-25 10:36:00,2026-05-25 22:06:00,11:30:00,11.5
EA,IPSWICH,EMERGENCY,ENG023,Sharon King,Anne Foster,W5602522,EM,E2,2026-05-22 09:49:00,2026-05-22 23:49:00,14:00:00,14.0
NW,WARRINGTON,REPAIR,ENG011,Karen Simmons,Gary Williams,W5602523,EM,R1,2026-05-27 07:23:00,2026-05-27 13:53:00,06:30:00,6.5
NT,LEICESTER,METERING,ENG060,Barry Noon,Sue Holt,W5602524,EM,M2,2026-05-25 10:51:00,2026-05-25 23:39:00,12:48:00,12.8
NE,NEWCASTLE,INSPECTION,ENG072,Liz Cooke,Bill Tyne,W5602525,IR,R2,2026-05-27 08:15:00,2026-05-27 23:57:00,15:42:00,15.7
SE,MAIDSTONE,EMERGENCY,ENG033,Julie Price,Pat Nolan,W5602526,ME,E2,2026-05-21 06:48:00,2026-05-21 15:06:00,08:18:00,8.3
NT,LINCOLN,EMERGENCY,ENG061,Cathy Dean,Sue Holt,W5602527,EM,R1,2026-05-22 08:26:00,2026-05-22 21:38:00,13:12:00,13.2
WM,COVENTRY,REPAIR,ENG041,Una Cowling,Mark Reygate,W5602528,MR,R1,2026-05-21 09:08:00,2026-05-21 12:50:00,03:42:00,3.7
WM,DUDLEY,INSPECTION,ENG040,Wayne Edwards,Mark Reygate,W5602529,MR,R2,2026-05-22 06:08:00,2026-05-22 12:32:00,06:24:00,6.4
WM,COVENTRY,REPAIR,ENG043,Diane Hunt,Tom Avery,W5602530,IR,R2,2026-05-26 11:35:00,2026-05-26 21:53:00,10:18:00,10.3
WM,WOLVERHAMPTON,ROUTINE,ENG043,Diane Hunt,Tom Avery,W5602531,ME,M2,2026-05-26 11:05:00,2026-05-26 13:59:00,02:54:00,2.9
SO,BASINGSTOKE,REPAIR,ENG050,Phil Hodgkins,Phil Russell,W5602532,EM,E2,2026-05-26 11:54:00,2026-05-27 00:24:00,12:30:00,12.5
SO,SALISBURY,INSPECTION,ENG052,Chris Lamb,Phil Russell,W5602533,MR,M2,2026-05-27 08:44:00,2026-05-27 18:26:00,09:42:00,9.7
SE,MAIDSTONE,ROUTINE,ENG033,Julie Price,Pat Nolan,W5602534,EM,M1,2026-05-27 11:59:00,2026-05-28 01:47:00,13:48:00,13.8
SE,BRIGHTON,EMERGENCY,ENG033,Julie Price,Pat Nolan,W5602535,RO,E1,2026-05-21 09:09:00,2026-05-21 15:21:00,06:12:00,6.2
NE,MIDDLESBROUGH,ROUTINE,ENG072,Liz Cooke,Bill Tyne,W5602536,MR,E2,2026-05-26 06:07:00,2026-05-26 09:13:00,03:06:00,3.1
SO,BASINGSTOKE,ROUTINE,ENG052,Chris Lamb,Phil Russell,W5602537,MR,M2,2026-05-23 07:57:00,2026-05-23 11:39:00,03:42:00,3.7
NT,LINCOLN,REPAIR,ENG060,Barry Noon,Sue Holt,W5602538,RO,R2,2026-05-21 10:09:00,2026-05-21 14:15:00,04:05:59,4.1
WM,WALSALL,INSPECTION,ENG042,Steve Frost,Mark Reygate,W5602539,RO,M1,2026-05-24 07:05:00,2026-05-24 18:47:00,11:42:00,11.7
EA,BEDFORD,METERING,ENG022,Peter Wong,Mark Booker,W5602540,ME,M1,2026-05-24 07:47:00,2026-05-24 14:53:00,07:06:00,7.1
WM,BIRMINGHAM,ROUTINE,ENG042,Steve Frost,Mark Reygate,W5602541,IR,R1,2026-05-22 11:17:00,2026-05-22 22:59:00,11:42:00,11.7
SE,GUILDFORD,INSPECTION,ENG030,Stuart Porter,Ray Ingram,W5602542,RO,E2,2026-05-26 08:58:00,2026-05-26 18:28:00,09:30:00,9.5
SO,SALISBURY,EMERGENCY,ENG050,Phil Hodgkins,Phil Russell,W5602543,IR,E2,2026-05-26 08:52:00,2026-05-26 14:28:00,05:36:00,5.6
SE,CROYDON,EMERGENCY,ENG031,Tracey McIntyre,Ray Ingram,W5602544,ME,E1,2026-05-24 07:49:00,2026-05-24 11:55:00,04:05:59,4.1
SE,HORSHAM,EMERGENCY,ENG033,Julie Price,Pat Nolan,W5602545,IR,E2,2026-05-22 08:00:00,2026-05-22 15:30:00,07:30:00,7.5
NT,LINCOLN,EMERGENCY,ENG061,Cathy Dean,Sue Holt,W5602546,ME,E2,2026-05-27 08:07:00,2026-05-27 13:31:00,05:24:00,5.4
NE,NEWCASTLE,ROUTINE,ENG072,Liz Cooke,Bill Tyne,W5602547,ME,E2,2026-05-24 10:55:00,2026-05-24 15:55:00,05:00:00,5.0
EA,PETERBOROUGH,REPAIR,ENG022,Peter Wong,Mark Booker,W5602548,RO,R2,2026-05-27 08:13:00,2026-05-28 00:01:00,15:48:00,15.8
SE,CROYDON,ROUTINE,ENG032,Colin James,Pat Nolan,W5602549,ME,M2,2026-05-21 07:21:00,2026-05-21 20:21:00,13:00:00,13.0
SE,GUILDFORD,INSPECTION,ENG032,Colin James,Pat Nolan,W5602550,EM,M1,2026-05-21 09:35:00,2026-05-21 11:41:00,02:06:00,2.1
SE,BRIGHTON,EMERGENCY,ENG031,Tracey McIntyre,Ray Ingram,W5602551,IR,E2,2026-05-23 07:11:00,2026-05-23 15:47:00,08:36:00,8.6
SO,PORTSMOUTH,METERING,ENG050,Phil Hodgkins,Phil Russell,W5602552,EM,M1,2026-05-24 10:49:00,2026-05-24 21:13:00,10:24:00,10.4
NW,LIVERPOOL,REPAIR,ENG010,Paul Dawson,Gary Williams,W5602553,EM,E1,2026-05-21 09:31:00,2026-05-21 19:49:00,10:18:00,10.3
EA,LUTON,METERING,ENG020,Mark Holloway,Mark Booker,W5602554,MR,R1,2026-05-27 10:03:00,2026-05-27 16:45:00,06:42:00,6.7
SC,DUNDEE,ROUTINE,ENG002,Alistair Fraser,Steven Leckie,W5602555,RO,E2,2026-05-22 10:18:00,2026-05-23 00:48:00,14:30:00,14.5
NE,GATESHEAD,REPAIR,ENG071,Alan Shaw,Bill Tyne,W5602556,ME,E1,2026-05-22 10:51:00,2026-05-22 15:33:00,04:42:00,4.7
SC,DUNDEE,ROUTINE,ENG006,Kevin McAllister,Gordon Shaw,W5602557,RO,E2,2026-05-23 07:12:00,2026-05-23 14:12:00,07:00:00,7.0
SC,GLASGOW,INSPECTION,ENG003,Catriona Stewart,Graham Loan,W5602558,ME,R2,2026-05-27 11:08:00,2026-05-27 17:02:00,05:54:00,5.9
EA,NORWICH,REPAIR,ENG021,Rachel Davies,Mark Booker,W5602559,RO,M2,2026-05-23 09:49:00,2026-05-23 23:31:00,13:42:00,13.7
NE,GATESHEAD,METERING,ENG072,Liz Cooke,Bill Tyne,W5602560,ME,E1,2026-05-21 10:08:00,2026-05-21 12:44:00,02:36:00,2.6
NW,LIVERPOOL,EMERGENCY,ENG013,Helen Morris,Dave Clarke,W5602561,IR,E1,2026-05-25 11:35:00,2026-05-26 02:11:00,14:36:00,14.6
NE,SUNDERLAND,INSPECTION,ENG070,Janet Robb,Bill Tyne,W5602562,ME,E1,2026-05-23 11:52:00,2026-05-23 18:16:00,06:24:00,6.4
NE,GATESHEAD,METERING,ENG071,Alan Shaw,Bill Tyne,W5602563,RO,E1,2026-05-22 11:09:00,2026-05-22 23:27:00,12:18:00,12.3
NE,GATESHEAD,REPAIR,ENG071,Alan Shaw,Bill Tyne,W5602564,IR,R2,2026-05-22 06:21:00,2026-05-22 08:57:00,02:36:00,2.6
EA,IPSWICH,REPAIR,ENG022,Peter Wong,Mark Booker,W5602565,IR,M1,2026-05-25 11:16:00,2026-05-25 17:58:00,06:42:00,6.7
NE,MIDDLESBROUGH,EMERGENCY,ENG072,Liz Cooke,Bill Tyne,W5602566,ME,R1,2026-05-23 10:34:00,2026-05-23 22:58:00,12:24:00,12.4
SO,BASINGSTOKE,INSPECTION,ENG051,Wendy Nash,Phil Russell,W5602567,IR,R2,2026-05-23 10:02:00,2026-05-23 22:56:00,12:54:00,12.9
NW,LIVERPOOL,REPAIR,ENG011,Karen Simmons,Gary Williams,W5602568,IR,E1,2026-05-23 08:55:00,2026-05-23 22:43:00,13:48:00,13.8
WM,STOKE,METERING,ENG042,Steve Frost,Mark Reygate,W5602569,IR,R2,2026-05-23 08:40:00,2026-05-23 14:52:00,06:12:00,6.2
SE,BRIGHTON,INSPECTION,ENG031,Tracey McIntyre,Ray Ingram,W5602570,MR,E1,2026-05-24 08:10:00,2026-05-24 22:04:00,13:54:00,13.9
EA,BEDFORD,INSPECTION,ENG023,Sharon King,Anne Foster,W5602571,EM,R2,2026-05-27 06:43:00,2026-05-27 17:43:00,11:00:00,11.0
NT,NOTTINGHAM,METERING,ENG060,Barry Noon,Sue Holt,W5602572,IR,M2,2026-05-27 07:00:00,2026-05-27 09:12:00,02:12:00,2.2
SC,DUNDEE,INSPECTION,ENG004,Douglas Reid,Graham Loan,W5602573,ME,R1,2026-05-27 10:20:00,2026-05-27 13:26:00,03:06:00,3.1
NW,STOCKPORT,REPAIR,ENG012,Brian Cook,Gary Williams,W5602574,RO,M2,2026-05-23 10:33:00,2026-05-24 01:09:00,14:36:00,14.6
SE,CROYDON,ROUTINE,ENG032,Colin James,Pat Nolan,W5602575,EM,R1,2026-05-21 08:47:00,2026-05-21 16:59:00,08:11:59,8.2
SC,INVERNESS,EMERGENCY,ENG002,Alistair Fraser,Steven Leckie,W5602576,ME,M2,2026-05-26 09:08:00,2026-05-26 19:32:00,10:24:00,10.4
NW,LIVERPOOL,METERING,ENG012,Brian Cook,Gary Williams,W5602577,EM,M1,2026-05-21 10:23:00,2026-05-21 21:47:00,11:24:00,11.4
NT,MANSFIELD,REPAIR,ENG062,Fred Archer,Sue Holt,W5602578,EM,R2,2026-05-27 08:24:00,2026-05-27 19:30:00,11:06:00,11.1
NT,MANSFIELD,ROUTINE,ENG062,Fred Archer,Sue Holt,W5602579,RO,E1,2026-05-21 10:27:00,2026-05-21 15:09:00,04:42:00,4.7
SO,PORTSMOUTH,METERING,ENG052,Chris Lamb,Phil Russell,W5602580,ME,E2,2026-05-22 07:08:00,2026-05-22 11:02:00,03:54:00,3.9
EA,IPSWICH,REPAIR,ENG023,Sharon King,Anne Foster,W5602581,EM,R2,2026-05-23 09:48:00,2026-05-23 14:48:00,05:00:00,5.0
SO,PORTSMOUTH,REPAIR,ENG050,Phil Hodgkins,Phil Russell,W5602582,EM,M2,2026-05-25 09:29:00,2026-05-25 20:29:00,11:00:00,11.0
NT,LEICESTER,METERING,ENG062,Fred Archer,Sue Holt,W5602583,RO,R2,2026-05-21 11:54:00,2026-05-21 22:42:00,10:48:00,10.8
EA,PETERBOROUGH,INSPECTION,ENG022,Peter Wong,Mark Booker,W5602584,MR,M1,2026-05-21 06:28:00,2026-05-21 13:40:00,07:12:00,7.2
NT,MANSFIELD,ROUTINE,ENG061,Cathy Dean,Sue Holt,W5602585,ME,R2,2026-05-21 10:02:00,2026-05-21 12:08:00,02:06:00,2.1
NE,SUNDERLAND,INSPECTION,ENG071,Alan Shaw,Bill Tyne,W5602586,EM,M2,2026-05-25 09:55:00,2026-05-25 12:55:00,03:00:00,3.0
NT,NOTTINGHAM,INSPECTION,ENG060,Barry Noon,Sue Holt,W5602587,EM,M2,2026-05-21 10:27:00,2026-05-22 01:33:00,15:06:00,15.1
NW,STOCKPORT,INSPECTION,ENG014,Alan Sharp,Dave Clarke,W5602588,ME,M2,2026-05-23 06:37:00,2026-05-23 09:49:00,03:12:00,3.2
NW,BLACKBURN,METERING,ENG012,Brian Cook,Gary Williams,W5602589,MR,M1,2026-05-21 10:20:00,2026-05-21 19:38:00,09:18:00,9.3
SE,MAIDSTONE,METERING,ENG031,Tracey McIntyre,Ray Ingram,W5602590,MR,R2,2026-05-24 06:18:00,2026-05-24 16:54:00,10:36:00,10.6
SO,BASINGSTOKE,INSPECTION,ENG050,Phil Hodgkins,Phil Russell,W5602591,EM,M1,2026-05-22 10:41:00,2026-05-22 22:35:00,11:54:00,11.9
WM,STOKE,EMERGENCY,ENG043,Diane Hunt,Tom Avery,W5602592,MR,R1,2026-05-25 08:17:00,2026-05-25 12:41:00,04:24:00,4.4
SC,PAISLEY,ROUTINE,ENG003,Catriona Stewart,Graham Loan,W5602593,MR,M1,2026-05-24 11:27:00,2026-05-24 23:03:00,11:36:00,11.6
NE,DURHAM,REPAIR,ENG072,Liz Cooke,Bill Tyne,W5602594,IR,E2,2026-05-24 07:34:00,2026-05-24 23:10:00,15:36:00,15.6
NE,GATESHEAD,EMERGENCY,ENG070,Janet Robb,Bill Tyne,W5602595,EM,M1,2026-05-26 06:11:00,2026-05-26 12:41:00,06:30:00,6.5
NW,WARRINGTON,INSPECTION,ENG013,Helen Morris,Dave Clarke,W5602596,IR,R1,2026-05-24 06:20:00,2026-05-24 22:14:00,15:54:00,15.9
SE,GUILDFORD,ROUTINE,ENG033,Julie Price,Pat Nolan,W5602597,EM,R2,2026-05-22 11:59:00,2026-05-22 18:23:00,06:24:00,6.4
SO,SOUTHAMPTON,REPAIR,ENG051,Wendy Nash,Phil Russell,W5602598,RO,M1,2026-05-23 09:29:00,2026-05-23 19:05:00,09:36:00,9.6
EA,PETERBOROUGH,METERING,ENG023,Sharon King,Anne Foster,W5602599,EM,R2,2026-05-26 08:00:00,2026-05-26 18:36:00,10:36:00,10.6
SE,EASTBOURNE,INSPECTION,ENG032,Colin James,Pat Nolan,W5602600,RO,M2,2026-05-27 08:31:00,2026-05-27 12:31:00,04:00:00,4.0
SO,SOUTHAMPTON,ROUTINE,ENG052,Chris Lamb,Phil Russell,W5602601,MR,M2,2026-05-23 08:58:00,2026-05-23 13:16:00,04:18:00,4.3
NT,NOTTINGHAM,ROUTINE,ENG060,Barry Noon,Sue Holt,W5602602,EM,E2,2026-05-21 08:46:00,2026-05-21 21:04:00,12:18:00,12.3
NE,SUNDERLAND,REPAIR,ENG072,Liz Cooke,Bill Tyne,W5602603,IR,M1,2026-05-26 08:06:00,2026-05-26 19:24:00,11:18:00,11.3
WM,BIRMINGHAM,REPAIR,ENG042,Steve Frost,Mark Reygate,W5602604,MR,E2,2026-05-23 06:56:00,2026-05-23 20:56:00,14:00:00,14.0
EA,NORWICH,INSPECTION,ENG022,Peter Wong,Mark Booker,W5602605,MR,E2,2026-05-22 08:29:00,2026-05-22 20:05:00,11:36:00,11.6
WM,BIRMINGHAM,INSPECTION,ENG041,Una Cowling,Mark Reygate,W5602606,MR,R2,2026-05-24 09:06:00,2026-05-24 21:24:00,12:18:00,12.3
SC,INVERNESS,REPAIR,ENG005,Fiona Cameron,Gordon Shaw,W5602607,IR,E2,2026-05-26 08:37:00,2026-05-26 12:31:00,03:54:00,3.9
NW,BOLTON,ROUTINE,ENG012,Brian Cook,Gary Williams,W5602608,IR,M1,2026-05-25 08:51:00,2026-05-25 19:57:00,11:06:00,11.1
NT,LINCOLN,EMERGENCY,ENG061,Cathy Dean,Sue Holt,W5602609,EM,M2,2026-05-21 09:19:00,2026-05-21 18:25:00,09:06:00,9.1
SC,DUNDEE,METERING,ENG003,Catriona Stewart,Graham Loan,W5602610,EM,R1,2026-05-21 09:00:00,2026-05-21 17:00:00,08:00:00,8.0
EA,NORWICH,REPAIR,ENG020,Mark Holloway,Mark Booker,W5602611,ME,R2,2026-05-23 11:19:00,2026-05-23 20:37:00,09:18:00,9.3
WM,WOLVERHAMPTON,EMERGENCY,ENG041,Una Cowling,Mark Reygate,W5602612,MR,R1,2026-05-22 10:42:00,2026-05-22 21:18:00,10:36:00,10.6
NT,NOTTINGHAM,METERING,ENG062,Fred Archer,Sue Holt,W5602613,RO,E2,2026-05-24 08:53:00,2026-05-24 19:29:00,10:36:00,10.6
SC,INVERNESS,INSPECTION,ENG003,Catriona Stewart,Graham Loan,W5602614,ME,M2,2026-05-25 07:23:00,2026-05-25 18:05:00,10:42:00,10.7
NT,LEICESTER,ROUTINE,ENG061,Cathy Dean,Sue Holt,W5602615,ME,R2,2026-05-24 08:41:00,2026-05-24 23:35:00,14:54:00,14.9
WM,BIRMINGHAM,ROUTINE,ENG042,Steve Frost,Mark Reygate,W5602616,IR,R1,2026-05-22 09:12:00,2026-05-23 00:36:00,15:24:00,15.4
NW,WIGAN,EMERGENCY,ENG011,Karen Simmons,Gary Williams,W5602617,EM,E2,2026-05-22 09:48:00,2026-05-22 13:00:00,03:12:00,3.2
NT,MANSFIELD,EMERGENCY,ENG062,Fred Archer,Sue Holt,W5602618,IR,R1,2026-05-26 11:10:00,2026-05-27 01:46:00,14:36:00,14.6
NW,LIVERPOOL,EMERGENCY,ENG012,Brian Cook,Gary Williams,W5602619,EM,R1,2026-05-23 07:34:00,2026-05-23 20:04:00,12:30:00,12.5
SO,BOURNEMOUTH,REPAIR,ENG052,Chris Lamb,Phil Russell,W5602620,ME,R2,2026-05-21 10:18:00,2026-05-21 19:00:00,08:41:59,8.7
SC,ABERDEEN,ROUTINE,ENG002,Alistair Fraser,Steven Leckie,W5602621,MR,M2,2026-05-26 06:19:00,2026-05-26 17:55:00,11:36:00,11.6
EA,NORWICH,EMERGENCY,ENG021,Rachel Davies,Mark Booker,W5602622,RO,M1,2026-05-25 10:28:00,2026-05-26 01:40:00,15:12:00,15.2
SO,BASINGSTOKE,INSPECTION,ENG051,Wendy Nash,Phil Russell,W5602623,RO,R2,2026-05-24 09:57:00,2026-05-24 21:21:00,11:24:00,11.4
NE,SUNDERLAND,METERING,ENG072,Liz Cooke,Bill Tyne,W5602624,EM,M1,2026-05-24 06:08:00,2026-05-24 08:50:00,02:42:00,2.7
NE,MIDDLESBROUGH,EMERGENCY,ENG070,Janet Robb,Bill Tyne,W5602625,RO,R1,2026-05-24 11:14:00,2026-05-25 02:38:00,15:24:00,15.4
NT,LEICESTER,METERING,ENG060,Barry Noon,Sue Holt,W5602626,MR,E2,2026-05-23 10:14:00,2026-05-23 17:08:00,06:54:00,6.9
EA,PETERBOROUGH,ROUTINE,ENG023,Sharon King,Anne Foster,W5602627,MR,M2,2026-05-22 06:49:00,2026-05-22 09:13:00,02:24:00,2.4
NW,LIVERPOOL,EMERGENCY,ENG012,Brian Cook,Gary Williams,W5602628,MR,M1,2026-05-22 06:58:00,2026-05-22 18:22:00,11:24:00,11.4
SE,EASTBOURNE,INSPECTION,ENG031,Tracey McIntyre,Ray Ingram,W5602629,EM,M2,2026-05-22 11:29:00,2026-05-22 19:29:00,08:00:00,8.0
WM,WOLVERHAMPTON,EMERGENCY,ENG041,Una Cowling,Mark Reygate,W5602630,IR,E1,2026-05-26 07:46:00,2026-05-26 14:58:00,07:12:00,7.2
SE,EASTBOURNE,EMERGENCY,ENG031,Tracey McIntyre,Ray Ingram,W5602631,RO,E2,2026-05-27 10:40:00,2026-05-27 17:04:00,06:24:00,6.4
NT,DERBY,EMERGENCY,ENG060,Barry Noon,Sue Holt,W5602632,IR,M1,2026-05-22 06:09:00,2026-05-22 08:33:00,02:24:00,2.4
NW,STOCKPORT,ROUTINE,ENG014,Alan Sharp,Dave Clarke,W5602633,EM,R2,2026-05-24 07:53:00,2026-05-24 18:41:00,10:48:00,10.8
WM,WOLVERHAMPTON,REPAIR,ENG040,Wayne Edwards,Mark Reygate,W5602634,RO,R1,2026-05-27 11:18:00,2026-05-27 15:24:00,04:05:59,4.1
SO,BOURNEMOUTH,METERING,ENG051,Wendy Nash,Phil Russell,W5602635,RO,R2,2026-05-24 08:37:00,2026-05-24 12:13:00,03:36:00,3.6
NT,LEICESTER,INSPECTION,ENG062,Fred Archer,Sue Holt,W5602636,EM,E1,2026-05-27 10:40:00,2026-05-27 18:34:00,07:54:00,7.9
NT,NOTTINGHAM,METERING,ENG061,Cathy Dean,Sue Holt,W5602637,ME,M2,2026-05-22 11:24:00,2026-05-22 21:18:00,09:54:00,9.9
NE,DURHAM,REPAIR,ENG071,Alan Shaw,Bill Tyne,W5602638,MR,R2,2026-05-22 10:27:00,2026-05-22 21:15:00,10:48:00,10.8
EA,BEDFORD,REPAIR,ENG022,Peter Wong,Mark Booker,W5602639,EM,M2,2026-05-26 10:00:00,2026-05-26 12:54:00,02:54:00,2.9
SC,STIRLING,REPAIR,ENG005,Fiona Cameron,Gordon Shaw,W5602640,EM,E2,2026-05-22 07:31:00,2026-05-22 14:01:00,06:30:00,6.5
SC,DUNDEE,EMERGENCY,ENG001,John MacDonald,Steven Leckie,W5602641,EM,E2,2026-05-22 09:18:00,2026-05-22 19:24:00,10:06:00,10.1
SC,PAISLEY,ROUTINE,ENG002,Alistair Fraser,Steven Leckie,W5602642,IR,R2,2026-05-23 09:27:00,2026-05-23 21:09:00,11:42:00,11.7
NW,STOCKPORT,ROUTINE,ENG011,Karen Simmons,Gary Williams,W5602643,RO,E1,2026-05-25 09:34:00,2026-05-25 23:58:00,14:24:00,14.4
WM,BIRMINGHAM,REPAIR,ENG042,Steve Frost,Mark Reygate,W5602644,MR,E1,2026-05-21 07:44:00,2026-05-21 23:14:00,15:30:00,15.5
SE,HORSHAM,REPAIR,ENG031,Tracey McIntyre,Ray Ingram,W5602645,MR,R2,2026-05-25 07:09:00,2026-05-25 17:33:00,10:24:00,10.4
NW,BLACKBURN,ROUTINE,ENG010,Paul Dawson,Gary Williams,W5602646,IR,E2,2026-05-24 08:42:00,2026-05-24 12:18:00,03:36:00,3.6
NE,DURHAM,ROUTINE,ENG072,Liz Cooke,Bill Tyne,W5602647,MR,R2,2026-05-24 06:32:00,2026-05-24 21:26:00,14:54:00,14.9
SC,DUNDEE,INSPECTION,ENG006,Kevin McAllister,Gordon Shaw,W5602648,MR,R1,2026-05-23 09:30:00,2026-05-24 01:12:00,15:42:00,15.7
WM,COVENTRY,REPAIR,ENG042,Steve Frost,Mark Reygate,W5602649,ME,E2,2026-05-25 07:57:00,2026-05-25 15:33:00,07:36:00,7.6
NE,NEWCASTLE,REPAIR,ENG070,Janet Robb,Bill Tyne,W5602650,ME,R1,2026-05-24 10:41:00,2026-05-24 14:35:00,03:54:00,3.9
NT,MANSFIELD,ROUTINE,ENG062,Fred Archer,Sue Holt,W5602651,IR,R1,2026-05-25 10:29:00,2026-05-25 20:47:00,10:18:00,10.3
SE,MAIDSTONE,METERING,ENG033,Julie Price,Pat Nolan,W5602652,MR,E2,2026-05-24 09:02:00,2026-05-25 00:50:00,15:48:00,15.8
SO,BASINGSTOKE,EMERGENCY,ENG051,Wendy Nash,Phil Russell,W5602653,ME,M1,2026-05-22 09:49:00,2026-05-23 00:49:00,15:00:00,15.0
NE,SUNDERLAND,METERING,ENG071,Alan Shaw,Bill Tyne,W5602654,RO,M1,2026-05-21 07:33:00,2026-05-21 21:45:00,14:12:00,14.2
SE,EASTBOURNE,INSPECTION,ENG031,Tracey McIntyre,Ray Ingram,W5602655,RO,R2,2026-05-24 08:57:00,2026-05-24 12:09:00,03:12:00,3.2
NW,LIVERPOOL,ROUTINE,ENG014,Alan Sharp,Dave Clarke,W5602656,MR,M1,2026-05-25 11:04:00,2026-05-25 13:46:00,02:42:00,2.7
NW,STOCKPORT,EMERGENCY,ENG010,Paul Dawson,Gary Williams,W5602657,ME,E1,2026-05-21 10:43:00,2026-05-21 18:19:00,07:36:00,7.6
SE,HORSHAM,METERING,ENG031,Tracey McIntyre,Ray Ingram,W5602658,IR,M1,2026-05-21 06:58:00,2026-05-21 10:58:00,04:00:00,4.0
SC,EDINBURGH,ROUTINE,ENG004,Douglas Reid,Graham Loan,W5602659,ME,R1,2026-05-26 09:16:00,2026-05-26 23:34:00,14:18:00,14.3
SO,BOURNEMOUTH,METERING,ENG050,Phil Hodgkins,Phil Russell,W5602660,RO,R2,2026-05-21 08:32:00,2026-05-21 15:02:00,06:30:00,6.5
NW,LIVERPOOL,EMERGENCY,ENG011,Karen Simmons,Gary Williams,W5602661,MR,E2,2026-05-23 11:08:00,2026-05-23 22:02:00,10:54:00,10.9
SC,GLASGOW,ROUTINE,ENG005,Fiona Cameron,Gordon Shaw,W5602662,MR,E1,2026-05-21 08:00:00,2026-05-21 23:30:00,15:30:00,15.5
NW,WIGAN,INSPECTION,ENG010,Paul Dawson,Gary Williams,W5602663,ME,R2,2026-05-22 10:13:00,2026-05-22 19:43:00,09:30:00,9.5
NT,MANSFIELD,REPAIR,ENG061,Cathy Dean,Sue Holt,W5602664,IR,R1,2026-05-22 11:33:00,2026-05-22 23:51:00,12:18:00,12.3
SE,BRIGHTON,INSPECTION,ENG031,Tracey McIntyre,Ray Ingram,W5602665,IR,M1,2026-05-24 06:10:00,2026-05-24 13:10:00,07:00:00,7.0
NW,STOCKPORT,REPAIR,ENG012,Brian Cook,Gary Williams,W5602666,EM,M2,2026-05-23 07:36:00,2026-05-23 14:18:00,06:42:00,6.7
SC,ABERDEEN,METERING,ENG006,Kevin McAllister,Gordon Shaw,W5602667,IR,M1,2026-05-21 06:52:00,2026-05-21 16:04:00,09:12:00,9.2
NE,NEWCASTLE,INSPECTION,ENG071,Alan Shaw,Bill Tyne,W5602668,RO,M2,2026-05-26 09:47:00,2026-05-26 22:53:00,13:06:00,13.1
SO,BASINGSTOKE,ROUTINE,ENG052,Chris Lamb,Phil Russell,W5602669,ME,M1,2026-05-24 09:49:00,2026-05-24 13:07:00,03:18:00,3.3
SE,BRIGHTON,EMERGENCY,ENG030,Stuart Porter,Ray Ingram,W5602670,ME,M1,2026-05-25 10:04:00,2026-05-25 15:46:00,05:42:00,5.7
SC,PAISLEY,ROUTINE,ENG001,John MacDonald,Steven Leckie,W5602671,RO,M1,2026-05-24 08:37:00,2026-05-24 14:55:00,06:18:00,6.3
WM,STOKE,INSPECTION,ENG043,Diane Hunt,Tom Avery,W5602672,ME,E2,2026-05-22 09:47:00,2026-05-23 00:47:00,15:00:00,15.0
SE,CROYDON,REPAIR,ENG031,Tracey McIntyre,Ray Ingram,W5602673,IR,E1,2026-05-25 06:30:00,2026-05-25 12:00:00,05:30:00,5.5
NT,LINCOLN,REPAIR,ENG062,Fred Archer,Sue Holt,W5602674,MR,M1,2026-05-27 08:28:00,2026-05-27 23:28:00,15:00:00,15.0
WM,BIRMINGHAM,ROUTINE,ENG041,Una Cowling,Mark Reygate,W5602675,MR,R2,2026-05-25 07:03:00,2026-05-25 10:03:00,03:00:00,3.0
SC,EDINBURGH,INSPECTION,ENG003,Catriona Stewart,Graham Loan,W5602676,EM,E2,2026-05-22 07:32:00,2026-05-22 14:32:00,07:00:00,7.0
SC,ABERDEEN,EMERGENCY,ENG005,Fiona Cameron,Gordon Shaw,W5602677,MR,M1,2026-05-25 08:07:00,2026-05-25 13:43:00,05:36:00,5.6
NE,GATESHEAD,INSPECTION,ENG072,Liz Cooke,Bill Tyne,W5602678,RO,R1,2026-05-26 11:23:00,2026-05-27 02:23:00,15:00:00,15.0
NW,LIVERPOOL,ROUTINE,ENG011,Karen Simmons,Gary Williams,W5602679,EM,M1,2026-05-27 09:24:00,2026-05-27 22:48:00,13:24:00,13.4
NE,GATESHEAD,METERING,ENG070,Janet Robb,Bill Tyne,W5602680,ME,R1,2026-05-21 08:10:00,2026-05-21 12:58:00,04:48:00,4.8
SC,ABERDEEN,EMERGENCY,ENG003,Catriona Stewart,Graham Loan,W5602681,ME,E1,2026-05-23 07:25:00,2026-05-23 10:19:00,02:54:00,2.9
EA,PETERBOROUGH,METERING,ENG021,Rachel Davies,Mark Booker,W5602682,IR,M1,2026-05-26 07:34:00,2026-05-26 12:52:00,05:18:00,5.3
NW,BOLTON,METERING,ENG014,Alan Sharp,Dave Clarke,W5602683,IR,R1,2026-05-23 10:09:00,2026-05-24 01:33:00,15:24:00,15.4
SE,HORSHAM,METERING,ENG031,Tracey McIntyre,Ray Ingram,W5602684,EM,E2,2026-05-23 06:02:00,2026-05-23 21:14:00,15:12:00,15.2
NT,MANSFIELD,ROUTINE,ENG062,Fred Archer,Sue Holt,W5602685,EM,E1,2026-05-27 10:52:00,2026-05-27 23:10:00,12:18:00,12.3
NT,NOTTINGHAM,INSPECTION,ENG061,Cathy Dean,Sue Holt,W5602686,RO,R2,2026-05-26 11:51:00,2026-05-26 15:15:00,03:24:00,3.4
SO,SALISBURY,REPAIR,ENG052,Chris Lamb,Phil Russell,W5602687,EM,E1,2026-05-23 10:04:00,2026-05-23 22:52:00,12:48:00,12.8
WM,BIRMINGHAM,INSPECTION,ENG041,Una Cowling,Mark Reygate,W5602688,MR,M2,2026-05-24 11:03:00,2026-05-24 13:21:00,02:18:00,2.3
NT,LINCOLN,EMERGENCY,ENG060,Barry Noon,Sue Holt,W5602689,MR,E2,2026-05-21 09:42:00,2026-05-21 21:30:00,11:48:00,11.8
SE,CROYDON,REPAIR,ENG031,Tracey McIntyre,Ray Ingram,W5602690,EM,M2,2026-05-22 11:25:00,2026-05-23 01:01:00,13:36:00,13.6
NW,MANCHESTER,METERING,ENG013,Helen Morris,Dave Clarke,W5602691,RO,E1,2026-05-24 11:58:00,2026-05-24 17:34:00,05:36:00,5.6
NW,MANCHESTER,REPAIR,ENG013,Helen Morris,Dave Clarke,W5602692,IR,M1,2026-05-27 11:07:00,2026-05-27 22:49:00,11:42:00,11.7
SC,DUNDEE,REPAIR,ENG006,Kevin McAllister,Gordon Shaw,W5602693,ME,R1,2026-05-25 11:51:00,2026-05-25 22:03:00,10:12:00,10.2
WM,BIRMINGHAM,EMERGENCY,ENG043,Diane Hunt,Tom Avery,W5602694,ME,M2,2026-05-23 08:32:00,2026-05-23 23:26:00,14:54:00,14.9
WM,WALSALL,EMERGENCY,ENG042,Steve Frost,Mark Reygate,W5602695,MR,R2,2026-05-25 09:14:00,2026-05-25 21:20:00,12:06:00,12.1
SE,BRIGHTON,REPAIR,ENG030,Stuart Porter,Ray Ingram,W5602696,IR,M1,2026-05-22 11:23:00,2026-05-23 03:23:00,16:00:00,16.0
NT,NOTTINGHAM,METERING,ENG060,Barry Noon,Sue Holt,W5602697,RO,E1,2026-05-21 08:35:00,2026-05-21 18:23:00,09:48:00,9.8
NW,BLACKBURN,EMERGENCY,ENG014,Alan Sharp,Dave Clarke,W5602698,EM,E1,2026-05-21 06:03:00,2026-05-21 08:57:00,02:54:00,2.9
EA,NORWICH,ROUTINE,ENG021,Rachel Davies,Mark Booker,W5602699,RO,E2,2026-05-25 09:09:00,2026-05-25 15:03:00,05:54:00,5.9
SC,INVERNESS,EMERGENCY,ENG003,Catriona Stewart,Graham Loan,W5602700,RO,E2,2026-05-26 07:57:00,2026-05-26 21:09:00,13:12:00,13.2
SO,SALISBURY,INSPECTION,ENG051,Wendy Nash,Phil Russell,W5602701,ME,R1,2026-05-27 08:18:00,2026-05-27 11:48:00,03:30:00,3.5
EA,NORWICH,INSPECTION,ENG020,Mark Holloway,Mark Booker,W5602702,RO,R2,2026-05-27 07:15:00,2026-05-27 20:03:00,12:48:00,12.8
NE,SUNDERLAND,REPAIR,ENG072,Liz Cooke,Bill Tyne,W5602703,IR,M2,2026-05-22 06:04:00,2026-05-22 14:34:00,08:30:00,8.5
NE,SUNDERLAND,INSPECTION,ENG070,Janet Robb,Bill Tyne,W5602704,IR,E2,2026-05-26 09:22:00,2026-05-26 11:40:00,02:18:00,2.3
EA,LUTON,EMERGENCY,ENG022,Peter Wong,Mark Booker,W5602705,IR,R2,2026-05-25 10:53:00,2026-05-26 00:53:00,14:00:00,14.0
SO,BOURNEMOUTH,ROUTINE,ENG050,Phil Hodgkins,Phil Russell,W5602706,MR,R1,2026-05-22 06:23:00,2026-05-22 09:59:00,03:36:00,3.6
EA,CAMBRIDGE,ROUTINE,ENG023,Sharon King,Anne Foster,W5602707,ME,R2,2026-05-22 08:12:00,2026-05-22 14:06:00,05:54:00,5.9
SC,GLASGOW,EMERGENCY,ENG003,Catriona Stewart,Graham Loan,W5602708,ME,R1,2026-05-22 10:56:00,2026-05-23 00:44:00,13:48:00,13.8
SO,PORTSMOUTH,ROUTINE,ENG051,Wendy Nash,Phil Russell,W5602709,IR,M1,2026-05-22 09:35:00,2026-05-22 12:47:00,03:12:00,3.2
SC,PERTH,REPAIR,ENG006,Kevin McAllister,Gordon Shaw,W5602710,EM,R2,2026-05-21 08:19:00,2026-05-21 18:37:00,10:18:00,10.3
SE,EASTBOURNE,ROUTINE,ENG030,Stuart Porter,Ray Ingram,W5602711,MR,M2,2026-05-24 07:45:00,2026-05-24 22:15:00,14:30:00,14.5
NT,LINCOLN,REPAIR,ENG060,Barry Noon,Sue Holt,W5602712,ME,E2,2026-05-22 11:07:00,2026-05-22 14:01:00,02:54:00,2.9
NW,WIGAN,EMERGENCY,ENG012,Brian Cook,Gary Williams,W5602713,IR,E2,2026-05-21 11:06:00,2026-05-22 01:00:00,13:54:00,13.9
SO,BASINGSTOKE,REPAIR,ENG051,Wendy Nash,Phil Russell,W5602714,ME,M1,2026-05-24 11:27:00,2026-05-25 00:03:00,12:36:00,12.6
SO,BASINGSTOKE,EMERGENCY,ENG052,Chris Lamb,Phil Russell,W5602715,MR,M1,2026-05-25 09:44:00,2026-05-25 18:44:00,09:00:00,9.0
SC,ABERDEEN,METERING,ENG004,Douglas Reid,Graham Loan,W5602716,RO,R1,2026-05-24 07:06:00,2026-05-24 17:12:00,10:06:00,10.1
WM,BIRMINGHAM,REPAIR,ENG043,Diane Hunt,Tom Avery,W5602717,IR,E1,2026-05-22 09:07:00,2026-05-22 16:25:00,07:18:00,7.3
WM,WALSALL,METERING,ENG041,Una Cowling,Mark Reygate,W5602718,IR,M2,2026-05-24 06:40:00,2026-05-24 11:46:00,05:06:00,5.1
SC,ABERDEEN,INSPECTION,ENG002,Alistair Fraser,Steven Leckie,W5602719,IR,R2,2026-05-26 07:16:00,2026-05-26 22:52:00,15:36:00,15.6
NT,LEICESTER,EMERGENCY,ENG062,Fred Archer,Sue Holt,W5602720,ME,E1,2026-05-21 06:22:00,2026-05-21 11:10:00,04:48:00,4.8
SE,CROYDON,INSPECTION,ENG031,Tracey McIntyre,Ray Ingram,W5602721,EM,R2,2026-05-21 08:35:00,2026-05-21 16:17:00,07:42:00,7.7
SO,SALISBURY,INSPECTION,ENG052,Chris Lamb,Phil Russell,W5602722,IR,E1,2026-05-25 10:04:00,2026-05-26 01:28:00,15:24:00,15.4
NE,SUNDERLAND,ROUTINE,ENG070,Janet Robb,Bill Tyne,W5602723,RO,E2,2026-05-23 10:49:00,2026-05-23 18:43:00,07:54:00,7.9
WM,WALSALL,REPAIR,ENG042,Steve Frost,Mark Reygate,W5602724,IR,M1,2026-05-21 10:52:00,2026-05-21 13:04:00,02:12:00,2.2
NT,MANSFIELD,ROUTINE,ENG060,Barry Noon,Sue Holt,W5602725,ME,E2,2026-05-21 06:59:00,2026-05-21 14:05:00,07:06:00,7.1
NE,GATESHEAD,METERING,ENG072,Liz Cooke,Bill Tyne,W5602726,IR,E2,2026-05-25 10:56:00,2026-05-26 01:02:00,14:06:00,14.1
SC,DUNDEE,ROUTINE,ENG005,Fiona Cameron,Gordon Shaw,W5602727,MR,M1,2026-05-21 11:48:00,2026-05-21 17:18:00,05:30:00,5.5
WM,DUDLEY,METERING,ENG042,Steve Frost,Mark Reygate,W5602728,ME,E2,2026-05-22 09:48:00,2026-05-22 19:36:00,09:48:00,9.8
NT,DERBY,ROUTINE,ENG060,Barry Noon,Sue Holt,W5602729,EM,M2,2026-05-24 09:10:00,2026-05-24 16:04:00,06:54:00,6.9
NT,MANSFIELD,REPAIR,ENG060,Barry Noon,Sue Holt,W5602730,RO,E2,2026-05-26 08:58:00,2026-05-27 00:40:00,15:42:00,15.7
SC,PAISLEY,METERING,ENG002,Alistair Fraser,Steven Leckie,W5602731,ME,R2,2026-05-22 07:24:00,2026-05-22 10:54:00,03:30:00,3.5
SC,PERTH,METERING,ENG003,Catriona Stewart,Graham Loan,W5602732,RO,M2,2026-05-24 11:58:00,2026-05-24 14:10:00,02:12:00,2.2
NT,DERBY,EMERGENCY,ENG060,Barry Noon,Sue Holt,W5602733,RO,M2,2026-05-25 09:40:00,2026-05-25 23:34:00,13:54:00,13.9
NW,BLACKBURN,ROUTINE,ENG011,Karen Simmons,Gary Williams,W5602734,EM,E2,2026-05-22 11:28:00,2026-05-22 18:40:00,07:12:00,7.2
SO,PORTSMOUTH,ROUTINE,ENG051,Wendy Nash,Phil Russell,W5602735,MR,R1,2026-05-24 08:25:00,2026-05-24 19:19:00,10:54:00,10.9
SE,HORSHAM,REPAIR,ENG031,Tracey McIntyre,Ray Ingram,W5602736,IR,R2,2026-05-25 09:38:00,2026-05-25 16:20:00,06:42:00,6.7
NW,WARRINGTON,REPAIR,ENG013,Helen Morris,Dave Clarke,W5602737,EM,E2,2026-05-26 06:24:00,2026-05-26 20:36:00,14:12:00,14.2
NE,NEWCASTLE,ROUTINE,ENG071,Alan Shaw,Bill Tyne,W5602738,RO,E1,2026-05-25 06:09:00,2026-05-25 18:45:00,12:36:00,12.6
WM,STOKE,INSPECTION,ENG040,Wayne Edwards,Mark Reygate,W5602739,MR,E1,2026-05-23 07:02:00,2026-05-23 13:08:00,06:06:00,6.1
EA,PETERBOROUGH,INSPECTION,ENG022,Peter Wong,Mark Booker,W5602740,ME,E2,2026-05-23 06:18:00,2026-05-23 10:48:00,04:30:00,4.5
SE,EASTBOURNE,ROUTINE,ENG030,Stuart Porter,Ray Ingram,W5602741,ME,E2,2026-05-25 11:56:00,2026-05-25 18:32:00,06:36:00,6.6
SO,SOUTHAMPTON,INSPECTION,ENG050,Phil Hodgkins,Phil Russell,W5602742,ME,M1,2026-05-23 11:46:00,2026-05-23 17:28:00,05:42:00,5.7
WM,STOKE,ROUTINE,ENG041,Una Cowling,Mark Reygate,W5602743,RO,R1,2026-05-24 08:07:00,2026-05-24 20:19:00,12:12:00,12.2
NE,MIDDLESBROUGH,EMERGENCY,ENG070,Janet Robb,Bill Tyne,W5602744,ME,E1,2026-05-21 11:33:00,2026-05-22 01:45:00,14:12:00,14.2
EA,PETERBOROUGH,ROUTINE,ENG020,Mark Holloway,Mark Booker,W5602745,ME,M1,2026-05-27 07:43:00,2026-05-27 13:49:00,06:06:00,6.1
NE,GATESHEAD,INSPECTION,ENG070,Janet Robb,Bill Tyne,W5602746,EM,R1,2026-05-22 07:33:00,2026-05-22 21:21:00,13:48:00,13.8
SO,SOUTHAMPTON,EMERGENCY,ENG051,Wendy Nash,Phil Russell,W5602747,RO,R2,2026-05-24 08:21:00,2026-05-24 18:39:00,10:18:00,10.3
NE,MIDDLESBROUGH,REPAIR,ENG072,Liz Cooke,Bill Tyne,W5602748,RO,R1,2026-05-24 06:29:00,2026-05-24 19:05:00,12:36:00,12.6
NE,NEWCASTLE,ROUTINE,ENG071,Alan Shaw,Bill Tyne,W5602749,EM,M2,2026-05-23 11:39:00,2026-05-24 03:33:00,15:54:00,15.9
SE,GUILDFORD,ROUTINE,ENG030,Stuart Porter,Ray Ingram,W5602750,MR,M2,2026-05-25 09:07:00,2026-05-25 13:49:00,04:42:00,4.7
WM,DUDLEY,REPAIR,ENG042,Steve Frost,Mark Reygate,W5602751,EM,E2,2026-05-22 09:58:00,2026-05-22 22:04:00,12:06:00,12.1
WM,WOLVERHAMPTON,INSPECTION,ENG043,Diane Hunt,Tom Avery,W5602752,IR,E1,2026-05-21 06:19:00,2026-05-21 14:25:00,08:06:00,8.1
NE,MIDDLESBROUGH,ROUTINE,ENG070,Janet Robb,Bill Tyne,W5602753,EM,M2,2026-05-22 06:57:00,2026-05-22 16:21:00,09:24:00,9.4
NW,MANCHESTER,ROUTINE,ENG011,Karen Simmons,Gary Williams,W5602754,ME,R2,2026-05-27 08:45:00,2026-05-27 18:39:00,09:54:00,9.9
EA,IPSWICH,EMERGENCY,ENG020,Mark Holloway,Mark Booker,W5602755,MR,R1,2026-05-25 07:59:00,2026-05-25 23:17:00,15:18:00,15.3
EA,BEDFORD,EMERGENCY,ENG023,Sharon King,Anne Foster,W5602756,MR,M2,2026-05-25 08:56:00,2026-05-25 19:26:00,10:30:00,10.5
NE,DURHAM,METERING,ENG072,Liz Cooke,Bill Tyne,W5602757,ME,R2,2026-05-24 10:03:00,2026-05-25 00:21:00,14:18:00,14.3
NW,LIVERPOOL,INSPECTION,ENG011,Karen Simmons,Gary Williams,W5602758,ME,M2,2026-05-25 10:16:00,2026-05-25 12:16:00,02:00:00,2.0
SO,SOUTHAMPTON,REPAIR,ENG052,Chris Lamb,Phil Russell,W5602759,ME,E1,2026-05-27 06:02:00,2026-05-27 18:26:00,12:24:00,12.4
SO,PORTSMOUTH,INSPECTION,ENG051,Wendy Nash,Phil Russell,W5602760,MR,R2,2026-05-21 06:30:00,2026-05-21 21:06:00,14:36:00,14.6
SC,ABERDEEN,INSPECTION,ENG005,Fiona Cameron,Gordon Shaw,W5602761,ME,E1,2026-05-25 08:24:00,2026-05-26 00:24:00,16:00:00,16.0
EA,PETERBOROUGH,INSPECTION,ENG020,Mark Holloway,Mark Booker,W5602762,EM,E1,2026-05-25 06:29:00,2026-05-25 11:29:00,05:00:00,5.0
NT,MANSFIELD,ROUTINE,ENG060,Barry Noon,Sue Holt,W5602763,IR,R2,2026-05-26 08:50:00,2026-05-26 23:20:00,14:30:00,14.5
WM,DUDLEY,ROUTINE,ENG043,Diane Hunt,Tom Avery,W5602764,EM,M2,2026-05-26 10:51:00,2026-05-27 00:33:00,13:42:00,13.7
WM,BIRMINGHAM,ROUTINE,ENG040,Wayne Edwards,Mark Reygate,W5602765,IR,R2,2026-05-25 09:24:00,2026-05-25 18:42:00,09:18:00,9.3
NE,MIDDLESBROUGH,METERING,ENG072,Liz Cooke,Bill Tyne,W5602766,IR,E2,2026-05-26 11:54:00,2026-05-26 19:48:00,07:54:00,7.9
NE,SUNDERLAND,REPAIR,ENG072,Liz Cooke,Bill Tyne,W5602767,IR,R2,2026-05-23 11:37:00,2026-05-23 23:37:00,12:00:00,12.0
SE,BRIGHTON,ROUTINE,ENG032,Colin James,Pat Nolan,W5602768,IR,M1,2026-05-27 07:12:00,2026-05-27 11:30:00,04:18:00,4.3
SE,MAIDSTONE,INSPECTION,ENG031,Tracey McIntyre,Ray Ingram,W5602769,RO,R2,2026-05-23 06:48:00,2026-05-23 21:42:00,14:54:00,14.9
WM,WALSALL,INSPECTION,ENG043,Diane Hunt,Tom Avery,W5602770,IR,R2,2026-05-21 10:23:00,2026-05-21 17:53:00,07:30:00,7.5
NT,NOTTINGHAM,EMERGENCY,ENG061,Cathy Dean,Sue Holt,W5602771,RO,E1,2026-05-25 08:48:00,2026-05-26 00:42:00,15:54:00,15.9
NW,WARRINGTON,METERING,ENG012,Brian Cook,Gary Williams,W5602772,EM,E1,2026-05-25 11:00:00,2026-05-26 00:36:00,13:36:00,13.6
SO,SOUTHAMPTON,EMERGENCY,ENG050,Phil Hodgkins,Phil Russell,W5602773,EM,M1,2026-05-24 09:48:00,2026-05-24 13:30:00,03:42:00,3.7
SO,PORTSMOUTH,METERING,ENG051,Wendy Nash,Phil Russell,W5602774,MR,R1,2026-05-23 10:43:00,2026-05-23 20:19:00,09:36:00,9.6
WM,BIRMINGHAM,METERING,ENG043,Diane Hunt,Tom Avery,W5602775,IR,M1,2026-05-23 07:35:00,2026-05-23 21:59:00,14:24:00,14.4
SO,PORTSMOUTH,METERING,ENG051,Wendy Nash,Phil Russell,W5602776,MR,M2,2026-05-27 10:03:00,2026-05-27 12:15:00,02:12:00,2.2
SC,GLASGOW,EMERGENCY,ENG005,Fiona Cameron,Gordon Shaw,W5602777,RO,R1,2026-05-24 07:55:00,2026-05-24 15:19:00,07:24:00,7.4
SO,PORTSMOUTH,REPAIR,ENG050,Phil Hodgkins,Phil Russell,W5602778,ME,E1,2026-05-24 08:38:00,2026-05-24 22:56:00,14:18:00,14.3
NW,WIGAN,REPAIR,ENG012,Brian Cook,Gary Williams,W5602779,IR,E1,2026-05-25 11:40:00,2026-05-25 16:28:00,04:48:00,4.8
WM,COVENTRY,REPAIR,ENG040,Wayne Edwards,Mark Reygate,W5602780,RO,R1,2026-05-21 11:53:00,2026-05-21 22:47:00,10:54:00,10.9
NT,NOTTINGHAM,METERING,ENG061,Cathy Dean,Sue Holt,W5602781,ME,R1,2026-05-22 11:25:00,2026-05-23 00:13:00,12:48:00,12.8
NE,DURHAM,EMERGENCY,ENG072,Liz Cooke,Bill Tyne,W5602782,EM,E1,2026-05-21 09:01:00,2026-05-21 15:19:00,06:18:00,6.3
SC,GLASGOW,ROUTINE,ENG006,Kevin McAllister,Gordon Shaw,W5602783,EM,M1,2026-05-24 09:50:00,2026-05-24 16:44:00,06:54:00,6.9
NW,BOLTON,REPAIR,ENG012,Brian Cook,Gary Williams,W5602784,RO,R2,2026-05-22 10:08:00,2026-05-22 23:14:00,13:06:00,13.1
NE,MIDDLESBROUGH,INSPECTION,ENG070,Janet Robb,Bill Tyne,W5602785,RO,E1,2026-05-21 11:58:00,2026-05-21 15:28:00,03:30:00,3.5
NE,GATESHEAD,ROUTINE,ENG072,Liz Cooke,Bill Tyne,W5602786,IR,E2,2026-05-27 06:42:00,2026-05-27 15:18:00,08:36:00,8.6
EA,BEDFORD,REPAIR,ENG023,Sharon King,Anne Foster,W5602787,IR,M1,2026-05-23 11:00:00,2026-05-23 22:24:00,11:24:00,11.4
NW,MANCHESTER,REPAIR,ENG012,Brian Cook,Gary Williams,W5602788,IR,E1,2026-05-24 11:16:00,2026-05-24 17:10:00,05:54:00,5.9
EA,NORWICH,INSPECTION,ENG021,Rachel Davies,Mark Booker,W5602789,IR,R2,2026-05-23 10:51:00,2026-05-23 15:21:00,04:30:00,4.5
NT,MANSFIELD,EMERGENCY,ENG060,Barry Noon,Sue Holt,W5602790,EM,R2,2026-05-24 06:55:00,2026-05-24 21:31:00,14:36:00,14.6
NW,MANCHESTER,EMERGENCY,ENG013,Helen Morris,Dave Clarke,W5602791,ME,E1,2026-05-23 11:31:00,2026-05-23 19:13:00,07:42:00,7.7
SC,PAISLEY,METERING,ENG005,Fiona Cameron,Gordon Shaw,W5602792,IR,M2,2026-05-21 09:51:00,2026-05-21 14:21:00,04:30:00,4.5
WM,WALSALL,METERING,ENG040,Wayne Edwards,Mark Reygate,W5602793,IR,M2,2026-05-22 07:59:00,2026-05-22 20:47:00,12:48:00,12.8
NE,NEWCASTLE,METERING,ENG070,Janet Robb,Bill Tyne,W5602794,ME,R2,2026-05-24 11:24:00,2026-05-25 02:24:00,15:00:00,15.0
NE,NEWCASTLE,ROUTINE,ENG070,Janet Robb,Bill Tyne,W5602795,ME,M1,2026-05-26 09:11:00,2026-05-26 19:17:00,10:06:00,10.1
NE,SUNDERLAND,METERING,ENG071,Alan Shaw,Bill Tyne,W5602796,RO,M1,2026-05-21 07:06:00,2026-05-21 18:36:00,11:30:00,11.5
NW,BLACKBURN,ROUTINE,ENG011,Karen Simmons,Gary Williams,W5602797,RO,M2,2026-05-26 08:55:00,2026-05-27 00:37:00,15:42:00,15.7
NE,DURHAM,REPAIR,ENG071,Alan Shaw,Bill Tyne,W5602798,MR,R1,2026-05-21 11:31:00,2026-05-21 18:13:00,06:42:00,6.7
WM,COVENTRY,ROUTINE,ENG043,Diane Hunt,Tom Avery,W5602799,EM,M2,2026-05-26 10:12:00,2026-05-26 17:18:00,07:06:00,7.1
WM,DUDLEY,EMERGENCY,ENG040,Wayne Edwards,Mark Reygate,W5602800,MR,E1,2026-05-21 10:58:00,2026-05-21 16:04:00,05:06:00,5.1
NE,DURHAM,INSPECTION,ENG070,Janet Robb,Bill Tyne,W5602801,IR,M1,2026-05-22 07:52:00,2026-05-22 17:22:00,09:30:00,9.5
NW,STOCKPORT,REPAIR,ENG010,Paul Dawson,Gary Williams,W5602802,IR,E1,2026-05-26 08:46:00,2026-05-26 13:04:00,04:18:00,4.3
SO,BASINGSTOKE,INSPECTION,ENG051,Wendy Nash,Phil Russell,W5602803,IR,M2,2026-05-21 11:53:00,2026-05-22 01:17:00,13:24:00,13.4
SE,EASTBOURNE,REPAIR,ENG030,Stuart Porter,Ray Ingram,W5602804,EM,M2,2026-05-21 07:00:00,2026-05-21 18:54:00,11:54:00,11.9
EA,CAMBRIDGE,ROUTINE,ENG021,Rachel Davies,Mark Booker,W5602805,MR,E2,2026-05-23 08:33:00,2026-05-23 21:27:00,12:54:00,12.9
NW,WARRINGTON,INSPECTION,ENG013,Helen Morris,Dave Clarke,W5602806,MR,M1,2026-05-21 10:16:00,2026-05-21 18:34:00,08:18:00,8.3
SE,EASTBOURNE,INSPECTION,ENG033,Julie Price,Pat Nolan,W5602807,MR,R1,2026-05-25 07:34:00,2026-05-25 14:10:00,06:36:00,6.6
NT,LEICESTER,ROUTINE,ENG060,Barry Noon,Sue Holt,W5602808,ME,E2,2026-05-27 10:44:00,2026-05-27 18:56:00,08:11:59,8.2
NT,LINCOLN,REPAIR,ENG061,Cathy Dean,Sue Holt,W5602809,RO,R2,2026-05-21 11:39:00,2026-05-21 18:51:00,07:12:00,7.2
EA,CAMBRIDGE,REPAIR,ENG023,Sharon King,Anne Foster,W5602810,IR,R2,2026-05-24 06:03:00,2026-05-24 16:15:00,10:12:00,10.2
NE,GATESHEAD,METERING,ENG070,Janet Robb,Bill Tyne,W5602811,IR,E1,2026-05-25 09:40:00,2026-05-25 16:16:00,06:36:00,6.6
SO,SALISBURY,REPAIR,ENG051,Wendy Nash,Phil Russell,W5602812,EM,E2,2026-05-23 09:56:00,2026-05-23 18:56:00,09:00:00,9.0
EA,CAMBRIDGE,METERING,ENG020,Mark Holloway,Mark Booker,W5602813,IR,R1,2026-05-21 11:56:00,2026-05-22 00:02:00,12:06:00,12.1
SC,INVERNESS,INSPECTION,ENG002,Alistair Fraser,Steven Leckie,W5602814,MR,M2,2026-05-21 11:51:00,2026-05-21 23:03:00,11:12:00,11.2
NE,SUNDERLAND,METERING,ENG071,Alan Shaw,Bill Tyne,W5602815,RO,E1,2026-05-26 08:41:00,2026-05-26 11:41:00,03:00:00,3.0
NT,MANSFIELD,ROUTINE,ENG061,Cathy Dean,Sue Holt,W5602816,EM,R1,2026-05-24 09:04:00,2026-05-24 14:52:00,05:48:00,5.8
SC,PAISLEY,INSPECTION,ENG003,Catriona Stewart,Graham Loan,W5602817,ME,R1,2026-05-25 08:16:00,2026-05-25 20:52:00,12:36:00,12.6
SE,BRIGHTON,METERING,ENG032,Colin James,Pat Nolan,W5602818,RO,M1,2026-05-26 10:53:00,2026-05-26 16:05:00,05:12:00,5.2
EA,CAMBRIDGE,INSPECTION,ENG020,Mark Holloway,Mark Booker,W5602819,ME,R2,2026-05-23 10:14:00,2026-05-23 23:14:00,13:00:00,13.0
SC,GLASGOW,EMERGENCY,ENG003,Catriona Stewart,Graham Loan,W5602820,ME,R1,2026-05-24 06:16:00,2026-05-24 14:10:00,07:54:00,7.9
NT,NOTTINGHAM,INSPECTION,ENG062,Fred Archer,Sue Holt,W5602821,RO,R1,2026-05-27 11:32:00,2026-05-27 22:02:00,10:30:00,10.5
NT,LINCOLN,EMERGENCY,ENG060,Barry Noon,Sue Holt,W5602822,IR,E2,2026-05-23 10:01:00,2026-05-23 23:19:00,13:18:00,13.3
SC,GLASGOW,EMERGENCY,ENG004,Douglas Reid,Graham Loan,W5602823,ME,M1,2026-05-23 07:13:00,2026-05-23 16:25:00,09:12:00,9.2
NE,NEWCASTLE,ROUTINE,ENG071,Alan Shaw,Bill Tyne,W5602824,MR,M1,2026-05-21 09:23:00,2026-05-21 14:35:00,05:12:00,5.2
NT,DERBY,REPAIR,ENG060,Barry Noon,Sue Holt,W5602825,IR,E1,2026-05-21 07:06:00,2026-05-21 09:42:00,02:36:00,2.6
WM,STOKE,EMERGENCY,ENG042,Steve Frost,Mark Reygate,W5602826,MR,M2,2026-05-24 10:38:00,2026-05-25 01:26:00,14:48:00,14.8
EA,BEDFORD,ROUTINE,ENG023,Sharon King,Anne Foster,W5602827,ME,E1,2026-05-23 11:23:00,2026-05-23 15:59:00,04:36:00,4.6
SC,DUNDEE,METERING,ENG006,Kevin McAllister,Gordon Shaw,W5602828,MR,E2,2026-05-22 11:40:00,2026-05-22 17:34:00,05:54:00,5.9
EA,BEDFORD,EMERGENCY,ENG023,Sharon King,Anne Foster,W5602829,IR,E1,2026-05-25 07:10:00,2026-05-25 16:28:00,09:18:00,9.3
WM,COVENTRY,METERING,ENG041,Una Cowling,Mark Reygate,W5602830,RO,E1,2026-05-26 10:15:00,2026-05-26 18:15:00,08:00:00,8.0
EA,CAMBRIDGE,METERING,ENG021,Rachel Davies,Mark Booker,W5602831,EM,E1,2026-05-24 11:21:00,2026-05-25 00:03:00,12:42:00,12.7
SO,SALISBURY,ROUTINE,ENG050,Phil Hodgkins,Phil Russell,W5602832,RO,R1,2026-05-21 09:42:00,2026-05-21 23:30:00,13:48:00,13.8
NW,WIGAN,METERING,ENG010,Paul Dawson,Gary Williams,W5602833,MR,E2,2026-05-22 08:06:00,2026-05-22 18:00:00,09:54:00,9.9
EA,LUTON,ROUTINE,ENG022,Peter Wong,Mark Booker,W5602834,IR,E1,2026-05-27 09:18:00,2026-05-27 13:42:00,04:24:00,4.4
WM,WOLVERHAMPTON,ROUTINE,ENG040,Wayne Edwards,Mark Reygate,W5602835,EM,R1,2026-05-25 08:07:00,2026-05-25 22:31:00,14:24:00,14.4
EA,LUTON,EMERGENCY,ENG022,Peter Wong,Mark Booker,W5602836,RO,R2,2026-05-26 11:33:00,2026-05-26 18:51:00,07:18:00,7.3
SO,SALISBURY,ROUTINE,ENG050,Phil Hodgkins,Phil Russell,W5602837,EM,R2,2026-05-25 10:33:00,2026-05-25 18:39:00,08:06:00,8.1
NT,LINCOLN,REPAIR,ENG060,Barry Noon,Sue Holt,W5602838,IR,M2,2026-05-21 10:44:00,2026-05-21 15:50:00,05:06:00,5.1
NW,BLACKBURN,EMERGENCY,ENG010,Paul Dawson,Gary Williams,W5602839,EM,M1,2026-05-24 10:52:00,2026-05-24 18:52:00,08:00:00,8.0
NT,NOTTINGHAM,INSPECTION,ENG062,Fred Archer,Sue Holt,W5602840,ME,E1,2026-05-25 10:13:00,2026-05-25 23:49:00,13:36:00,13.6
NT,MANSFIELD,ROUTINE,ENG060,Barry Noon,Sue Holt,W5602841,RO,R2,2026-05-25 06:45:00,2026-05-25 21:21:00,14:36:00,14.6
NW,MANCHESTER,METERING,ENG011,Karen Simmons,Gary Williams,W5602842,ME,E2,2026-05-27 08:02:00,2026-05-27 15:56:00,07:54:00,7.9
SC,PAISLEY,EMERGENCY,ENG006,Kevin McAllister,Gordon Shaw,W5602843,EM,M1,2026-05-27 10:59:00,2026-05-27 17:59:00,07:00:00,7.0
NT,NOTTINGHAM,ROUTINE,ENG062,Fred Archer,Sue Holt,W5602844,ME,E1,2026-05-26 09:37:00,2026-05-26 18:07:00,08:30:00,8.5
SC,INVERNESS,METERING,ENG006,Kevin McAllister,Gordon Shaw,W5602845,RO,E1,2026-05-21 09:00:00,2026-05-21 17:36:00,08:36:00,8.6
SC,STIRLING,METERING,ENG004,Douglas Reid,Graham Loan,W5602846,RO,R2,2026-05-22 11:09:00,2026-05-22 18:21:00,07:12:00,7.2
SO,SALISBURY,ROUTINE,ENG052,Chris Lamb,Phil Russell,W5602847,IR,E1,2026-05-22 08:10:00,2026-05-22 15:46:00,07:36:00,7.6
SE,BRIGHTON,EMERGENCY,ENG033,Julie Price,Pat Nolan,W5602848,EM,M1,2026-05-26 06:39:00,2026-05-26 20:09:00,13:30:00,13.5
WM,BIRMINGHAM,EMERGENCY,ENG040,Wayne Edwards,Mark Reygate,W5602849,MR,R1,2026-05-27 11:05:00,2026-05-27 16:17:00,05:12:00,5.2
WM,STOKE,REPAIR,ENG041,Una Cowling,Mark Reygate,W5602850,IR,R2,2026-05-23 08:14:00,2026-05-23 16:02:00,07:48:00,7.8
WM,BIRMINGHAM,INSPECTION,ENG040,Wayne Edwards,Mark Reygate,W5602851,ME,R2,2026-05-24 09:04:00,2026-05-24 16:04:00,07:00:00,7.0
NW,MANCHESTER,EMERGENCY,ENG014,Alan Sharp,Dave Clarke,W5602852,EM,E1,2026-05-22 11:14:00,2026-05-22 13:14:00,02:00:00,2.0
WM,STOKE,METERING,ENG041,Una Cowling,Mark Reygate,W5602853,MR,E1,2026-05-24 09:52:00,2026-05-24 22:46:00,12:54:00,12.9
SC,PERTH,INSPECTION,ENG003,Catriona Stewart,Graham Loan,W5602854,MR,E1,2026-05-25 11:36:00,2026-05-25 16:18:00,04:42:00,4.7
NE,DURHAM,REPAIR,ENG071,Alan Shaw,Bill Tyne,W5602855,RO,R1,2026-05-24 11:31:00,2026-05-24 21:07:00,09:36:00,9.6
SE,CROYDON,ROUTINE,ENG030,Stuart Porter,Ray Ingram,W5602856,RO,E2,2026-05-24 06:49:00,2026-05-24 15:31:00,08:41:59,8.7
NE,SUNDERLAND,EMERGENCY,ENG071,Alan Shaw,Bill Tyne,W5602857,MR,R1,2026-05-26 08:30:00,2026-05-26 20:12:00,11:42:00,11.7
EA,LUTON,EMERGENCY,ENG020,Mark Holloway,Mark Booker,W5602858,RO,M1,2026-05-27 07:30:00,2026-05-27 11:12:00,03:42:00,3.7
SC,DUNDEE,ROUTINE,ENG002,Alistair Fraser,Steven Leckie,W5602859,RO,E2,2026-05-25 11:13:00,2026-05-25 19:37:00,08:24:00,8.4
NE,MIDDLESBROUGH,ROUTINE,ENG072,Liz Cooke,Bill Tyne,W5602860,IR,R1,2026-05-21 07:24:00,2026-05-21 14:30:00,07:06:00,7.1
SC,PAISLEY,ROUTINE,ENG003,Catriona Stewart,Graham Loan,W5602861,RO,E2,2026-05-21 07:36:00,2026-05-21 11:30:00,03:54:00,3.9
EA,IPSWICH,REPAIR,ENG021,Rachel Davies,Mark Booker,W5602862,IR,E1,2026-05-22 06:57:00,2026-05-22 16:21:00,09:24:00,9.4
SE,BRIGHTON,INSPECTION,ENG033,Julie Price,Pat Nolan,W5602863,IR,M2,2026-05-24 10:03:00,2026-05-24 16:03:00,06:00:00,6.0
WM,STOKE,INSPECTION,ENG042,Steve Frost,Mark Reygate,W5602864,EM,R2,2026-05-24 09:15:00,2026-05-25 00:21:00,15:06:00,15.1
NE,MIDDLESBROUGH,ROUTINE,ENG072,Liz Cooke,Bill Tyne,W5602865,RO,E1,2026-05-21 11:33:00,2026-05-21 15:39:00,04:05:59,4.1
WM,STOKE,INSPECTION,ENG040,Wayne Edwards,Mark Reygate,W5602866,MR,M1,2026-05-26 11:20:00,2026-05-26 17:14:00,05:54:00,5.9
NT,LEICESTER,EMERGENCY,ENG061,Cathy Dean,Sue Holt,W5602867,ME,M2,2026-05-24 07:40:00,2026-05-24 20:40:00,13:00:00,13.0
NE,NEWCASTLE,INSPECTION,ENG072,Liz Cooke,Bill Tyne,W5602868,MR,M2,2026-05-26 06:17:00,2026-05-26 17:47:00,11:30:00,11.5
SO,BOURNEMOUTH,ROUTINE,ENG052,Chris Lamb,Phil Russell,W5602869,EM,R2,2026-05-27 09:18:00,2026-05-27 16:06:00,06:48:00,6.8
SE,MAIDSTONE,METERING,ENG030,Stuart Porter,Ray Ingram,W5602870,EM,M1,2026-05-22 10:31:00,2026-05-22 15:25:00,04:54:00,4.9
NT,LEICESTER,METERING,ENG061,Cathy Dean,Sue Holt,W5602871,IR,M1,2026-05-27 11:31:00,2026-05-27 21:55:00,10:24:00,10.4
SC,PERTH,EMERGENCY,ENG003,Catriona Stewart,Graham Loan,W5602872,MR,R1,2026-05-27 11:02:00,2026-05-27 14:44:00,03:42:00,3.7
EA,CAMBRIDGE,EMERGENCY,ENG021,Rachel Davies,Mark Booker,W5602873,ME,R2,2026-05-22 09:33:00,2026-05-22 20:03:00,10:30:00,10.5
EA,PETERBOROUGH,INSPECTION,ENG020,Mark Holloway,Mark Booker,W5602874,ME,E2,2026-05-27 11:49:00,2026-05-27 22:07:00,10:18:00,10.3
WM,STOKE,INSPECTION,ENG041,Una Cowling,Mark Reygate,W5602875,MR,M2,2026-05-26 08:16:00,2026-05-26 19:22:00,11:06:00,11.1
WM,DUDLEY,INSPECTION,ENG042,Steve Frost,Mark Reygate,W5602876,ME,R1,2026-05-24 08:01:00,2026-05-24 17:07:00,09:06:00,9.1
NT,NOTTINGHAM,METERING,ENG060,Barry Noon,Sue Holt,W5602877,IR,R2,2026-05-21 09:26:00,2026-05-21 22:02:00,12:36:00,12.6
EA,NORWICH,INSPECTION,ENG021,Rachel Davies,Mark Booker,W5602878,IR,E1,2026-05-25 11:20:00,2026-05-26 01:14:00,13:54:00,13.9
NW,LIVERPOOL,EMERGENCY,ENG012,Brian Cook,Gary Williams,W5602879,EM,R1,2026-05-25 09:46:00,2026-05-25 14:52:00,05:06:00,5.1
NE,GATESHEAD,ROUTINE,ENG071,Alan Shaw,Bill Tyne,W5602880,EM,R2,2026-05-26 08:39:00,2026-05-26 14:33:00,05:54:00,5.9
NE,MIDDLESBROUGH,EMERGENCY,ENG071,Alan Shaw,Bill Tyne,W5602881,RO,M1,2026-05-21 09:47:00,2026-05-21 13:23:00,03:36:00,3.6
WM,COVENTRY,ROUTINE,ENG040,Wayne Edwards,Mark Reygate,W5602882,ME,R1,2026-05-25 10:28:00,2026-05-25 13:34:00,03:06:00,3.1
NW,WARRINGTON,ROUTINE,ENG014,Alan Sharp,Dave Clarke,W5602883,MR,R2,2026-05-24 11:44:00,2026-05-25 03:44:00,16:00:00,16.0
SC,INVERNESS,INSPECTION,ENG003,Catriona Stewart,Graham Loan,W5602884,EM,M1,2026-05-24 07:12:00,2026-05-24 09:18:00,02:06:00,2.1
NW,LIVERPOOL,EMERGENCY,ENG014,Alan Sharp,Dave Clarke,W5602885,ME,R2,2026-05-26 08:35:00,2026-05-26 19:29:00,10:54:00,10.9
NT,NOTTINGHAM,METERING,ENG062,Fred Archer,Sue Holt,W5602886,EM,R1,2026-05-22 09:08:00,2026-05-22 12:26:00,03:18:00,3.3
SE,CROYDON,EMERGENCY,ENG031,Tracey McIntyre,Ray Ingram,W5602887,IR,R2,2026-05-27 11:54:00,2026-05-27 14:24:00,02:30:00,2.5
NW,MANCHESTER,EMERGENCY,ENG011,Karen Simmons,Gary Williams,W5602888,IR,R1,2026-05-21 06:06:00,2026-05-21 09:12:00,03:06:00,3.1
SC,GLASGOW,ROUTINE,ENG006,Kevin McAllister,Gordon Shaw,W5602889,IR,E1,2026-05-26 06:43:00,2026-05-26 14:07:00,07:24:00,7.4
NT,LEICESTER,INSPECTION,ENG060,Barry Noon,Sue Holt,W5602890,MR,R1,2026-05-23 08:57:00,2026-05-23 11:33:00,02:36:00,2.6
WM,STOKE,METERING,ENG040,Wayne Edwards,Mark Reygate,W5602891,EM,E1,2026-05-26 08:17:00,2026-05-26 20:47:00,12:30:00,12.5
NE,GATESHEAD,EMERGENCY,ENG070,Janet Robb,Bill Tyne,W5602892,ME,E2,2026-05-24 10:00:00,2026-05-24 21:24:00,11:24:00,11.4
WM,BIRMINGHAM,REPAIR,ENG040,Wayne Edwards,Mark Reygate,W5602893,RO,E1,2026-05-26 06:59:00,2026-05-26 15:53:00,08:54:00,8.9
SO,PORTSMOUTH,EMERGENCY,ENG052,Chris Lamb,Phil Russell,W5602894,MR,M1,2026-05-21 11:01:00,2026-05-21 14:49:00,03:48:00,3.8
NW,MANCHESTER,REPAIR,ENG011,Karen Simmons,Gary Williams,W5602895,MR,R2,2026-05-24 09:57:00,2026-05-24 15:21:00,05:24:00,5.4
EA,BEDFORD,METERING,ENG022,Peter Wong,Mark Booker,W5602896,EM,R2,2026-05-27 09:47:00,2026-05-27 14:35:00,04:48:00,4.8
SO,BASINGSTOKE,METERING,ENG051,Wendy Nash,Phil Russell,W5602897,IR,M2,2026-05-22 09:18:00,2026-05-22 20:48:00,11:30:00,11.5
WM,DUDLEY,INSPECTION,ENG041,Una Cowling,Mark Reygate,W5602898,MR,R1,2026-05-26 11:55:00,2026-05-26 19:37:00,07:42:00,7.7
SC,GLASGOW,REPAIR,ENG006,Kevin McAllister,Gordon Shaw,W5602899,MR,R1,2026-05-25 07:45:00,2026-05-25 13:21:00,05:36:00,5.6
SE,EASTBOURNE,METERING,ENG030,Stuart Porter,Ray Ingram,W5602900,ME,E2,2026-05-24 10:59:00,2026-05-24 19:41:00,08:41:59,8.7
NT,DERBY,REPAIR,ENG062,Fred Archer,Sue Holt,W5602901,IR,M2,2026-05-22 10:10:00,2026-05-22 16:16:00,06:06:00,6.1
NT,LINCOLN,INSPECTION,ENG062,Fred Archer,Sue Holt,W5602902,RO,E1,2026-05-25 06:58:00,2026-05-25 17:34:00,10:36:00,10.6
SO,BOURNEMOUTH,METERING,ENG052,Chris Lamb,Phil Russell,W5602903,MR,M1,2026-05-22 10:02:00,2026-05-23 01:02:00,15:00:00,15.0
NT,DERBY,EMERGENCY,ENG062,Fred Archer,Sue Holt,W5602904,ME,R1,2026-05-26 07:35:00,2026-05-26 14:41:00,07:06:00,7.1
NE,NEWCASTLE,REPAIR,ENG071,Alan Shaw,Bill Tyne,W5602905,ME,E2,2026-05-22 11:40:00,2026-05-22 13:58:00,02:18:00,2.3
NW,LIVERPOOL,REPAIR,ENG012,Brian Cook,Gary Williams,W5602906,EM,M2,2026-05-25 09:55:00,2026-05-25 22:55:00,13:00:00,13.0
SC,EDINBURGH,METERING,ENG001,John MacDonald,Steven Leckie,W5602907,MR,E2,2026-05-24 09:29:00,2026-05-24 23:59:00,14:30:00,14.5
EA,IPSWICH,REPAIR,ENG020,Mark Holloway,Mark Booker,W5602908,MR,R2,2026-05-27 07:01:00,2026-05-27 17:13:00,10:12:00,10.2
SE,CROYDON,INSPECTION,ENG030,Stuart Porter,Ray Ingram,W5602909,EM,R1,2026-05-26 10:49:00,2026-05-27 00:25:00,13:36:00,13.6
SC,PERTH,EMERGENCY,ENG003,Catriona Stewart,Graham Loan,W5602910,EM,E2,2026-05-24 07:10:00,2026-05-24 18:40:00,11:30:00,11.5
WM,BIRMINGHAM,REPAIR,ENG043,Diane Hunt,Tom Avery,W5602911,EM,R2,2026-05-21 06:04:00,2026-05-21 09:58:00,03:54:00,3.9
NT,MANSFIELD,EMERGENCY,ENG061,Cathy Dean,Sue Holt,W5602912,MR,E1,2026-05-21 06:57:00,2026-05-21 19:03:00,12:06:00,12.1
EA,CAMBRIDGE,METERING,ENG020,Mark Holloway,Mark Booker,W5602913,ME,M1,2026-05-24 11:34:00,2026-05-24 20:16:00,08:41:59,8.7
NT,LINCOLN,METERING,ENG062,Fred Archer,Sue Holt,W5602914,MR,E2,2026-05-27 07:27:00,2026-05-27 18:57:00,11:30:00,11.5
NE,SUNDERLAND,ROUTINE,ENG070,Janet Robb,Bill Tyne,W5602915,RO,M1,2026-05-22 11:40:00,2026-05-22 19:04:00,07:24:00,7.4
SE,BRIGHTON,EMERGENCY,ENG033,Julie Price,Pat Nolan,W5602916,RO,M2,2026-05-27 11:49:00,2026-05-27 20:43:00,08:54:00,8.9
NW,BOLTON,EMERGENCY,ENG014,Alan Sharp,Dave Clarke,W5602917,ME,M2,2026-05-26 09:19:00,2026-05-26 23:49:00,14:30:00,14.5
SO,SOUTHAMPTON,ROUTINE,ENG052,Chris Lamb,Phil Russell,W5602918,IR,R2,2026-05-21 06:09:00,2026-05-21 12:09:00,06:00:00,6.0
WM,WOLVERHAMPTON,INSPECTION,ENG040,Wayne Edwards,Mark Reygate,W5602919,RO,M1,2026-05-24 08:47:00,2026-05-24 15:17:00,06:30:00,6.5
SC,PAISLEY,ROUTINE,ENG004,Douglas Reid,Graham Loan,W5602920,EM,M1,2026-05-27 09:22:00,2026-05-27 18:34:00,09:12:00,9.2
NW,WARRINGTON,INSPECTION,ENG012,Brian Cook,Gary Williams,W5602921,IR,E1,2026-05-22 07:13:00,2026-05-22 11:07:00,03:54:00,3.9
NW,WARRINGTON,ROUTINE,ENG013,Helen Morris,Dave Clarke,W5602922,MR,M2,2026-05-22 06:53:00,2026-05-22 16:47:00,09:54:00,9.9
NT,LEICESTER,ROUTINE,ENG062,Fred Archer,Sue Holt,W5602923,IR,R2,2026-05-21 06:49:00,2026-05-21 21:37:00,14:48:00,14.8
NT,NOTTINGHAM,REPAIR,ENG062,Fred Archer,Sue Holt,W5602924,IR,E1,2026-05-23 11:51:00,2026-05-24 02:15:00,14:24:00,14.4
NE,GATESHEAD,INSPECTION,ENG070,Janet Robb,Bill Tyne,W5602925,EM,M1,2026-05-21 07:14:00,2026-05-21 18:38:00,11:24:00,11.4
SO,SOUTHAMPTON,ROUTINE,ENG052,Chris Lamb,Phil Russell,W5602926,EM,M1,2026-05-26 08:01:00,2026-05-26 19:43:00,11:42:00,11.7
WM,STOKE,ROUTINE,ENG042,Steve Frost,Mark Reygate,W5602927,MR,R2,2026-05-24 07:56:00,2026-05-24 17:20:00,09:24:00,9.4
SE,CROYDON,ROUTINE,ENG030,Stuart Porter,Ray Ingram,W5602928,IR,R2,2026-05-24 07:38:00,2026-05-24 11:26:00,03:48:00,3.8
EA,LUTON,REPAIR,ENG020,Mark Holloway,Mark Booker,W5602929,IR,R2,2026-05-23 07:25:00,2026-05-23 22:49:00,15:24:00,15.4
SO,SALISBURY,REPAIR,ENG050,Phil Hodgkins,Phil Russell,W5602930,ME,M1,2026-05-21 10:10:00,2026-05-22 00:04:00,13:54:00,13.9
WM,BIRMINGHAM,REPAIR,ENG042,Steve Frost,Mark Reygate,W5602931,RO,R2,2026-05-23 07:48:00,2026-05-23 21:42:00,13:54:00,13.9
WM,COVENTRY,ROUTINE,ENG043,Diane Hunt,Tom Avery,W5602932,RO,M1,2026-05-24 09:34:00,2026-05-24 19:28:00,09:54:00,9.9
SO,BOURNEMOUTH,INSPECTION,ENG051,Wendy Nash,Phil Russell,W5602933,MR,M2,2026-05-23 11:16:00,2026-05-24 02:16:00,15:00:00,15.0
EA,CAMBRIDGE,METERING,ENG020,Mark Holloway,Mark Booker,W5602934,MR,E1,2026-05-22 09:52:00,2026-05-22 13:34:00,03:42:00,3.7
SO,SALISBURY,ROUTINE,ENG052,Chris Lamb,Phil Russell,W5602935,ME,E1,2026-05-22 10:44:00,2026-05-22 17:14:00,06:30:00,6.5
NE,DURHAM,METERING,ENG070,Janet Robb,Bill Tyne,W5602936,EM,M1,2026-05-23 07:55:00,2026-05-23 21:19:00,13:24:00,13.4
NE,SUNDERLAND,INSPECTION,ENG071,Alan Shaw,Bill Tyne,W5602937,RO,E1,2026-05-25 06:28:00,2026-05-25 13:58:00,07:30:00,7.5
SE,BRIGHTON,ROUTINE,ENG030,Stuart Porter,Ray Ingram,W5602938,IR,E2,2026-05-27 08:03:00,2026-05-27 22:33:00,14:30:00,14.5
EA,LUTON,INSPECTION,ENG022,Peter Wong,Mark Booker,W5602939,IR,E1,2026-05-27 06:06:00,2026-05-27 21:36:00,15:30:00,15.5
NW,WARRINGTON,METERING,ENG011,Karen Simmons,Gary Williams,W5602940,EM,R1,2026-05-24 07:10:00,2026-05-24 15:52:00,08:41:59,8.7
EA,PETERBOROUGH,EMERGENCY,ENG023,Sharon King,Anne Foster,W5602941,IR,E1,2026-05-25 10:26:00,2026-05-25 23:20:00,12:54:00,12.9
SE,GUILDFORD,INSPECTION,ENG030,Stuart Porter,Ray Ingram,W5602942,RO,R2,2026-05-26 11:23:00,2026-05-26 15:11:00,03:48:00,3.8
NW,MANCHESTER,ROUTINE,ENG010,Paul Dawson,Gary Williams,W5602943,RO,M1,2026-05-27 07:01:00,2026-05-27 22:37:00,15:36:00,15.6
SC,GLASGOW,INSPECTION,ENG003,Catriona Stewart,Graham Loan,W5602944,EM,M1,2026-05-27 07:56:00,2026-05-27 10:14:00,02:18:00,2.3
WM,WALSALL,EMERGENCY,ENG040,Wayne Edwards,Mark Reygate,W5602945,MR,M1,2026-05-25 10:20:00,2026-05-26 00:14:00,13:54:00,13.9
NE,SUNDERLAND,METERING,ENG071,Alan Shaw,Bill Tyne,W5602946,ME,M1,2026-05-24 06:23:00,2026-05-24 14:11:00,07:48:00,7.8
EA,BEDFORD,ROUTINE,ENG023,Sharon King,Anne Foster,W5602947,MR,M1,2026-05-27 10:18:00,2026-05-27 15:18:00,05:00:00,5.0
SO,BASINGSTOKE,INSPECTION,ENG050,Phil Hodgkins,Phil Russell,W5602948,RO,M1,2026-05-26 07:30:00,2026-05-26 20:42:00,13:12:00,13.2
NT,LINCOLN,INSPECTION,ENG060,Barry Noon,Sue Holt,W5602949,IR,R2,2026-05-23 07:59:00,2026-05-23 10:59:00,03:00:00,3.0
SO,SOUTHAMPTON,REPAIR,ENG051,Wendy Nash,Phil Russell,W5602950,ME,R1,2026-05-26 11:28:00,2026-05-27 02:58:00,15:30:00,15.5
NE,MIDDLESBROUGH,INSPECTION,ENG071,Alan Shaw,Bill Tyne,W5602951,IR,R1,2026-05-27 10:59:00,2026-05-28 02:59:00,16:00:00,16.0
SC,ABERDEEN,EMERGENCY,ENG006,Kevin McAllister,Gordon Shaw,W5602952,IR,M1,2026-05-26 11:15:00,2026-05-26 17:03:00,05:48:00,5.8
SE,CROYDON,INSPECTION,ENG033,Julie Price,Pat Nolan,W5602953,MR,E2,2026-05-25 11:39:00,2026-05-25 19:03:00,07:24:00,7.4
SC,DUNDEE,EMERGENCY,ENG005,Fiona Cameron,Gordon Shaw,W5602954,RO,M2,2026-05-24 09:16:00,2026-05-24 12:28:00,03:12:00,3.2
NW,MANCHESTER,METERING,ENG010,Paul Dawson,Gary Williams,W5602955,ME,E1,2026-05-22 07:25:00,2026-05-22 18:25:00,11:00:00,11.0
SC,DUNDEE,REPAIR,ENG003,Catriona Stewart,Graham Loan,W5602956,IR,E2,2026-05-25 10:03:00,2026-05-25 12:39:00,02:36:00,2.6
SC,EDINBURGH,INSPECTION,ENG002,Alistair Fraser,Steven Leckie,W5602957,RO,M1,2026-05-22 08:00:00,2026-05-22 16:48:00,08:48:00,8.8
NT,MANSFIELD,EMERGENCY,ENG062,Fred Archer,Sue Holt,W5602958,IR,M2,2026-05-27 07:59:00,2026-05-27 21:59:00,14:00:00,14.0
WM,BIRMINGHAM,METERING,ENG040,Wayne Edwards,Mark Reygate,W5602959,MR,R2,2026-05-25 09:45:00,2026-05-25 19:33:00,09:48:00,9.8
SO,BASINGSTOKE,ROUTINE,ENG051,Wendy Nash,Phil Russell,W5602960,ME,R2,2026-05-26 06:18:00,2026-05-26 14:54:00,08:36:00,8.6
NT,LEICESTER,METERING,ENG061,Cathy Dean,Sue Holt,W5602961,MR,M2,2026-05-26 10:50:00,2026-05-27 00:38:00,13:48:00,13.8
SC,GLASGOW,EMERGENCY,ENG001,John MacDonald,Steven Leckie,W5602962,EM,M1,2026-05-27 07:11:00,2026-05-27 13:05:00,05:54:00,5.9
SC,STIRLING,REPAIR,ENG003,Catriona Stewart,Graham Loan,W5602963,RO,R2,2026-05-25 07:26:00,2026-05-25 18:38:00,11:12:00,11.2
EA,CAMBRIDGE,METERING,ENG021,Rachel Davies,Mark Booker,W5602964,ME,M1,2026-05-24 06:33:00,2026-05-24 19:21:00,12:48:00,12.8
WM,WALSALL,ROUTINE,ENG043,Diane Hunt,Tom Avery,W5602965,ME,M2,2026-05-24 10:41:00,2026-05-24 14:59:00,04:18:00,4.3
WM,WOLVERHAMPTON,METERING,ENG042,Steve Frost,Mark Reygate,W5602966,RO,M2,2026-05-24 06:49:00,2026-05-24 16:49:00,10:00:00,10.0
SC,PERTH,ROUTINE,ENG005,Fiona Cameron,Gordon Shaw,W5602967,MR,M1,2026-05-26 07:54:00,2026-05-26 20:06:00,12:12:00,12.2
SC,PAISLEY,INSPECTION,ENG001,John MacDonald,Steven Leckie,W5602968,IR,E2,2026-05-25 11:23:00,2026-05-26 01:59:00,14:36:00,14.6
WM,WALSALL,INSPECTION,ENG042,Steve Frost,Mark Reygate,W5602969,ME,R1,2026-05-23 09:16:00,2026-05-23 11:46:00,02:30:00,2.5
SO,PORTSMOUTH,REPAIR,ENG052,Chris Lamb,Phil Russell,W5602970,MR,R2,2026-05-27 08:05:00,2026-05-27 13:29:00,05:24:00,5.4
WM,STOKE,REPAIR,ENG042,Steve Frost,Mark Reygate,W5602971,MR,M1,2026-05-23 07:23:00,2026-05-23 12:11:00,04:48:00,4.8
SO,SALISBURY,INSPECTION,ENG050,Phil Hodgkins,Phil Russell,W5602972,MR,R1,2026-05-21 11:02:00,2026-05-21 19:26:00,08:24:00,8.4
SC,GLASGOW,INSPECTION,ENG002,Alistair Fraser,Steven Leckie,W5602973,MR,M1,2026-05-21 09:52:00,2026-05-21 14:34:00,04:42:00,4.7
SE,EASTBOURNE,INSPECTION,ENG030,Stuart Porter,Ray Ingram,W5602974,MR,E2,2026-05-27 08:11:00,2026-05-27 17:05:00,08:54:00,8.9
NW,WIGAN,INSPECTION,ENG011,Karen Simmons,Gary Williams,W5602975,RO,R1,2026-05-27 10:34:00,2026-05-27 15:16:00,04:42:00,4.7
NT,LINCOLN,METERING,ENG060,Barry Noon,Sue Holt,W5602976,ME,M2,2026-05-26 11:43:00,2026-05-26 15:43:00,04:00:00,4.0
SO,BASINGSTOKE,METERING,ENG050,Phil Hodgkins,Phil Russell,W5602977,RO,R1,2026-05-24 09:22:00,2026-05-24 22:34:00,13:12:00,13.2
NW,MANCHESTER,METERING,ENG010,Paul Dawson,Gary Williams,W5602978,EM,M1,2026-05-21 09:46:00,2026-05-21 20:58:00,11:12:00,11.2
SO,PORTSMOUTH,INSPECTION,ENG050,Phil Hodgkins,Phil Russell,W5602979,MR,M1,2026-05-22 10:23:00,2026-05-22 13:05:00,02:42:00,2.7
SC,GLASGOW,EMERGENCY,ENG006,Kevin McAllister,Gordon Shaw,W5602980,RO,R2,2026-05-21 09:33:00,2026-05-21 22:15:00,12:42:00,12.7
NE,SUNDERLAND,METERING,ENG072,Liz Cooke,Bill Tyne,W5602981,RO,E2,2026-05-24 07:23:00,2026-05-24 21:41:00,14:18:00,14.3
NE,MIDDLESBROUGH,EMERGENCY,ENG071,Alan Shaw,Bill Tyne,W5602982,ME,R1,2026-05-21 11:57:00,2026-05-22 01:09:00,13:12:00,13.2
SC,PAISLEY,EMERGENCY,ENG006,Kevin McAllister,Gordon Shaw,W5602983,RO,E1,2026-05-22 07:11:00,2026-05-22 13:53:00,06:42:00,6.7
NE,NEWCASTLE,INSPECTION,ENG072,Liz Cooke,Bill Tyne,W5602984,MR,R1,2026-05-26 10:53:00,2026-05-27 02:53:00,16:00:00,16.0
SO,PORTSMOUTH,EMERGENCY,ENG051,Wendy Nash,Phil Russell,W5602985,RO,M2,2026-05-26 08:52:00,2026-05-26 17:22:00,08:30:00,8.5
SO,SOUTHAMPTON,ROUTINE,ENG050,Phil Hodgkins,Phil Russell,W5602986,ME,R1,2026-05-25 08:27:00,2026-05-25 11:33:00,03:06:00,3.1
NT,LINCOLN,METERING,ENG060,Barry Noon,Sue Holt,W5602987,MR,E1,2026-05-27 11:07:00,2026-05-27 21:43:00,10:36:00,10.6
NE,DURHAM,METERING,ENG071,Alan Shaw,Bill Tyne,W5602988,MR,R1,2026-05-23 09:15:00,2026-05-23 19:51:00,10:36:00,10.6
SE,GUILDFORD,REPAIR,ENG031,Tracey McIntyre,Ray Ingram,W5602989,IR,M2,2026-05-24 08:45:00,2026-05-24 19:21:00,10:36:00,10.6
NW,LIVERPOOL,EMERGENCY,ENG011,Karen Simmons,Gary Williams,W5602990,EM,E2,2026-05-25 10:44:00,2026-05-26 02:38:00,15:54:00,15.9
NT,LEICESTER,METERING,ENG062,Fred Archer,Sue Holt,W5602991,ME,E2,2026-05-23 06:34:00,2026-05-23 10:16:00,03:42:00,3.7
NE,DURHAM,METERING,ENG071,Alan Shaw,Bill Tyne,W5602992,MR,M2,2026-05-21 10:56:00,2026-05-21 18:02:00,07:06:00,7.1
NW,BLACKBURN,INSPECTION,ENG013,Helen Morris,Dave Clarke,W5602993,EM,R2,2026-05-26 11:29:00,2026-05-26 19:35:00,08:06:00,8.1
SO,SOUTHAMPTON,EMERGENCY,ENG051,Wendy Nash,Phil Russell,W5602994,EM,R2,2026-05-26 08:41:00,2026-05-26 16:29:00,07:48:00,7.8
SO,BOURNEMOUTH,INSPECTION,ENG052,Chris Lamb,Phil Russell,W5602995,MR,M2,2026-05-22 09:22:00,2026-05-22 13:52:00,04:30:00,4.5
NT,MANSFIELD,INSPECTION,ENG062,Fred Archer,Sue Holt,W5602996,EM,R2,2026-05-25 11:57:00,2026-05-26 00:33:00,12:36:00,12.6
SE,HORSHAM,INSPECTION,ENG031,Tracey McIntyre,Ray Ingram,W5602997,EM,M1,2026-05-21 11:53:00,2026-05-21 15:47:00,03:54:00,3.9
WM,DUDLEY,ROUTINE,ENG041,Una Cowling,Mark Reygate,W5602998,IR,E2,2026-05-23 09:38:00,2026-05-23 21:14:00,11:36:00,11.6
SE,CROYDON,REPAIR,ENG033,Julie Price,Pat Nolan,W5602999,ME,E2,2026-05-25 07:45:00,2026-05-25 20:33:00,12:48:00,12.8
NW,WIGAN,ROUTINE,ENG012,Brian Cook,Gary Williams,W5603000,MR,R1,2026-05-26 09:33:00,2026-05-26 16:03:00,06:30:00,6.5
NW,STOCKPORT,INSPECTION,ENG013,Helen Morris,Dave Clarke,W5603001,EM,E2,2026-05-23 08:36:00,2026-05-23 20:36:00,12:00:00,12.0
SO,SOUTHAMPTON,METERING,ENG052,Chris Lamb,Phil Russell,W5603002,IR,E1,2026-05-26 09:59:00,2026-05-26 19:23:00,09:24:00,9.4
NE,DURHAM,ROUTINE,ENG070,Janet Robb,Bill Tyne,W5603003,EM,E2,2026-05-22 11:07:00,2026-05-22 16:01:00,04:54:00,4.9
WM,COVENTRY,INSPECTION,ENG040,Wayne Edwards,Mark Reygate,W5603004,ME,R1,2026-05-23 10:07:00,2026-05-23 17:19:00,07:12:00,7.2
SO,SOUTHAMPTON,METERING,ENG051,Wendy Nash,Phil Russell,W5603005,MR,R2,2026-05-26 06:24:00,2026-05-26 17:12:00,10:48:00,10.8
NW,WIGAN,INSPECTION,ENG012,Brian Cook,Gary Williams,W5603006,IR,E1,2026-05-25 06:33:00,2026-05-25 21:21:00,14:48:00,14.8
SE,GUILDFORD,ROUTINE,ENG031,Tracey McIntyre,Ray Ingram,W5603007,ME,R1,2026-05-27 09:16:00,2026-05-27 23:16:00,14:00:00,14.0
EA,IPSWICH,EMERGENCY,ENG020,Mark Holloway,Mark Booker,W5603008,MR,M2,2026-05-22 09:43:00,2026-05-22 23:13:00,13:30:00,13.5
EA,BEDFORD,REPAIR,ENG020,Mark Holloway,Mark Booker,W5603009,ME,M1,2026-05-27 09:50:00,2026-05-27 20:32:00,10:42:00,10.7
EA,IPSWICH,METERING,ENG022,Peter Wong,Mark Booker,W5603010,MR,E2,2026-05-24 09:07:00,2026-05-25 00:01:00,14:54:00,14.9
NE,MIDDLESBROUGH,INSPECTION,ENG071,Alan Shaw,Bill Tyne,W5603011,IR,M1,2026-05-25 10:04:00,2026-05-25 20:16:00,10:12:00,10.2
SE,BRIGHTON,INSPECTION,ENG033,Julie Price,Pat Nolan,W5603012,RO,R2,2026-05-27 07:54:00,2026-05-27 10:06:00,02:12:00,2.2
SE,HORSHAM,ROUTINE,ENG031,Tracey McIntyre,Ray Ingram,W5603013,IR,E1,2026-05-22 10:36:00,2026-05-23 02:06:00,15:30:00,15.5
WM,DUDLEY,ROUTINE,ENG042,Steve Frost,Mark Reygate,W5603014,ME,R1,2026-05-24 06:44:00,2026-05-24 15:08:00,08:24:00,8.4
SE,GUILDFORD,REPAIR,ENG032,Colin James,Pat Nolan,W5603015,IR,E1,2026-05-25 11:06:00,2026-05-26 00:18:00,13:12:00,13.2
NT,NOTTINGHAM,REPAIR,ENG061,Cathy Dean,Sue Holt,W5603016,ME,M1,2026-05-23 06:13:00,2026-05-23 13:07:00,06:54:00,6.9
NT,MANSFIELD,METERING,ENG060,Barry Noon,Sue Holt,W5603017,MR,R2,2026-05-26 10:23:00,2026-05-26 23:47:00,13:24:00,13.4
NW,BLACKBURN,EMERGENCY,ENG014,Alan Sharp,Dave Clarke,W5603018,RO,R1,2026-05-26 11:09:00,2026-05-27 01:51:00,14:42:00,14.7
EA,PETERBOROUGH,ROUTINE,ENG023,Sharon King,Anne Foster,W5603019,MR,E1,2026-05-24 06:40:00,2026-05-24 15:52:00,09:12:00,9.2
NW,BLACKBURN,ROUTINE,ENG010,Paul Dawson,Gary Williams,W5603020,IR,R2,2026-05-27 08:13:00,2026-05-27 13:01:00,04:48:00,4.8
NT,LINCOLN,METERING,ENG060,Barry Noon,Sue Holt,W5603021,EM,E2,2026-05-26 06:40:00,2026-05-26 20:52:00,14:12:00,14.2
SO,SALISBURY,REPAIR,ENG050,Phil Hodgkins,Phil Russell,W5603022,IR,M2,2026-05-27 09:16:00,2026-05-28 00:04:00,14:48:00,14.8
NW,BLACKBURN,INSPECTION,ENG013,Helen Morris,Dave Clarke,W5603023,EM,E1,2026-05-21 09:55:00,2026-05-21 19:07:00,09:12:00,9.2
NT,LINCOLN,REPAIR,ENG062,Fred Archer,Sue Holt,W5603024,EM,M2,2026-05-27 10:25:00,2026-05-27 18:49:00,08:24:00,8.4
SE,CROYDON,REPAIR,ENG030,Stuart Porter,Ray Ingram,W5603025,EM,R1,2026-05-22 06:37:00,2026-05-22 22:19:00,15:42:00,15.7
WM,DUDLEY,INSPECTION,ENG041,Una Cowling,Mark Reygate,W5603026,EM,M1,2026-05-23 09:36:00,2026-05-23 14:36:00,05:00:00,5.0
NT,MANSFIELD,METERING,ENG060,Barry Noon,Sue Holt,W5603027,MR,R2,2026-05-21 11:01:00,2026-05-21 23:25:00,12:24:00,12.4
NE,GATESHEAD,EMERGENCY,ENG070,Janet Robb,Bill Tyne,W5603028,IR,M2,2026-05-21 10:28:00,2026-05-21 15:58:00,05:30:00,5.5
NT,LEICESTER,ROUTINE,ENG062,Fred Archer,Sue Holt,W5603029,IR,M1,2026-05-26 08:04:00,2026-05-26 14:52:00,06:48:00,6.8
SO,PORTSMOUTH,EMERGENCY,ENG051,Wendy Nash,Phil Russell,W5603030,ME,M2,2026-05-22 06:51:00,2026-05-22 09:15:00,02:24:00,2.4
EA,PETERBOROUGH,REPAIR,ENG023,Sharon King,Anne Foster,W5603031,EM,R1,2026-05-27 11:32:00,2026-05-28 02:20:00,14:48:00,14.8
SE,MAIDSTONE,ROUTINE,ENG032,Colin James,Pat Nolan,W5603032,EM,M1,2026-05-22 09:38:00,2026-05-22 21:50:00,12:12:00,12.2
NE,NEWCASTLE,REPAIR,ENG072,Liz Cooke,Bill Tyne,W5603033,RO,R2,2026-05-27 10:02:00,2026-05-27 12:32:00,02:30:00,2.5
SC,PAISLEY,ROUTINE,ENG005,Fiona Cameron,Gordon Shaw,W5603034,ME,M1,2026-05-23 06:36:00,2026-05-23 14:48:00,08:11:59,8.2
WM,COVENTRY,EMERGENCY,ENG042,Steve Frost,Mark Reygate,W5603035,IR,E1,2026-05-21 09:54:00,2026-05-22 01:12:00,15:18:00,15.3
NT,DERBY,INSPECTION,ENG061,Cathy Dean,Sue Holt,W5603036,IR,E2,2026-05-24 09:13:00,2026-05-24 17:49:00,08:36:00,8.6
NT,LEICESTER,METERING,ENG062,Fred Archer,Sue Holt,W5603037,RO,R1,2026-05-22 09:57:00,2026-05-22 18:33:00,08:36:00,8.6
SO,BOURNEMOUTH,ROUTINE,ENG050,Phil Hodgkins,Phil Russell,W5603038,RO,M1,2026-05-25 07:33:00,2026-05-25 20:39:00,13:06:00,13.1
NE,NEWCASTLE,METERING,ENG071,Alan Shaw,Bill Tyne,W5603039,EM,E1,2026-05-26 06:04:00,2026-05-26 11:16:00,05:12:00,5.2
NW,MANCHESTER,METERING,ENG010,Paul Dawson,Gary Williams,W5603040,IR,E1,2026-05-22 10:59:00,2026-05-23 01:35:00,14:36:00,14.6
NE,DURHAM,EMERGENCY,ENG072,Liz Cooke,Bill Tyne,W5603041,RO,R1,2026-05-26 10:42:00,2026-05-26 23:48:00,13:06:00,13.1
NE,GATESHEAD,EMERGENCY,ENG070,Janet Robb,Bill Tyne,W5603042,EM,M2,2026-05-26 07:23:00,2026-05-26 18:35:00,11:12:00,11.2
SO,BASINGSTOKE,METERING,ENG052,Chris Lamb,Phil Russell,W5603043,EM,M2,2026-05-22 11:28:00,2026-05-22 17:46:00,06:18:00,6.3
NT,LEICESTER,ROUTINE,ENG061,Cathy Dean,Sue Holt,W5603044,ME,M1,2026-05-21 06:41:00,2026-05-21 15:35:00,08:54:00,8.9
NT,LINCOLN,METERING,ENG062,Fred Archer,Sue Holt,W5603045,MR,R2,2026-05-23 08:06:00,2026-05-23 19:54:00,11:48:00,11.8
NW,STOCKPORT,ROUTINE,ENG014,Alan Sharp,Dave Clarke,W5603046,IR,R2,2026-05-25 08:03:00,2026-05-25 12:57:00,04:54:00,4.9
EA,NORWICH,ROUTINE,ENG022,Peter Wong,Mark Booker,W5603047,RO,M1,2026-05-27 08:56:00,2026-05-27 20:26:00,11:30:00,11.5
SE,CROYDON,REPAIR,ENG033,Julie Price,Pat Nolan,W5603048,ME,M1,2026-05-27 07:36:00,2026-05-27 19:36:00,12:00:00,12.0
WM,WALSALL,METERING,ENG042,Steve Frost,Mark Reygate,W5603049,ME,M2,2026-05-26 07:29:00,2026-05-26 21:17:00,13:48:00,13.8
NE,GATESHEAD,EMERGENCY,ENG070,Janet Robb,Bill Tyne,W5603050,RO,M2,2026-05-25 07:05:00,2026-05-25 22:29:00,15:24:00,15.4
WM,WALSALL,METERING,ENG043,Diane Hunt,Tom Avery,W5603051,MR,M2,2026-05-27 10:33:00,2026-05-27 14:45:00,04:12:00,4.2
EA,LUTON,METERING,ENG021,Rachel Davies,Mark Booker,W5603052,ME,E1,2026-05-27 08:07:00,2026-05-27 23:49:00,15:42:00,15.7
NT,LEICESTER,ROUTINE,ENG061,Cathy Dean,Sue Holt,W5603053,MR,M1,2026-05-24 09:55:00,2026-05-24 14:13:00,04:18:00,4.3
NE,MIDDLESBROUGH,METERING,ENG071,Alan Shaw,Bill Tyne,W5603054,ME,E2,2026-05-21 10:54:00,2026-05-21 21:42:00,10:48:00,10.8
WM,WALSALL,ROUTINE,ENG042,Steve Frost,Mark Reygate,W5603055,ME,M1,2026-05-25 09:58:00,2026-05-25 12:04:00,02:06:00,2.1
EA,BEDFORD,INSPECTION,ENG021,Rachel Davies,Mark Booker,W5603056,MR,R2,2026-05-25 08:23:00,2026-05-25 13:23:00,05:00:00,5.0
NT,NOTTINGHAM,METERING,ENG061,Cathy Dean,Sue Holt,W5603057,RO,R1,2026-05-27 11:22:00,2026-05-27 17:46:00,06:24:00,6.4
SE,EASTBOURNE,INSPECTION,ENG033,Julie Price,Pat Nolan,W5603058,ME,E2,2026-05-26 08:06:00,2026-05-26 12:36:00,04:30:00,4.5
SO,SOUTHAMPTON,METERING,ENG051,Wendy Nash,Phil Russell,W5603059,IR,E2,2026-05-24 06:52:00,2026-05-24 10:22:00,03:30:00,3.5
NE,SUNDERLAND,INSPECTION,ENG072,Liz Cooke,Bill Tyne,W5603060,RO,R1,2026-05-27 07:49:00,2026-05-27 18:37:00,10:48:00,10.8
SC,ABERDEEN,METERING,ENG005,Fiona Cameron,Gordon Shaw,W5603061,EM,R1,2026-05-27 11:41:00,2026-05-28 02:35:00,14:54:00,14.9
SE,EASTBOURNE,METERING,ENG033,Julie Price,Pat Nolan,W5603062,ME,E1,2026-05-22 10:48:00,2026-05-22 22:24:00,11:36:00,11.6
EA,CAMBRIDGE,ROUTINE,ENG022,Peter Wong,Mark Booker,W5603063,RO,R1,2026-05-23 06:35:00,2026-05-23 17:17:00,10:42:00,10.7
SE,MAIDSTONE,ROUTINE,ENG030,Stuart Porter,Ray Ingram,W5603064,ME,M2,2026-05-26 09:38:00,2026-05-26 22:08:00,12:30:00,12.5
EA,PETERBOROUGH,METERING,ENG021,Rachel Davies,Mark Booker,W5603065,ME,R1,2026-05-27 06:20:00,2026-05-27 15:56:00,09:36:00,9.6
NW,STOCKPORT,ROUTINE,ENG012,Brian Cook,Gary Williams,W5603066,RO,E2,2026-05-21 08:16:00,2026-05-21 17:40:00,09:24:00,9.4
EA,LUTON,ROUTINE,ENG021,Rachel Davies,Mark Booker,W5603067,IR,E2,2026-05-21 11:26:00,2026-05-22 01:20:00,13:54:00,13.9
SO,SOUTHAMPTON,REPAIR,ENG050,Phil Hodgkins,Phil Russell,W5603068,RO,M2,2026-05-25 06:55:00,2026-05-25 19:13:00,12:18:00,12.3
NW,BOLTON,METERING,ENG011,Karen Simmons,Gary Williams,W5603069,EM,E2,2026-05-26 08:33:00,2026-05-26 12:27:00,03:54:00,3.9
SO,SOUTHAMPTON,REPAIR,ENG051,Wendy Nash,Phil Russell,W5603070,ME,E1,2026-05-24 11:28:00,2026-05-24 17:22:00,05:54:00,5.9
EA,LUTON,INSPECTION,ENG021,Rachel Davies,Mark Booker,W5603071,MR,E2,2026-05-26 07:38:00,2026-05-26 11:14:00,03:36:00,3.6
SO,BOURNEMOUTH,EMERGENCY,ENG052,Chris Lamb,Phil Russell,W5603072,MR,E1,2026-05-27 11:55:00,2026-05-27 14:49:00,02:54:00,2.9
NT,NOTTINGHAM,INSPECTION,ENG061,Cathy Dean,Sue Holt,W5603073,ME,E1,2026-05-24 09:41:00,2026-05-24 18:23:00,08:41:59,8.7
SE,HORSHAM,ROUTINE,ENG031,Tracey McIntyre,Ray Ingram,W5603074,IR,E2,2026-05-23 07:12:00,2026-05-23 11:06:00,03:54:00,3.9
NW,BOLTON,METERING,ENG012,Brian Cook,Gary Williams,W5603075,EM,E2,2026-05-23 09:55:00,2026-05-23 19:01:00,09:06:00,9.1
NT,LEICESTER,REPAIR,ENG061,Cathy Dean,Sue Holt,W5603076,EM,E1,2026-05-27 06:43:00,2026-05-27 16:07:00,09:24:00,9.4
NW,WIGAN,REPAIR,ENG014,Alan Sharp,Dave Clarke,W5603077,ME,E2,2026-05-27 07:02:00,2026-05-27 11:08:00,04:05:59,4.1
NE,SUNDERLAND,EMERGENCY,ENG071,Alan Shaw,Bill Tyne,W5603078,EM,M1,2026-05-27 06:30:00,2026-05-27 19:30:00,13:00:00,13.0
EA,IPSWICH,ROUTINE,ENG023,Sharon King,Anne Foster,W5603079,EM,R2,2026-05-22 11:49:00,2026-05-22 14:55:00,03:06:00,3.1
SO,BASINGSTOKE,METERING,ENG052,Chris Lamb,Phil Russell,W5603080,MR,R1,2026-05-25 07:17:00,2026-05-25 11:05:00,03:48:00,3.8
SC,GLASGOW,REPAIR,ENG004,Douglas Reid,Graham Loan,W5603081,RO,E2,2026-05-23 08:14:00,2026-05-23 12:44:00,04:30:00,4.5
NT,LINCOLN,EMERGENCY,ENG060,Barry Noon,Sue Holt,W5603082,ME,R1,2026-05-27 09:58:00,2026-05-27 17:34:00,07:36:00,7.6
SO,SALISBURY,INSPECTION,ENG051,Wendy Nash,Phil Russell,W5603083,RO,R2,2026-05-27 06:35:00,2026-05-27 10:05:00,03:30:00,3.5
WM,WALSALL,ROUTINE,ENG043,Diane Hunt,Tom Avery,W5603084,MR,R1,2026-05-26 06:00:00,2026-05-26 17:18:00,11:18:00,11.3
SE,EASTBOURNE,METERING,ENG031,Tracey McIntyre,Ray Ingram,W5603085,RO,M1,2026-05-21 10:58:00,2026-05-21 22:16:00,11:18:00,11.3
WM,BIRMINGHAM,EMERGENCY,ENG040,Wayne Edwards,Mark Reygate,W5603086,ME,R2,2026-05-21 06:52:00,2026-05-21 21:16:00,14:24:00,14.4
SC,EDINBURGH,ROUTINE,ENG002,Alistair Fraser,Steven Leckie,W5603087,EM,R2,2026-05-22 06:19:00,2026-05-22 19:07:00,12:48:00,12.8
SC,ABERDEEN,REPAIR,ENG005,Fiona Cameron,Gordon Shaw,W5603088,MR,E1,2026-05-27 10:08:00,2026-05-27 21:56:00,11:48:00,11.8
SC,PERTH,EMERGENCY,ENG006,Kevin McAllister,Gordon Shaw,W5603089,EM,R1,2026-05-22 08:23:00,2026-05-22 10:47:00,02:24:00,2.4
WM,COVENTRY,REPAIR,ENG040,Wayne Edwards,Mark Reygate,W5603090,RO,E2,2026-05-26 07:50:00,2026-05-26 13:44:00,05:54:00,5.9
NW,STOCKPORT,METERING,ENG010,Paul Dawson,Gary Williams,W5603091,ME,R2,2026-05-26 06:04:00,2026-05-26 19:22:00,13:18:00,13.3
SE,EASTBOURNE,EMERGENCY,ENG031,Tracey McIntyre,Ray Ingram,W5603092,EM,M1,2026-05-25 07:12:00,2026-05-25 17:06:00,09:54:00,9.9
SO,SOUTHAMPTON,INSPECTION,ENG051,Wendy Nash,Phil Russell,W5603093,EM,M1,2026-05-25 08:26:00,2026-05-25 22:08:00,13:42:00,13.7
NW,BOLTON,EMERGENCY,ENG012,Brian Cook,Gary Williams,W5603094,IR,E1,2026-05-23 09:37:00,2026-05-23 23:55:00,14:18:00,14.3
WM,STOKE,REPAIR,ENG040,Wayne Edwards,Mark Reygate,W5603095,MR,M1,2026-05-22 08:44:00,2026-05-22 15:50:00,07:06:00,7.1
NW,STOCKPORT,METERING,ENG013,Helen Morris,Dave Clarke,W5603096,IR,M2,2026-05-21 10:46:00,2026-05-21 14:10:00,03:24:00,3.4
SE,EASTBOURNE,ROUTINE,ENG030,Stuart Porter,Ray Ingram,W5603097,ME,R2,2026-05-24 09:51:00,2026-05-24 12:15:00,02:24:00,2.4
NW,WARRINGTON,EMERGENCY,ENG012,Brian Cook,Gary Williams,W5603098,ME,E2,2026-05-21 10:30:00,2026-05-21 19:48:00,09:18:00,9.3
SO,BASINGSTOKE,METERING,ENG050,Phil Hodgkins,Phil Russell,W5603099,EM,R2,2026-05-24 06:14:00,2026-05-24 17:50:00,11:36:00,11.6
WM,WOLVERHAMPTON,ROUTINE,ENG043,Diane Hunt,Tom Avery,W5603100,ME,R2,2026-05-25 06:19:00,2026-05-25 18:13:00,11:54:00,11.9
SC,GLASGOW,ROUTINE,ENG003,Catriona Stewart,Graham Loan,W5603101,EM,E1,2026-05-22 07:36:00,2026-05-22 15:42:00,08:06:00,8.1
SC,PAISLEY,INSPECTION,ENG003,Catriona Stewart,Graham Loan,W5603102,MR,E2,2026-05-21 06:25:00,2026-05-21 21:25:00,15:00:00,15.0
NT,NOTTINGHAM,ROUTINE,ENG062,Fred Archer,Sue Holt,W5603103,RO,R1,2026-05-26 11:09:00,2026-05-26 23:09:00,12:00:00,12.0
EA,BEDFORD,REPAIR,ENG020,Mark Holloway,Mark Booker,W5603104,EM,R1,2026-05-21 09:38:00,2026-05-21 13:50:00,04:12:00,4.2
SC,ABERDEEN,METERING,ENG006,Kevin McAllister,Gordon Shaw,W5603105,EM,E1,2026-05-23 11:07:00,2026-05-24 02:37:00,15:30:00,15.5
SC,STIRLING,ROUTINE,ENG006,Kevin McAllister,Gordon Shaw,W5603106,EM,E2,2026-05-27 08:14:00,2026-05-27 13:08:00,04:54:00,4.9
NE,GATESHEAD,METERING,ENG071,Alan Shaw,Bill Tyne,W5603107,ME,M1,2026-05-24 09:16:00,2026-05-24 22:52:00,13:36:00,13.6
NT,LEICESTER,INSPECTION,ENG061,Cathy Dean,Sue Holt,W5603108,RO,M2,2026-05-23 10:08:00,2026-05-23 23:50:00,13:42:00,13.7
SO,BOURNEMOUTH,METERING,ENG051,Wendy Nash,Phil Russell,W5603109,IR,E2,2026-05-22 09:27:00,2026-05-22 19:27:00,10:00:00,10.0
SO,BOURNEMOUTH,ROUTINE,ENG051,Wendy Nash,Phil Russell,W5603110,RO,M1,2026-05-22 06:59:00,2026-05-22 09:53:00,02:54:00,2.9
WM,BIRMINGHAM,EMERGENCY,ENG041,Una Cowling,Mark Reygate,W5603111,ME,R2,2026-05-26 10:48:00,2026-05-26 13:06:00,02:18:00,2.3
SE,GUILDFORD,ROUTINE,ENG031,Tracey McIntyre,Ray Ingram,W5603112,EM,M1,2026-05-23 07:19:00,2026-05-23 12:31:00,05:12:00,5.2
SO,SALISBURY,INSPECTION,ENG051,Wendy Nash,Phil Russell,W5603113,IR,E1,2026-05-22 08:38:00,2026-05-22 13:08:00,04:30:00,4.5
WM,WOLVERHAMPTON,REPAIR,ENG042,Steve Frost,Mark Reygate,W5603114,ME,E2,2026-05-26 08:59:00,2026-05-26 11:41:00,02:42:00,2.7
NT,MANSFIELD,METERING,ENG060,Barry Noon,Sue Holt,W5603115,EM,E2,2026-05-26 08:59:00,2026-05-26 22:53:00,13:54:00,13.9
EA,IPSWICH,METERING,ENG023,Sharon King,Anne Foster,W5603116,MR,E2,2026-05-26 09:21:00,2026-05-26 19:51:00,10:30:00,10.5
EA,BEDFORD,REPAIR,ENG023,Sharon King,Anne Foster,W5603117,IR,E2,2026-05-27 07:10:00,2026-05-27 17:52:00,10:42:00,10.7
SO,BOURNEMOUTH,INSPECTION,ENG051,Wendy Nash,Phil Russell,W5603118,EM,E1,2026-05-26 06:19:00,2026-05-26 10:31:00,04:12:00,4.2
SC,PERTH,INSPECTION,ENG006,Kevin McAllister,Gordon Shaw,W5603119,ME,E2,2026-05-27 08:07:00,2026-05-27 14:55:00,06:48:00,6.8
SO,SALISBURY,INSPECTION,ENG050,Phil Hodgkins,Phil Russell,W5603120,EM,R2,2026-05-23 07:26:00,2026-05-23 15:32:00,08:06:00,8.1
WM,BIRMINGHAM,ROUTINE,ENG041,Una Cowling,Mark Reygate,W5603121,MR,E2,2026-05-21 07:14:00,2026-05-21 22:08:00,14:54:00,14.9
WM,DUDLEY,INSPECTION,ENG041,Una Cowling,Mark Reygate,W5603122,RO,R1,2026-05-23 11:42:00,2026-05-24 00:48:00,13:06:00,13.1
NW,BLACKBURN,REPAIR,ENG011,Karen Simmons,Gary Williams,W5603123,ME,R1,2026-05-27 08:51:00,2026-05-27 22:21:00,13:30:00,13.5
WM,COVENTRY,EMERGENCY,ENG040,Wayne Edwards,Mark Reygate,W5603124,RO,R1,2026-05-27 07:19:00,2026-05-27 11:31:00,04:12:00,4.2
NW,MANCHESTER,REPAIR,ENG012,Brian Cook,Gary Williams,W5603125,ME,M2,2026-05-24 08:07:00,2026-05-24 10:19:00,02:12:00,2.2
NE,NEWCASTLE,REPAIR,ENG072,Liz Cooke,Bill Tyne,W5603126,ME,M1,2026-05-25 10:39:00,2026-05-25 21:09:00,10:30:00,10.5
SC,ABERDEEN,INSPECTION,ENG005,Fiona Cameron,Gordon Shaw,W5603127,ME,M2,2026-05-27 08:34:00,2026-05-27 12:34:00,04:00:00,4.0
SC,DUNDEE,REPAIR,ENG005,Fiona Cameron,Gordon Shaw,W5603128,RO,M2,2026-05-25 10:28:00,2026-05-25 16:52:00,06:24:00,6.4
SE,EASTBOURNE,ROUTINE,ENG032,Colin James,Pat Nolan,W5603129,IR,M1,2026-05-25 11:37:00,2026-05-25 14:55:00,03:18:00,3.3
WM,DUDLEY,REPAIR,ENG041,Una Cowling,Mark Reygate,W5603130,EM,M1,2026-05-26 07:46:00,2026-05-26 20:34:00,12:48:00,12.8
SC,DUNDEE,ROUTINE,ENG001,John MacDonald,Steven Leckie,W5603131,RO,M1,2026-05-25 08:38:00,2026-05-25 22:26:00,13:48:00,13.8
WM,BIRMINGHAM,ROUTINE,ENG041,Una Cowling,Mark Reygate,W5603132,EM,M1,2026-05-24 06:35:00,2026-05-24 09:05:00,02:30:00,2.5
NE,DURHAM,REPAIR,ENG071,Alan Shaw,Bill Tyne,W5603133,EM,R1,2026-05-25 11:22:00,2026-05-26 01:40:00,14:18:00,14.3
WM,STOKE,REPAIR,ENG042,Steve Frost,Mark Reygate,W5603134,RO,R1,2026-05-24 06:26:00,2026-05-24 20:56:00,14:30:00,14.5
NW,WARRINGTON,INSPECTION,ENG011,Karen Simmons,Gary Williams,W5603135,ME,M1,2026-05-27 07:49:00,2026-05-27 12:01:00,04:12:00,4.2
NE,GATESHEAD,METERING,ENG072,Liz Cooke,Bill Tyne,W5603136,ME,E2,2026-05-22 08:58:00,2026-05-22 20:40:00,11:42:00,11.7
NT,LINCOLN,REPAIR,ENG061,Cathy Dean,Sue Holt,W5603137,ME,M1,2026-05-25 11:17:00,2026-05-25 21:29:00,10:12:00,10.2
NW,STOCKPORT,METERING,ENG012,Brian Cook,Gary Williams,W5603138,ME,E1,2026-05-24 11:24:00,2026-05-24 18:12:00,06:48:00,6.8
NT,LINCOLN,METERING,ENG060,Barry Noon,Sue Holt,W5603139,EM,E1,2026-05-21 08:08:00,2026-05-21 19:08:00,11:00:00,11.0
SO,BOURNEMOUTH,METERING,ENG050,Phil Hodgkins,Phil Russell,W5603140,IR,M2,2026-05-22 08:28:00,2026-05-22 12:22:00,03:54:00,3.9
SO,BOURNEMOUTH,EMERGENCY,ENG052,Chris Lamb,Phil Russell,W5603141,IR,M1,2026-05-25 11:48:00,2026-05-25 20:42:00,08:54:00,8.9
WM,BIRMINGHAM,REPAIR,ENG042,Steve Frost,Mark Reygate,W5603142,MR,R2,2026-05-27 11:02:00,2026-05-27 17:38:00,06:36:00,6.6
SO,SOUTHAMPTON,REPAIR,ENG050,Phil Hodgkins,Phil Russell,W5603143,MR,R1,2026-05-26 09:31:00,2026-05-26 20:07:00,10:36:00,10.6
WM,DUDLEY,EMERGENCY,ENG042,Steve Frost,Mark Reygate,W5603144,ME,M2,2026-05-26 09:00:00,2026-05-26 15:06:00,06:06:00,6.1
SE,GUILDFORD,INSPECTION,ENG030,Stuart Porter,Ray Ingram,W5603145,MR,E1,2026-05-27 07:09:00,2026-05-27 14:09:00,07:00:00,7.0
NE,GATESHEAD,EMERGENCY,ENG071,Alan Shaw,Bill Tyne,W5603146,MR,M2,2026-05-26 11:11:00,2026-05-26 20:17:00,09:06:00,9.1
NT,LINCOLN,INSPECTION,ENG060,Barry Noon,Sue Holt,W5603147,MR,M1,2026-05-21 09:45:00,2026-05-21 15:21:00,05:36:00,5.6
NE,DURHAM,REPAIR,ENG072,Liz Cooke,Bill Tyne,W5603148,RO,E1,2026-05-26 11:46:00,2026-05-26 16:10:00,04:24:00,4.4
EA,LUTON,ROUTINE,ENG023,Sharon King,Anne Foster,W5603149,IR,R1,2026-05-25 07:29:00,2026-05-25 13:53:00,06:24:00,6.4
NE,DURHAM,METERING,ENG071,Alan Shaw,Bill Tyne,W5603150,EM,R2,2026-05-26 08:14:00,2026-05-26 22:14:00,14:00:00,14.0
SE,GUILDFORD,EMERGENCY,ENG033,Julie Price,Pat Nolan,W5603151,RO,E2,2026-05-24 10:06:00,2026-05-25 01:30:00,15:24:00,15.4
NW,WARRINGTON,METERING,ENG013,Helen Morris,Dave Clarke,W5603152,ME,E1,2026-05-21 09:08:00,2026-05-21 14:08:00,05:00:00,5.0
EA,BEDFORD,METERING,ENG022,Peter Wong,Mark Booker,W5603153,IR,M2,2026-05-27 10:19:00,2026-05-27 21:01:00,10:42:00,10.7
SE,CROYDON,INSPECTION,ENG032,Colin James,Pat Nolan,W5603154,IR,E1,2026-05-27 10:22:00,2026-05-27 13:22:00,03:00:00,3.0
SE,EASTBOURNE,REPAIR,ENG031,Tracey McIntyre,Ray Ingram,W5603155,EM,R2,2026-05-23 10:10:00,2026-05-23 13:22:00,03:12:00,3.2
NW,STOCKPORT,REPAIR,ENG014,Alan Sharp,Dave Clarke,W5603156,EM,M1,2026-05-27 08:45:00,2026-05-27 12:15:00,03:30:00,3.5
SC,INVERNESS,REPAIR,ENG004,Douglas Reid,Graham Loan,W5603157,EM,R2,2026-05-27 06:14:00,2026-05-27 09:02:00,02:48:00,2.8
NE,NEWCASTLE,INSPECTION,ENG072,Liz Cooke,Bill Tyne,W5603158,IR,E2,2026-05-27 11:29:00,2026-05-27 18:35:00,07:06:00,7.1
NT,DERBY,ROUTINE,ENG062,Fred Archer,Sue Holt,W5603159,RO,M2,2026-05-26 06:25:00,2026-05-26 08:25:00,02:00:00,2.0
EA,IPSWICH,INSPECTION,ENG021,Rachel Davies,Mark Booker,W5603160,IR,E1,2026-05-23 06:29:00,2026-05-23 14:47:00,08:18:00,8.3
WM,WOLVERHAMPTON,INSPECTION,ENG040,Wayne Edwards,Mark Reygate,W5603161,MR,R1,2026-05-27 09:55:00,2026-05-27 15:43:00,05:48:00,5.8
SC,EDINBURGH,REPAIR,ENG003,Catriona Stewart,Graham Loan,W5603162,EM,M1,2026-05-22 08:40:00,2026-05-23 00:34:00,15:54:00,15.9
NT,MANSFIELD,EMERGENCY,ENG061,Cathy Dean,Sue Holt,W5603163,RO,M1,2026-05-21 11:12:00,2026-05-22 02:12:00,15:00:00,15.0
SC,PERTH,ROUTINE,ENG002,Alistair Fraser,Steven Leckie,W5603164,IR,M1,2026-05-27 10:26:00,2026-05-27 23:26:00,13:00:00,13.0
SO,BOURNEMOUTH,METERING,ENG050,Phil Hodgkins,Phil Russell,W5603165,RO,M2,2026-05-22 08:09:00,2026-05-22 21:03:00,12:54:00,12.9
SE,BRIGHTON,ROUTINE,ENG030,Stuart Porter,Ray Ingram,W5603166,ME,M2,2026-05-25 10:36:00,2026-05-26 00:06:00,13:30:00,13.5
SO,PORTSMOUTH,EMERGENCY,ENG051,Wendy Nash,Phil Russell,W5603167,MR,R1,2026-05-24 06:25:00,2026-05-24 13:31:00,07:06:00,7.1
SC,GLASGOW,ROUTINE,ENG002,Alistair Fraser,Steven Leckie,W5603168,EM,E1,2026-05-25 06:46:00,2026-05-25 16:40:00,09:54:00,9.9
NE,DURHAM,EMERGENCY,ENG072,Liz Cooke,Bill Tyne,W5603169,EM,M1,2026-05-25 07:50:00,2026-05-25 11:44:00,03:54:00,3.9
NW,BLACKBURN,INSPECTION,ENG014,Alan Sharp,Dave Clarke,W5603170,ME,R2,2026-05-21 11:14:00,2026-05-22 01:20:00,14:06:00,14.1
SE,GUILDFORD,EMERGENCY,ENG030,Stuart Porter,Ray Ingram,W5603171,ME,R1,2026-05-27 09:27:00,2026-05-27 22:03:00,12:36:00,12.6
NW,BLACKBURN,METERING,ENG014,Alan Sharp,Dave Clarke,W5603172,ME,R2,2026-05-22 08:28:00,2026-05-22 22:04:00,13:36:00,13.6
EA,NORWICH,ROUTINE,ENG020,Mark Holloway,Mark Booker,W5603173,MR,E2,2026-05-23 07:32:00,2026-05-23 16:38:00,09:06:00,9.1
NT,MANSFIELD,INSPECTION,ENG062,Fred Archer,Sue Holt,W5603174,MR,E1,2026-05-22 06:21:00,2026-05-22 18:03:00,11:42:00,11.7
SC,INVERNESS,METERING,ENG005,Fiona Cameron,Gordon Shaw,W5603175,EM,R2,2026-05-21 08:25:00,2026-05-21 17:01:00,08:36:00,8.6
SC,PAISLEY,EMERGENCY,ENG003,Catriona Stewart,Graham Loan,W5603176,RO,E2,2026-05-21 06:23:00,2026-05-21 13:05:00,06:42:00,6.7
SE,CROYDON,INSPECTION,ENG030,Stuart Porter,Ray Ingram,W5603177,IR,E2,2026-05-23 11:36:00,2026-05-23 23:54:00,12:18:00,12.3
SE,CROYDON,EMERGENCY,ENG033,Julie Price,Pat Nolan,W5603178,EM,R2,2026-05-27 07:06:00,2026-05-27 19:06:00,12:00:00,12.0
SO,BOURNEMOUTH,REPAIR,ENG050,Phil Hodgkins,Phil Russell,W5603179,MR,R1,2026-05-26 07:41:00,2026-05-26 18:11:00,10:30:00,10.5
EA,NORWICH,METERING,ENG023,Sharon King,Anne Foster,W5603180,EM,R1,2026-05-27 07:45:00,2026-05-27 09:45:00,02:00:00,2.0
SC,GLASGOW,INSPECTION,ENG001,John MacDonald,Steven Leckie,W5603181,IR,E2,2026-05-27 09:50:00,2026-05-27 18:50:00,09:00:00,9.0
SO,PORTSMOUTH,ROUTINE,ENG051,Wendy Nash,Phil Russell,W5603182,ME,E1,2026-05-24 11:52:00,2026-05-24 20:52:00,09:00:00,9.0
WM,COVENTRY,INSPECTION,ENG042,Steve Frost,Mark Reygate,W5603183,MR,R2,2026-05-26 09:23:00,2026-05-26 19:59:00,10:36:00,10.6
SC,INVERNESS,EMERGENCY,ENG001,John MacDonald,Steven Leckie,W5603184,RO,E2,2026-05-23 08:47:00,2026-05-23 11:59:00,03:12:00,3.2
SE,BRIGHTON,EMERGENCY,ENG033,Julie Price,Pat Nolan,W5603185,IR,R1,2026-05-26 09:07:00,2026-05-26 17:31:00,08:24:00,8.4
NE,MIDDLESBROUGH,METERING,ENG071,Alan Shaw,Bill Tyne,W5603186,EM,E2,2026-05-27 07:42:00,2026-05-27 13:06:00,05:24:00,5.4
EA,NORWICH,INSPECTION,ENG022,Peter Wong,Mark Booker,W5603187,RO,E1,2026-05-23 10:49:00,2026-05-23 17:13:00,06:24:00,6.4
SC,ABERDEEN,INSPECTION,ENG001,John MacDonald,Steven Leckie,W5603188,RO,M2,2026-05-22 09:47:00,2026-05-22 22:47:00,13:00:00,13.0
NW,WIGAN,REPAIR,ENG011,Karen Simmons,Gary Williams,W5603189,IR,M2,2026-05-27 10:40:00,2026-05-27 18:10:00,07:30:00,7.5
SO,BASINGSTOKE,INSPECTION,ENG051,Wendy Nash,Phil Russell,W5603190,IR,E1,2026-05-24 09:11:00,2026-05-24 16:59:00,07:48:00,7.8
WM,COVENTRY,METERING,ENG042,Steve Frost,Mark Reygate,W5603191,IR,E1,2026-05-25 10:26:00,2026-05-26 02:26:00,16:00:00,16.0
NT,DERBY,INSPECTION,ENG060,Barry Noon,Sue Holt,W5603192,EM,M1,2026-05-22 11:10:00,2026-05-22 21:22:00,10:12:00,10.2
NW,STOCKPORT,EMERGENCY,ENG010,Paul Dawson,Gary Williams,W5603193,IR,E1,2026-05-27 09:26:00,2026-05-27 22:14:00,12:48:00,12.8
NT,LEICESTER,REPAIR,ENG061,Cathy Dean,Sue Holt,W5603194,EM,E1,2026-05-24 06:31:00,2026-05-24 21:55:00,15:24:00,15.4
NT,NOTTINGHAM,ROUTINE,ENG061,Cathy Dean,Sue Holt,W5603195,EM,M1,2026-05-25 07:50:00,2026-05-25 10:14:00,02:24:00,2.4
SC,PAISLEY,EMERGENCY,ENG001,John MacDonald,Steven Leckie,W5603196,RO,M2,2026-05-24 10:31:00,2026-05-24 20:31:00,10:00:00,10.0
EA,CAMBRIDGE,METERING,ENG023,Sharon King,Anne Foster,W5603197,RO,R1,2026-05-24 07:46:00,2026-05-24 23:46:00,16:00:00,16.0
NE,MIDDLESBROUGH,ROUTINE,ENG071,Alan Shaw,Bill Tyne,W5603198,ME,M1,2026-05-26 07:05:00,2026-05-26 09:59:00,02:54:00,2.9
SC,INVERNESS,INSPECTION,ENG005,Fiona Cameron,Gordon Shaw,W5603199,EM,E2,2026-05-24 07:34:00,2026-05-24 15:10:00,07:36:00,7.6
SE,GUILDFORD,EMERGENCY,ENG030,Stuart Porter,Ray Ingram,W5603200,ME,E2,2026-05-23 10:17:00,2026-05-23 19:17:00,09:00:00,9.0
EA,IPSWICH,ROUTINE,ENG020,Mark Holloway,Mark Booker,W5603201,MR,M2,2026-05-21 09:08:00,2026-05-21 12:50:00,03:42:00,3.7
EA,LUTON,METERING,ENG020,Mark Holloway,Mark Booker,W5603202,IR,R2,2026-05-21 07:05:00,2026-05-21 12:05:00,05:00:00,5.0
SO,SALISBURY,ROUTINE,ENG052,Chris Lamb,Phil Russell,W5603203,RO,R1,2026-05-24 08:38:00,2026-05-24 12:56:00,04:18:00,4.3
SC,STIRLING,ROUTINE,ENG006,Kevin McAllister,Gordon Shaw,W5603204,MR,M2,2026-05-23 09:59:00,2026-05-23 14:17:00,04:18:00,4.3
SE,EASTBOURNE,METERING,ENG032,Colin James,Pat Nolan,W5603205,MR,M1,2026-05-26 09:33:00,2026-05-26 21:39:00,12:06:00,12.1
SC,EDINBURGH,INSPECTION,ENG002,Alistair Fraser,Steven Leckie,W5603206,RO,E1,2026-05-22 11:22:00,2026-05-22 22:28:00,11:06:00,11.1
SO,SALISBURY,REPAIR,ENG052,Chris Lamb,Phil Russell,W5603207,IR,M2,2026-05-24 09:48:00,2026-05-25 00:00:00,14:12:00,14.2
NE,GATESHEAD,EMERGENCY,ENG070,Janet Robb,Bill Tyne,W5603208,RO,E2,2026-05-25 08:35:00,2026-05-25 18:05:00,09:30:00,9.5
NE,DURHAM,METERING,ENG071,Alan Shaw,Bill Tyne,W5603209,IR,R1,2026-05-21 07:12:00,2026-05-21 09:54:00,02:42:00,2.7
WM,STOKE,METERING,ENG042,Steve Frost,Mark Reygate,W5603210,IR,E2,2026-05-27 11:47:00,2026-05-28 01:47:00,14:00:00,14.0
NE,NEWCASTLE,METERING,ENG072,Liz Cooke,Bill Tyne,W5603211,RO,R2,2026-05-24 06:19:00,2026-05-24 15:19:00,09:00:00,9.0
SC,EDINBURGH,REPAIR,ENG002,Alistair Fraser,Steven Leckie,W5603212,EM,R2,2026-05-26 06:48:00,2026-05-26 20:00:00,13:12:00,13.2
NW,LIVERPOOL,EMERGENCY,ENG010,Paul Dawson,Gary Williams,W5603213,IR,M1,2026-05-27 07:59:00,2026-05-27 21:47:00,13:48:00,13.8
NE,MIDDLESBROUGH,EMERGENCY,ENG072,Liz Cooke,Bill Tyne,W5603214,RO,R1,2026-05-22 08:54:00,2026-05-22 17:36:00,08:41:59,8.7
EA,LUTON,METERING,ENG022,Peter Wong,Mark Booker,W5603215,ME,E2,2026-05-25 07:33:00,2026-05-25 16:45:00,09:12:00,9.2
NW,WIGAN,INSPECTION,ENG011,Karen Simmons,Gary Williams,W5603216,RO,R2,2026-05-22 11:22:00,2026-05-22 14:34:00,03:12:00,3.2
WM,DUDLEY,INSPECTION,ENG040,Wayne Edwards,Mark Reygate,W5603217,MR,E2,2026-05-27 10:42:00,2026-05-27 17:48:00,07:06:00,7.1
WM,WOLVERHAMPTON,INSPECTION,ENG041,Una Cowling,Mark Reygate,W5603218,EM,R1,2026-05-23 06:58:00,2026-05-23 15:58:00,09:00:00,9.0
SO,SALISBURY,METERING,ENG052,Chris Lamb,Phil Russell,W5603219,ME,M1,2026-05-23 08:33:00,2026-05-23 18:03:00,09:30:00,9.5
NE,MIDDLESBROUGH,REPAIR,ENG072,Liz Cooke,Bill Tyne,W5603220,MR,E1,2026-05-21 08:12:00,2026-05-21 12:48:00,04:36:00,4.6
NW,BLACKBURN,REPAIR,ENG010,Paul Dawson,Gary Williams,W5603221,MR,R2,2026-05-25 10:23:00,2026-05-25 21:05:00,10:42:00,10.7
SC,STIRLING,REPAIR,ENG001,John MacDonald,Steven Leckie,W5603222,ME,E2,2026-05-23 10:56:00,2026-05-23 20:44:00,09:48:00,9.8
SO,SALISBURY,ROUTINE,ENG050,Phil Hodgkins,Phil Russell,W5603223,MR,M2,2026-05-27 06:07:00,2026-05-27 13:43:00,07:36:00,7.6
NE,DURHAM,METERING,ENG071,Alan Shaw,Bill Tyne,W5603224,RO,E1,2026-05-22 08:23:00,2026-05-22 16:59:00,08:36:00,8.6
SC,GLASGOW,REPAIR,ENG006,Kevin McAllister,Gordon Shaw,W5603225,RO,M1,2026-05-27 11:45:00,2026-05-27 23:09:00,11:24:00,11.4
NT,MANSFIELD,REPAIR,ENG060,Barry Noon,Sue Holt,W5603226,IR,E1,2026-05-23 08:05:00,2026-05-23 19:53:00,11:48:00,11.8
SO,BOURNEMOUTH,EMERGENCY,ENG050,Phil Hodgkins,Phil Russell,W5603227,MR,R1,2026-05-23 07:43:00,2026-05-23 18:31:00,10:48:00,10.8
SC,STIRLING,EMERGENCY,ENG004,Douglas Reid,Graham Loan,W5603228,IR,M1,2026-05-27 08:30:00,2026-05-27 18:18:00,09:48:00,9.8
SO,SOUTHAMPTON,REPAIR,ENG050,Phil Hodgkins,Phil Russell,W5603229,RO,R1,2026-05-24 09:08:00,2026-05-24 11:44:00,02:36:00,2.6
SO,BOURNEMOUTH,ROUTINE,ENG050,Phil Hodgkins,Phil Russell,W5603230,EM,M1,2026-05-25 09:05:00,2026-05-25 17:35:00,08:30:00,8.5
SE,CROYDON,INSPECTION,ENG033,Julie Price,Pat Nolan,W5603231,EM,R2,2026-05-25 10:52:00,2026-05-25 12:58:00,02:06:00,2.1
SE,MAIDSTONE,REPAIR,ENG030,Stuart Porter,Ray Ingram,W5603232,MR,R1,2026-05-26 06:16:00,2026-05-26 15:52:00,09:36:00,9.6
SO,SALISBURY,REPAIR,ENG052,Chris Lamb,Phil Russell,W5603233,IR,M2,2026-05-22 08:30:00,2026-05-22 11:06:00,02:36:00,2.6
SC,ABERDEEN,METERING,ENG005,Fiona Cameron,Gordon Shaw,W5603234,IR,M1,2026-05-21 07:15:00,2026-05-21 16:33:00,09:18:00,9.3
SE,BRIGHTON,METERING,ENG032,Colin James,Pat Nolan,W5603235,MR,M2,2026-05-27 09:29:00,2026-05-27 19:23:00,09:54:00,9.9
SC,ABERDEEN,METERING,ENG006,Kevin McAllister,Gordon Shaw,W5603236,RO,M1,2026-05-22 08:44:00,2026-05-22 21:44:00,13:00:00,13.0
EA,IPSWICH,ROUTINE,ENG022,Peter Wong,Mark Booker,W5603237,RO,M2,2026-05-26 08:31:00,2026-05-26 23:01:00,14:30:00,14.5
NE,NEWCASTLE,EMERGENCY,ENG071,Alan Shaw,Bill Tyne,W5603238,MR,R2,2026-05-25 07:28:00,2026-05-25 19:58:00,12:30:00,12.5
WM,WALSALL,ROUTINE,ENG042,Steve Frost,Mark Reygate,W5603239,RO,R1,2026-05-23 08:43:00,2026-05-23 18:25:00,09:42:00,9.7
NE,NEWCASTLE,EMERGENCY,ENG071,Alan Shaw,Bill Tyne,W5603240,IR,E2,2026-05-26 11:37:00,2026-05-27 00:07:00,12:30:00,12.5
SO,BOURNEMOUTH,METERING,ENG050,Phil Hodgkins,Phil Russell,W5603241,RO,M2,2026-05-26 06:00:00,2026-05-26 12:18:00,06:18:00,6.3
WM,DUDLEY,EMERGENCY,ENG042,Steve Frost,Mark Reygate,W5603242,ME,E1,2026-05-22 08:18:00,2026-05-22 21:42:00,13:24:00,13.4
EA,BEDFORD,EMERGENCY,ENG022,Peter Wong,Mark Booker,W5603243,MR,M1,2026-05-22 10:41:00,2026-05-23 01:41:00,15:00:00,15.0
NW,LIVERPOOL,EMERGENCY,ENG011,Karen Simmons,Gary Williams,W5603244,IR,R1,2026-05-27 09:03:00,2026-05-27 18:57:00,09:54:00,9.9
SC,GLASGOW,INSPECTION,ENG006,Kevin McAllister,Gordon Shaw,W5603245,MR,M2,2026-05-23 08:24:00,2026-05-23 23:42:00,15:18:00,15.3
SE,EASTBOURNE,ROUTINE,ENG030,Stuart Porter,Ray Ingram,W5603246,ME,R1,2026-05-24 10:06:00,2026-05-24 18:12:00,08:06:00,8.1
EA,NORWICH,METERING,ENG020,Mark Holloway,Mark Booker,W5603247,EM,E1,2026-05-22 09:37:00,2026-05-22 21:25:00,11:48:00,11.8
SE,HORSHAM,EMERGENCY,ENG032,Colin James,Pat Nolan,W5603248,MR,M2,2026-05-22 07:30:00,2026-05-22 20:30:00,13:00:00,13.0
SC,PAISLEY,INSPECTION,ENG001,John MacDonald,Steven Leckie,W5603249,EM,M2,2026-05-25 09:19:00,2026-05-25 18:31:00,09:12:00,9.2
SC,PERTH,REPAIR,ENG002,Alistair Fraser,Steven Leckie,W5603250,IR,R2,2026-05-21 08:55:00,2026-05-22 00:19:00,15:24:00,15.4
WM,DUDLEY,ROUTINE,ENG043,Diane Hunt,Tom Avery,W5603251,ME,R2,2026-05-25 10:39:00,2026-05-25 17:27:00,06:48:00,6.8
SO,BASINGSTOKE,INSPECTION,ENG051,Wendy Nash,Phil Russell,W5603252,ME,R1,2026-05-26 07:29:00,2026-05-26 14:17:00,06:48:00,6.8
WM,BIRMINGHAM,ROUTINE,ENG043,Diane Hunt,Tom Avery,W5603253,MR,E1,2026-05-22 06:19:00,2026-05-22 16:37:00,10:18:00,10.3
NW,MANCHESTER,METERING,ENG014,Alan Sharp,Dave Clarke,W5603254,MR,R2,2026-05-23 11:05:00,2026-05-23 20:35:00,09:30:00,9.5
NT,LINCOLN,REPAIR,ENG062,Fred Archer,Sue Holt,W5603255,RO,M1,2026-05-21 06:18:00,2026-05-21 20:48:00,14:30:00,14.5
SO,PORTSMOUTH,INSPECTION,ENG052,Chris Lamb,Phil Russell,W5603256,ME,R2,2026-05-24 11:58:00,2026-05-24 19:28:00,07:30:00,7.5
SE,CROYDON,METERING,ENG033,Julie Price,Pat Nolan,W5603257,MR,R2,2026-05-23 06:33:00,2026-05-23 10:15:00,03:42:00,3.7
SO,BASINGSTOKE,EMERGENCY,ENG050,Phil Hodgkins,Phil Russell,W5603258,RO,R2,2026-05-22 07:09:00,2026-05-22 12:39:00,05:30:00,5.5
EA,IPSWICH,EMERGENCY,ENG021,Rachel Davies,Mark Booker,W5603259,IR,M1,2026-05-26 10:24:00,2026-05-26 16:36:00,06:12:00,6.2
WM,WOLVERHAMPTON,ROUTINE,ENG040,Wayne Edwards,Mark Reygate,W5603260,MR,R2,2026-05-24 06:17:00,2026-05-24 09:59:00,03:42:00,3.7
WM,WOLVERHAMPTON,ROUTINE,ENG040,Wayne Edwards,Mark Reygate,W5603261,RO,M2,2026-05-24 07:38:00,2026-05-24 10:26:00,02:48:00,2.8
SC,DUNDEE,METERING,ENG001,John MacDonald,Steven Leckie,W5603262,EM,M2,2026-05-22 10:09:00,2026-05-23 01:27:00,15:18:00,15.3
NT,LEICESTER,REPAIR,ENG061,Cathy Dean,Sue Holt,W5603263,ME,M1,2026-05-25 11:06:00,2026-05-25 21:42:00,10:36:00,10.6
NT,LINCOLN,ROUTINE,ENG061,Cathy Dean,Sue Holt,W5603264,EM,E2,2026-05-25 08:36:00,2026-05-25 23:54:00,15:18:00,15.3
NE,GATESHEAD,METERING,ENG071,Alan Shaw,Bill Tyne,W5603265,ME,R2,2026-05-23 06:12:00,2026-05-23 14:06:00,07:54:00,7.9
EA,BEDFORD,EMERGENCY,ENG022,Peter Wong,Mark Booker,W5603266,IR,M1,2026-05-25 10:49:00,2026-05-26 01:55:00,15:06:00,15.1
WM,STOKE,EMERGENCY,ENG041,Una Cowling,Mark Reygate,W5603267,MR,M2,2026-05-26 10:14:00,2026-05-26 17:50:00,07:36:00,7.6
EA,NORWICH,ROUTINE,ENG023,Sharon King,Anne Foster,W5603268,MR,M2,2026-05-26 10:40:00,2026-05-26 14:22:00,03:42:00,3.7
SC,ABERDEEN,INSPECTION,ENG001,John MacDonald,Steven Leckie,W5603269,MR,E1,2026-05-27 07:01:00,2026-05-27 16:07:00,09:06:00,9.1
WM,DUDLEY,EMERGENCY,ENG041,Una Cowling,Mark Reygate,W5603270,IR,M2,2026-05-26 09:21:00,2026-05-26 19:33:00,10:12:00,10.2
NW,WARRINGTON,ROUTINE,ENG014,Alan Sharp,Dave Clarke,W5603271,MR,R1,2026-05-26 10:34:00,2026-05-26 13:04:00,02:30:00,2.5
SO,SOUTHAMPTON,REPAIR,ENG052,Chris Lamb,Phil Russell,W5603272,MR,R1,2026-05-22 08:16:00,2026-05-22 13:40:00,05:24:00,5.4
NE,NEWCASTLE,METERING,ENG070,Janet Robb,Bill Tyne,W5603273,EM,M1,2026-05-22 07:11:00,2026-05-22 16:17:00,09:06:00,9.1
NE,MIDDLESBROUGH,ROUTINE,ENG072,Liz Cooke,Bill Tyne,W5603274,ME,M2,2026-05-25 09:03:00,2026-05-25 20:57:00,11:54:00,11.9
NT,MANSFIELD,METERING,ENG062,Fred Archer,Sue Holt,W5603275,RO,R2,2026-05-26 09:18:00,2026-05-26 23:48:00,14:30:00,14.5
SC,INVERNESS,REPAIR,ENG002,Alistair Fraser,Steven Leckie,W5603276,IR,M2,2026-05-25 08:03:00,2026-05-25 13:21:00,05:18:00,5.3
EA,IPSWICH,INSPECTION,ENG022,Peter Wong,Mark Booker,W5603277,IR,R1,2026-05-24 07:35:00,2026-05-24 11:59:00,04:24:00,4.4
NE,NEWCASTLE,INSPECTION,ENG072,Liz Cooke,Bill Tyne,W5603278,EM,E1,2026-05-27 07:57:00,2026-05-27 11:21:00,03:24:00,3.4
SC,DUNDEE,REPAIR,ENG002,Alistair Fraser,Steven Leckie,W5603279,RO,R2,2026-05-21 09:34:00,2026-05-21 14:16:00,04:42:00,4.7
NW,WARRINGTON,REPAIR,ENG013,Helen Morris,Dave Clarke,W5603280,RO,R1,2026-05-25 08:55:00,2026-05-25 14:25:00,05:30:00,5.5
NT,MANSFIELD,INSPECTION,ENG062,Fred Archer,Sue Holt,W5603281,RO,E2,2026-05-24 06:43:00,2026-05-24 17:31:00,10:48:00,10.8
NE,NEWCASTLE,METERING,ENG071,Alan Shaw,Bill Tyne,W5603282,ME,E2,2026-05-23 10:35:00,2026-05-23 16:23:00,05:48:00,5.8
NW,BOLTON,REPAIR,ENG012,Brian Cook,Gary Williams,W5603283,IR,M2,2026-05-26 08:06:00,2026-05-26 15:06:00,07:00:00,7.0
SE,BRIGHTON,ROUTINE,ENG031,Tracey McIntyre,Ray Ingram,W5603284,MR,M1,2026-05-21 06:15:00,2026-05-21 13:27:00,07:12:00,7.2
SC,STIRLING,REPAIR,ENG005,Fiona Cameron,Gordon Shaw,W5603285,IR,E1,2026-05-26 06:20:00,2026-05-26 10:20:00,04:00:00,4.0
SE,HORSHAM,EMERGENCY,ENG031,Tracey McIntyre,Ray Ingram,W5603286,ME,M2,2026-05-24 10:43:00,2026-05-24 14:43:00,04:00:00,4.0
SC,EDINBURGH,EMERGENCY,ENG002,Alistair Fraser,Steven Leckie,W5603287,RO,M2,2026-05-26 09:48:00,2026-05-27 00:54:00,15:06:00,15.1
SC,PAISLEY,EMERGENCY,ENG002,Alistair Fraser,Steven Leckie,W5603288,ME,M2,2026-05-24 09:00:00,2026-05-24 20:54:00,11:54:00,11.9
NW,BLACKBURN,ROUTINE,ENG013,Helen Morris,Dave Clarke,W5603289,ME,E1,2026-05-26 07:48:00,2026-05-26 23:42:00,15:54:00,15.9
NW,WIGAN,EMERGENCY,ENG014,Alan Sharp,Dave Clarke,W5603290,MR,R2,2026-05-27 10:34:00,2026-05-27 22:52:00,12:18:00,12.3
NE,NEWCASTLE,INSPECTION,ENG070,Janet Robb,Bill Tyne,W5603291,MR,M1,2026-05-26 09:26:00,2026-05-26 20:02:00,10:36:00,10.6
NW,LIVERPOOL,REPAIR,ENG011,Karen Simmons,Gary Williams,W5603292,RO,M2,2026-05-21 09:47:00,2026-05-21 16:29:00,06:42:00,6.7
SO,SALISBURY,REPAIR,ENG051,Wendy Nash,Phil Russell,W5603293,MR,R1,2026-05-22 08:14:00,2026-05-22 19:14:00,11:00:00,11.0
SC,STIRLING,REPAIR,ENG006,Kevin McAllister,Gordon Shaw,W5603294,IR,R2,2026-05-26 09:02:00,2026-05-26 16:08:00,07:06:00,7.1
SE,GUILDFORD,EMERGENCY,ENG033,Julie Price,Pat Nolan,W5603295,MR,M1,2026-05-25 11:44:00,2026-05-25 22:32:00,10:48:00,10.8
NW,LIVERPOOL,METERING,ENG012,Brian Cook,Gary Williams,W5603296,IR,M2,2026-05-24 06:22:00,2026-05-24 20:04:00,13:42:00,13.7
NW,MANCHESTER,ROUTINE,ENG010,Paul Dawson,Gary Williams,W5603297,RO,M2,2026-05-23 06:01:00,2026-05-23 09:37:00,03:36:00,3.6
SE,CROYDON,REPAIR,ENG031,Tracey McIntyre,Ray Ingram,W5603298,MR,R1,2026-05-21 10:01:00,2026-05-21 13:55:00,03:54:00,3.9
SO,BASINGSTOKE,INSPECTION,ENG052,Chris Lamb,Phil Russell,W5603299,MR,M1,2026-05-24 11:46:00,2026-05-24 13:58:00,02:12:00,2.2
SO,SALISBURY,INSPECTION,ENG050,Phil Hodgkins,Phil Russell,W5603300,MR,E1,2026-05-21 09:23:00,2026-05-21 22:29:00,13:06:00,13.1
NW,STOCKPORT,EMERGENCY,ENG010,Paul Dawson,Gary Williams,W5603301,EM,E1,2026-05-27 09:40:00,2026-05-27 19:40:00,10:00:00,10.0
SO,SOUTHAMPTON,ROUTINE,ENG050,Phil Hodgkins,Phil Russell,W5603302,MR,E1,2026-05-25 08:31:00,2026-05-25 11:01:00,02:30:00,2.5
NE,DURHAM,EMERGENCY,ENG070,Janet Robb,Bill Tyne,W5603303,ME,R2,2026-05-23 11:42:00,2026-05-24 00:54:00,13:12:00,13.2
WM,WALSALL,EMERGENCY,ENG041,Una Cowling,Mark Reygate,W5603304,MR,E1,2026-05-26 06:31:00,2026-05-26 18:55:00,12:24:00,12.4
NT,LINCOLN,REPAIR,ENG060,Barry Noon,Sue Holt,W5603305,ME,E2,2026-05-25 10:14:00,2026-05-25 19:20:00,09:06:00,9.1
NE,SUNDERLAND,INSPECTION,ENG072,Liz Cooke,Bill Tyne,W5603306,IR,R1,2026-05-22 06:38:00,2026-05-22 17:32:00,10:54:00,10.9
SC,PERTH,METERING,ENG005,Fiona Cameron,Gordon Shaw,W5603307,IR,R2,2026-05-22 06:05:00,2026-05-22 21:35:00,15:30:00,15.5
SC,PERTH,METERING,ENG003,Catriona Stewart,Graham Loan,W5603308,IR,M1,2026-05-21 11:33:00,2026-05-21 16:51:00,05:18:00,5.3
NT,MANSFIELD,EMERGENCY,ENG060,Barry Noon,Sue Holt,W5603309,IR,R2,2026-05-25 09:37:00,2026-05-25 21:01:00,11:24:00,11.4
NT,NOTTINGHAM,ROUTINE,ENG060,Barry Noon,Sue Holt,W5603310,MR,E2,2026-05-26 07:04:00,2026-05-26 18:46:00,11:42:00,11.7
SC,GLASGOW,EMERGENCY,ENG001,John MacDonald,Steven Leckie,W5603311,MR,R2,2026-05-24 10:36:00,2026-05-24 16:30:00,05:54:00,5.9
NW,MANCHESTER,EMERGENCY,ENG013,Helen Morris,Dave Clarke,W5603312,MR,M1,2026-05-22 11:17:00,2026-05-22 16:47:00,05:30:00,5.5
SE,MAIDSTONE,REPAIR,ENG030,Stuart Porter,Ray Ingram,W5603313,EM,R2,2026-05-23 11:29:00,2026-05-23 13:47:00,02:18:00,2.3
SO,BOURNEMOUTH,ROUTINE,ENG050,Phil Hodgkins,Phil Russell,W5603314,IR,M1,2026-05-25 06:36:00,2026-05-25 18:24:00,11:48:00,11.8
SO,SALISBURY,ROUTINE,ENG052,Chris Lamb,Phil Russell,W5603315,MR,R2,2026-05-27 11:58:00,2026-05-28 00:16:00,12:18:00,12.3
NT,DERBY,INSPECTION,ENG061,Cathy Dean,Sue Holt,W5603316,MR,R1,2026-05-27 08:04:00,2026-05-27 22:16:00,14:12:00,14.2
WM,BIRMINGHAM,EMERGENCY,ENG043,Diane Hunt,Tom Avery,W5603317,MR,M1,2026-05-26 11:40:00,2026-05-26 18:22:00,06:42:00,6.7
SE,MAIDSTONE,REPAIR,ENG032,Colin James,Pat Nolan,W5603318,EM,R1,2026-05-23 07:20:00,2026-05-23 20:08:00,12:48:00,12.8
NE,GATESHEAD,ROUTINE,ENG070,Janet Robb,Bill Tyne,W5603319,EM,M1,2026-05-22 06:16:00,2026-05-22 14:22:00,08:06:00,8.1
SE,BRIGHTON,EMERGENCY,ENG030,Stuart Porter,Ray Ingram,W5603320,IR,E1,2026-05-25 07:28:00,2026-05-25 12:40:00,05:12:00,5.2
NT,NOTTINGHAM,ROUTINE,ENG060,Barry Noon,Sue Holt,W5603321,MR,E1,2026-05-24 06:54:00,2026-05-24 13:54:00,07:00:00,7.0
SO,PORTSMOUTH,INSPECTION,ENG050,Phil Hodgkins,Phil Russell,W5603322,IR,R2,2026-05-22 09:05:00,2026-05-22 18:59:00,09:54:00,9.9
EA,PETERBOROUGH,REPAIR,ENG023,Sharon King,Anne Foster,W5603323,RO,R2,2026-05-23 08:54:00,2026-05-23 11:54:00,03:00:00,3.0
NT,MANSFIELD,ROUTINE,ENG061,Cathy Dean,Sue Holt,W5603324,ME,E2,2026-05-27 08:20:00,2026-05-27 12:56:00,04:36:00,4.6
SC,EDINBURGH,INSPECTION,ENG002,Alistair Fraser,Steven Leckie,W5603325,MR,E1,2026-05-21 10:05:00,2026-05-21 20:41:00,10:36:00,10.6
NW,MANCHESTER,INSPECTION,ENG011,Karen Simmons,Gary Williams,W5603326,ME,R1,2026-05-26 07:52:00,2026-05-26 12:10:00,04:18:00,4.3
SE,BRIGHTON,ROUTINE,ENG030,Stuart Porter,Ray Ingram,W5603327,IR,M2,2026-05-24 07:46:00,2026-05-24 17:40:00,09:54:00,9.9
EA,BEDFORD,EMERGENCY,ENG021,Rachel Davies,Mark Booker,W5603328,ME,M1,2026-05-25 10:15:00,2026-05-26 00:33:00,14:18:00,14.3
NE,MIDDLESBROUGH,REPAIR,ENG072,Liz Cooke,Bill Tyne,W5603329,MR,E2,2026-05-25 07:24:00,2026-05-25 20:12:00,12:48:00,12.8
NW,BOLTON,REPAIR,ENG010,Paul Dawson,Gary Williams,W5603330,IR,E1,2026-05-22 10:19:00,2026-05-22 20:49:00,10:30:00,10.5
EA,NORWICH,INSPECTION,ENG020,Mark Holloway,Mark Booker,W5603331,IR,E1,2026-05-21 06:50:00,2026-05-21 19:20:00,12:30:00,12.5
SO,BASINGSTOKE,EMERGENCY,ENG051,Wendy Nash,Phil Russell,W5603332,EM,E2,2026-05-25 09:02:00,2026-05-25 15:02:00,06:00:00,6.0
WM,STOKE,REPAIR,ENG040,Wayne Edwards,Mark Reygate,W5603333,MR,R2,2026-05-21 11:58:00,2026-05-21 18:10:00,06:12:00,6.2
SO,PORTSMOUTH,REPAIR,ENG051,Wendy Nash,Phil Russell,W5603334,IR,E2,2026-05-26 09:12:00,2026-05-26 19:48:00,10:36:00,10.6
NE,GATESHEAD,REPAIR,ENG072,Liz Cooke,Bill Tyne,W5603335,ME,M1,2026-05-26 07:30:00,2026-05-26 15:06:00,07:36:00,7.6
EA,PETERBOROUGH,METERING,ENG023,Sharon King,Anne Foster,W5603336,IR,M2,2026-05-25 09:23:00,2026-05-25 20:11:00,10:48:00,10.8
SO,SALISBURY,ROUTINE,ENG050,Phil Hodgkins,Phil Russell,W5603337,RO,R2,2026-05-21 08:43:00,2026-05-21 17:25:00,08:41:59,8.7
SC,EDINBURGH,REPAIR,ENG002,Alistair Fraser,Steven Leckie,W5603338,EM,M1,2026-05-21 08:45:00,2026-05-21 19:03:00,10:18:00,10.3
SO,BASINGSTOKE,ROUTINE,ENG052,Chris Lamb,Phil Russell,W5603339,ME,R2,2026-05-27 07:13:00,2026-05-27 10:01:00,02:48:00,2.8
EA,BEDFORD,EMERGENCY,ENG023,Sharon King,Anne Foster,W5603340,EM,E1,2026-05-22 08:55:00,2026-05-22 21:07:00,12:12:00,12.2
SC,GLASGOW,REPAIR,ENG003,Catriona Stewart,Graham Loan,W5603341,IR,E1,2026-05-26 09:27:00,2026-05-26 15:27:00,06:00:00,6.0
SC,STIRLING,ROUTINE,ENG004,Douglas Reid,Graham Loan,W5603342,RO,E2,2026-05-22 06:59:00,2026-05-22 21:23:00,14:24:00,14.4
SE,CROYDON,REPAIR,ENG032,Colin James,Pat Nolan,W5603343,EM,E2,2026-05-23 08:00:00,2026-05-23 10:48:00,02:48:00,2.8
SC,GLASGOW,INSPECTION,ENG002,Alistair Fraser,Steven Leckie,W5603344,EM,E2,2026-05-22 09:00:00,2026-05-22 22:42:00,13:42:00,13.7
SC,EDINBURGH,METERING,ENG004,Douglas Reid,Graham Loan,W5603345,IR,R2,2026-05-24 11:58:00,2026-05-24 14:10:00,02:12:00,2.2
SE,BRIGHTON,REPAIR,ENG032,Colin James,Pat Nolan,W5603346,MR,M1,2026-05-21 11:57:00,2026-05-21 16:21:00,04:24:00,4.4
NT,LINCOLN,EMERGENCY,ENG060,Barry Noon,Sue Holt,W5603347,ME,E1,2026-05-21 06:32:00,2026-05-21 20:14:00,13:42:00,13.7
SC,PAISLEY,METERING,ENG002,Alistair Fraser,Steven Leckie,W5603348,IR,M2,2026-05-22 07:13:00,2026-05-22 10:49:00,03:36:00,3.6
NW,STOCKPORT,INSPECTION,ENG011,Karen Simmons,Gary Williams,W5603349,EM,R2,2026-05-21 06:06:00,2026-05-21 14:00:00,07:54:00,7.9
EA,CAMBRIDGE,REPAIR,ENG021,Rachel Davies,Mark Booker,W5603350,IR,R2,2026-05-27 09:19:00,2026-05-27 19:55:00,10:36:00,10.6
SC,EDINBURGH,INSPECTION,ENG002,Alistair Fraser,Steven Leckie,W5603351,EM,M1,2026-05-24 06:03:00,2026-05-24 15:45:00,09:42:00,9.7
EA,CAMBRIDGE,REPAIR,ENG022,Peter Wong,Mark Booker,W5603352,IR,E2,2026-05-26 09:02:00,2026-05-26 12:32:00,03:30:00,3.5
NE,SUNDERLAND,METERING,ENG072,Liz Cooke,Bill Tyne,W5603353,RO,E2,2026-05-24 07:56:00,2026-05-24 20:08:00,12:12:00,12.2
SC,PERTH,METERING,ENG006,Kevin McAllister,Gordon Shaw,W5603354,EM,M1,2026-05-24 07:54:00,2026-05-24 23:18:00,15:24:00,15.4
NW,BLACKBURN,REPAIR,ENG010,Paul Dawson,Gary Williams,W5603355,MR,R1,2026-05-24 09:14:00,2026-05-24 12:38:00,03:24:00,3.4
NT,MANSFIELD,REPAIR,ENG062,Fred Archer,Sue Holt,W5603356,MR,R2,2026-05-21 09:35:00,2026-05-21 12:41:00,03:06:00,3.1
SE,HORSHAM,EMERGENCY,ENG030,Stuart Porter,Ray Ingram,W5603357,ME,M1,2026-05-22 07:00:00,2026-05-22 14:06:00,07:06:00,7.1
WM,STOKE,INSPECTION,ENG043,Diane Hunt,Tom Avery,W5603358,EM,M1,2026-05-25 06:52:00,2026-05-25 09:10:00,02:18:00,2.3
EA,BEDFORD,ROUTINE,ENG023,Sharon King,Anne Foster,W5603359,IR,M1,2026-05-27 08:39:00,2026-05-27 22:57:00,14:18:00,14.3
SC,STIRLING,REPAIR,ENG006,Kevin McAllister,Gordon Shaw,W5603360,RO,E2,2026-05-25 07:11:00,2026-05-25 20:47:00,13:36:00,13.6
NE,SUNDERLAND,REPAIR,ENG071,Alan Shaw,Bill Tyne,W5603361,IR,R1,2026-05-22 11:48:00,2026-05-23 03:06:00,15:18:00,15.3
NT,MANSFIELD,INSPECTION,ENG060,Barry Noon,Sue Holt,W5603362,IR,E1,2026-05-21 09:16:00,2026-05-21 17:40:00,08:24:00,8.4
SC,INVERNESS,METERING,ENG006,Kevin McAllister,Gordon Shaw,W5603363,RO,E2,2026-05-21 07:19:00,2026-05-21 20:07:00,12:48:00,12.8
NE,NEWCASTLE,REPAIR,ENG070,Janet Robb,Bill Tyne,W5603364,RO,R2,2026-05-25 11:39:00,2026-05-25 22:15:00,10:36:00,10.6
SC,PERTH,REPAIR,ENG004,Douglas Reid,Graham Loan,W5603365,EM,M1,2026-05-24 06:50:00,2026-05-24 18:08:00,11:18:00,11.3
SC,EDINBURGH,REPAIR,ENG005,Fiona Cameron,Gordon Shaw,W5603366,MR,R2,2026-05-26 10:57:00,2026-05-27 00:27:00,13:30:00,13.5
EA,IPSWICH,EMERGENCY,ENG020,Mark Holloway,Mark Booker,W5603367,EM,M1,2026-05-24 06:04:00,2026-05-24 09:58:00,03:54:00,3.9
NE,NEWCASTLE,EMERGENCY,ENG072,Liz Cooke,Bill Tyne,W5603368,RO,R1,2026-05-27 07:37:00,2026-05-27 12:55:00,05:18:00,5.3
NT,LINCOLN,METERING,ENG061,Cathy Dean,Sue Holt,W5603369,IR,R2,2026-05-22 11:10:00,2026-05-22 20:10:00,09:00:00,9.0
SC,STIRLING,METERING,ENG001,John MacDonald,Steven Leckie,W5603370,ME,R2,2026-05-23 06:31:00,2026-05-23 13:49:00,07:18:00,7.3
SO,SOUTHAMPTON,ROUTINE,ENG052,Chris Lamb,Phil Russell,W5603371,MR,R2,2026-05-22 10:07:00,2026-05-22 18:31:00,08:24:00,8.4
SC,ABERDEEN,INSPECTION,ENG004,Douglas Reid,Graham Loan,W5603372,IR,M2,2026-05-22 10:04:00,2026-05-22 19:28:00,09:24:00,9.4
NE,MIDDLESBROUGH,ROUTINE,ENG071,Alan Shaw,Bill Tyne,W5603373,RO,M1,2026-05-27 07:21:00,2026-05-27 10:45:00,03:24:00,3.4
NT,NOTTINGHAM,ROUTINE,ENG061,Cathy Dean,Sue Holt,W5603374,EM,E1,2026-05-27 09:35:00,2026-05-28 00:29:00,14:54:00,14.9
NW,LIVERPOOL,REPAIR,ENG014,Alan Sharp,Dave Clarke,W5603375,EM,E2,2026-05-24 11:15:00,2026-05-25 02:03:00,14:48:00,14.8
SC,STIRLING,INSPECTION,ENG002,Alistair Fraser,Steven Leckie,W5603376,EM,M2,2026-05-26 06:37:00,2026-05-26 19:07:00,12:30:00,12.5
SO,SALISBURY,METERING,ENG051,Wendy Nash,Phil Russell,W5603377,MR,R2,2026-05-26 09:42:00,2026-05-27 01:06:00,15:24:00,15.4
SE,GUILDFORD,EMERGENCY,ENG033,Julie Price,Pat Nolan,W5603378,EM,M1,2026-05-23 10:04:00,2026-05-24 01:16:00,15:12:00,15.2
EA,BEDFORD,EMERGENCY,ENG023,Sharon King,Anne Foster,W5603379,IR,E2,2026-05-24 09:12:00,2026-05-24 18:24:00,09:12:00,9.2
SO,BASINGSTOKE,INSPECTION,ENG050,Phil Hodgkins,Phil Russell,W5603380,RO,M2,2026-05-22 09:16:00,2026-05-22 13:52:00,04:36:00,4.6
NE,MIDDLESBROUGH,METERING,ENG070,Janet Robb,Bill Tyne,W5603381,IR,M2,2026-05-25 09:08:00,2026-05-25 20:50:00,11:42:00,11.7
NT,LEICESTER,ROUTINE,ENG060,Barry Noon,Sue Holt,W5603382,MR,M1,2026-05-22 07:48:00,2026-05-22 18:18:00,10:30:00,10.5
EA,NORWICH,ROUTINE,ENG021,Rachel Davies,Mark Booker,W5603383,MR,R2,2026-05-22 10:06:00,2026-05-22 19:12:00,09:06:00,9.1
WM,STOKE,ROUTINE,ENG041,Una Cowling,Mark Reygate,W5603384,RO,R2,2026-05-23 09:52:00,2026-05-23 21:58:00,12:06:00,12.1
NE,GATESHEAD,ROUTINE,ENG072,Liz Cooke,Bill Tyne,W5603385,ME,R2,2026-05-23 11:37:00,2026-05-23 15:43:00,04:05:59,4.1
SC,INVERNESS,ROUTINE,ENG003,Catriona Stewart,Graham Loan,W5603386,RO,M2,2026-05-24 06:07:00,2026-05-24 17:01:00,10:54:00,10.9
NE,GATESHEAD,ROUTINE,ENG071,Alan Shaw,Bill Tyne,W5603387,MR,M2,2026-05-26 10:36:00,2026-05-26 14:36:00,04:00:00,4.0
EA,PETERBOROUGH,INSPECTION,ENG023,Sharon King,Anne Foster,W5603388,MR,R1,2026-05-24 07:21:00,2026-05-24 21:27:00,14:06:00,14.1
SO,SOUTHAMPTON,EMERGENCY,ENG051,Wendy Nash,Phil Russell,W5603389,IR,R1,2026-05-25 11:16:00,2026-05-25 17:16:00,06:00:00,6.0
NW,LIVERPOOL,EMERGENCY,ENG012,Brian Cook,Gary Williams,W5603390,ME,E1,2026-05-22 07:31:00,2026-05-22 10:25:00,02:54:00,2.9
NW,STOCKPORT,REPAIR,ENG011,Karen Simmons,Gary Williams,W5603391,IR,E2,2026-05-25 06:27:00,2026-05-25 14:45:00,08:18:00,8.3
NW,BLACKBURN,EMERGENCY,ENG014,Alan Sharp,Dave Clarke,W5603392,EM,R2,2026-05-24 09:33:00,2026-05-24 21:51:00,12:18:00,12.3
EA,LUTON,INSPECTION,ENG020,Mark Holloway,Mark Booker,W5603393,EM,E2,2026-05-27 06:23:00,2026-05-27 13:17:00,06:54:00,6.9
EA,NORWICH,REPAIR,ENG021,Rachel Davies,Mark Booker,W5603394,IR,E2,2026-05-26 10:12:00,2026-05-26 14:06:00,03:54:00,3.9
NW,WARRINGTON,INSPECTION,ENG014,Alan Sharp,Dave Clarke,W5603395,EM,R1,2026-05-25 10:15:00,2026-05-25 22:03:00,11:48:00,11.8
NW,WIGAN,INSPECTION,ENG010,Paul Dawson,Gary Williams,W5603396,RO,R1,2026-05-24 11:04:00,2026-05-24 13:10:00,02:06:00,2.1
SE,CROYDON,ROUTINE,ENG032,Colin James,Pat Nolan,W5603397,MR,E1,2026-05-22 08:21:00,2026-05-22 14:33:00,06:12:00,6.2
SE,BRIGHTON,ROUTINE,ENG030,Stuart Porter,Ray Ingram,W5603398,RO,M2,2026-05-23 06:46:00,2026-05-23 19:34:00,12:48:00,12.8
NW,STOCKPORT,REPAIR,ENG012,Brian Cook,Gary Williams,W5603399,IR,E1,2026-05-26 09:56:00,2026-05-26 17:56:00,08:00:00,8.0
SO,BOURNEMOUTH,REPAIR,ENG050,Phil Hodgkins,Phil Russell,W5603400,EM,M1,2026-05-27 10:56:00,2026-05-27 19:08:00,08:11:59,8.2
NE,GATESHEAD,ROUTINE,ENG072,Liz Cooke,Bill Tyne,W5603401,ME,R1,2026-05-24 07:20:00,2026-05-24 20:38:00,13:18:00,13.3
SO,BASINGSTOKE,METERING,ENG052,Chris Lamb,Phil Russell,W5603402,EM,M1,2026-05-24 09:48:00,2026-05-24 18:18:00,08:30:00,8.5
SE,GUILDFORD,METERING,ENG031,Tracey McIntyre,Ray Ingram,W5603403,IR,R1,2026-05-22 07:23:00,2026-05-22 17:11:00,09:48:00,9.8
SC,GLASGOW,INSPECTION,ENG003,Catriona Stewart,Graham Loan,W5603404,ME,E2,2026-05-23 10:12:00,2026-05-24 00:48:00,14:36:00,14.6
SE,CROYDON,REPAIR,ENG032,Colin James,Pat Nolan,W5603405,EM,M1,2026-05-23 10:39:00,2026-05-24 00:09:00,13:30:00,13.5
NE,MIDDLESBROUGH,REPAIR,ENG070,Janet Robb,Bill Tyne,W5603406,RO,E2,2026-05-21 09:59:00,2026-05-21 23:35:00,13:36:00,13.6
SO,SALISBURY,REPAIR,ENG050,Phil Hodgkins,Phil Russell,W5603407,ME,E1,2026-05-27 07:39:00,2026-05-27 10:57:00,03:18:00,3.3
EA,NORWICH,EMERGENCY,ENG020,Mark Holloway,Mark Booker,W5603408,RO,M2,2026-05-24 07:55:00,2026-05-24 17:37:00,09:42:00,9.7
WM,STOKE,ROUTINE,ENG042,Steve Frost,Mark Reygate,W5603409,EM,R2,2026-05-22 06:14:00,2026-05-22 14:20:00,08:06:00,8.1
NT,LINCOLN,ROUTINE,ENG060,Barry Noon,Sue Holt,W5603410,IR,M2,2026-05-22 06:41:00,2026-05-22 22:05:00,15:24:00,15.4
SC,STIRLING,EMERGENCY,ENG005,Fiona Cameron,Gordon Shaw,W5603411,MR,R1,2026-05-23 10:13:00,2026-05-23 13:37:00,03:24:00,3.4
NW,WARRINGTON,ROUTINE,ENG011,Karen Simmons,Gary Williams,W5603412,MR,M2,2026-05-22 11:30:00,2026-05-23 01:06:00,13:36:00,13.6
NE,NEWCASTLE,ROUTINE,ENG071,Alan Shaw,Bill Tyne,W5603413,MR,E1,2026-05-27 06:15:00,2026-05-27 18:27:00,12:12:00,12.2
EA,CAMBRIDGE,ROUTINE,ENG022,Peter Wong,Mark Booker,W5603414,IR,E2,2026-05-27 11:44:00,2026-05-27 14:32:00,02:48:00,2.8
NW,STOCKPORT,METERING,ENG013,Helen Morris,Dave Clarke,W5603415,RO,R1,2026-05-21 09:46:00,2026-05-21 20:10:00,10:24:00,10.4
WM,COVENTRY,ROUTINE,ENG043,Diane Hunt,Tom Avery,W5603416,EM,E2,2026-05-24 07:09:00,2026-05-24 15:45:00,08:36:00,8.6
NE,GATESHEAD,EMERGENCY,ENG071,Alan Shaw,Bill Tyne,W5603417,EM,M1,2026-05-27 10:54:00,2026-05-27 16:48:00,05:54:00,5.9
NT,NOTTINGHAM,REPAIR,ENG062,Fred Archer,Sue Holt,W5603418,ME,E2,2026-05-27 08:22:00,2026-05-27 22:28:00,14:06:00,14.1
NT,LINCOLN,ROUTINE,ENG062,Fred Archer,Sue Holt,W5603419,MR,M1,2026-05-26 09:41:00,2026-05-26 19:23:00,09:42:00,9.7
NE,DURHAM,INSPECTION,ENG071,Alan Shaw,Bill Tyne,W5603420,RO,R1,2026-05-24 06:54:00,2026-05-24 19:30:00,12:36:00,12.6
SO,BASINGSTOKE,EMERGENCY,ENG052,Chris Lamb,Phil Russell,W5603421,EM,M2,2026-05-21 10:43:00,2026-05-21 13:37:00,02:54:00,2.9
WM,DUDLEY,EMERGENCY,ENG040,Wayne Edwards,Mark Reygate,W5603422,RO,R2,2026-05-22 07:24:00,2026-05-22 15:54:00,08:30:00,8.5
SO,PORTSMOUTH,INSPECTION,ENG051,Wendy Nash,Phil Russell,W5603423,RO,R2,2026-05-25 06:22:00,2026-05-25 18:52:00,12:30:00,12.5
SO,BASINGSTOKE,METERING,ENG050,Phil Hodgkins,Phil Russell,W5603424,IR,E2,2026-05-24 10:02:00,2026-05-24 23:32:00,13:30:00,13.5
NW,WIGAN,METERING,ENG014,Alan Sharp,Dave Clarke,W5603425,MR,E2,2026-05-22 09:13:00,2026-05-22 21:19:00,12:06:00,12.1
NE,NEWCASTLE,ROUTINE,ENG072,Liz Cooke,Bill Tyne,W5603426,EM,R2,2026-05-27 06:24:00,2026-05-27 18:54:00,12:30:00,12.5
SC,PAISLEY,EMERGENCY,ENG003,Catriona Stewart,Graham Loan,W5603427,IR,R1,2026-05-21 08:33:00,2026-05-21 19:15:00,10:42:00,10.7
SC,ABERDEEN,ROUTINE,ENG003,Catriona Stewart,Graham Loan,W5603428,ME,M1,2026-05-25 06:14:00,2026-05-25 14:38:00,08:24:00,8.4
WM,STOKE,METERING,ENG043,Diane Hunt,Tom Avery,W5603429,RO,E2,2026-05-21 09:27:00,2026-05-21 23:27:00,14:00:00,14.0
SC,PERTH,REPAIR,ENG006,Kevin McAllister,Gordon Shaw,W5603430,IR,R1,2026-05-25 07:48:00,2026-05-25 10:00:00,02:12:00,2.2
NE,NEWCASTLE,EMERGENCY,ENG071,Alan Shaw,Bill Tyne,W5603431,ME,E1,2026-05-23 08:58:00,2026-05-23 20:52:00,11:54:00,11.9
SE,CROYDON,EMERGENCY,ENG031,Tracey McIntyre,Ray Ingram,W5603432,RO,R2,2026-05-23 09:42:00,2026-05-23 21:30:00,11:48:00,11.8
NE,DURHAM,REPAIR,ENG070,Janet Robb,Bill Tyne,W5603433,IR,M2,2026-05-21 06:13:00,2026-05-21 22:07:00,15:54:00,15.9
NE,MIDDLESBROUGH,INSPECTION,ENG070,Janet Robb,Bill Tyne,W5603434,RO,M1,2026-05-22 11:53:00,2026-05-22 18:05:00,06:12:00,6.2
NT,MANSFIELD,METERING,ENG062,Fred Archer,Sue Holt,W5603435,RO,R1,2026-05-23 09:32:00,2026-05-24 00:44:00,15:12:00,15.2
NT,DERBY,INSPECTION,ENG061,Cathy Dean,Sue Holt,W5603436,IR,R1,2026-05-26 09:34:00,2026-05-26 17:04:00,07:30:00,7.5
SE,HORSHAM,INSPECTION,ENG032,Colin James,Pat Nolan,W5603437,EM,R1,2026-05-26 08:09:00,2026-05-26 16:33:00,08:24:00,8.4
NE,DURHAM,METERING,ENG072,Liz Cooke,Bill Tyne,W5603438,MR,E2,2026-05-24 08:04:00,2026-05-24 12:34:00,04:30:00,4.5
EA,IPSWICH,ROUTINE,ENG022,Peter Wong,Mark Booker,W5603439,RO,R1,2026-05-23 11:49:00,2026-05-23 21:07:00,09:18:00,9.3
NE,DURHAM,REPAIR,ENG072,Liz Cooke,Bill Tyne,W5603440,RO,R1,2026-05-26 07:33:00,2026-05-26 12:15:00,04:42:00,4.7
EA,LUTON,EMERGENCY,ENG020,Mark Holloway,Mark Booker,W5603441,RO,R1,2026-05-23 10:08:00,2026-05-24 00:26:00,14:18:00,14.3
NW,MANCHESTER,REPAIR,ENG013,Helen Morris,Dave Clarke,W5603442,IR,E1,2026-05-24 10:11:00,2026-05-24 15:23:00,05:12:00,5.2
NE,SUNDERLAND,INSPECTION,ENG072,Liz Cooke,Bill Tyne,W5603443,EM,M2,2026-05-26 08:22:00,2026-05-26 17:52:00,09:30:00,9.5
SC,ABERDEEN,ROUTINE,ENG002,Alistair Fraser,Steven Leckie,W5603444,EM,R1,2026-05-25 09:37:00,2026-05-25 19:43:00,10:06:00,10.1
SO,SOUTHAMPTON,EMERGENCY,ENG050,Phil Hodgkins,Phil Russell,W5603445,RO,M2,2026-05-21 06:17:00,2026-05-21 16:05:00,09:48:00,9.8
NE,GATESHEAD,EMERGENCY,ENG071,Alan Shaw,Bill Tyne,W5603446,ME,R2,2026-05-26 09:18:00,2026-05-26 11:48:00,02:30:00,2.5
SE,BRIGHTON,REPAIR,ENG033,Julie Price,Pat Nolan,W5603447,RO,E2,2026-05-21 06:11:00,2026-05-21 13:41:00,07:30:00,7.5
EA,CAMBRIDGE,REPAIR,ENG023,Sharon King,Anne Foster,W5603448,IR,M2,2026-05-22 08:43:00,2026-05-22 12:01:00,03:18:00,3.3
SO,SALISBURY,REPAIR,ENG050,Phil Hodgkins,Phil Russell,W5603449,ME,M2,2026-05-25 08:23:00,2026-05-25 22:05:00,13:42:00,13.7
SC,DUNDEE,METERING,ENG006,Kevin McAllister,Gordon Shaw,W5603450,IR,R1,2026-05-22 11:23:00,2026-05-22 18:35:00,07:12:00,7.2
SC,STIRLING,EMERGENCY,ENG005,Fiona Cameron,Gordon Shaw,W5603451,MR,M1,2026-05-27 10:32:00,2026-05-27 13:44:00,03:12:00,3.2
EA,LUTON,INSPECTION,ENG021,Rachel Davies,Mark Booker,W5603452,RO,R2,2026-05-22 08:48:00,2026-05-22 16:36:00,07:48:00,7.8
SO,SOUTHAMPTON,METERING,ENG051,Wendy Nash,Phil Russell,W5603453,ME,E2,2026-05-26 06:22:00,2026-05-26 09:28:00,03:06:00,3.1
WM,DUDLEY,ROUTINE,ENG043,Diane Hunt,Tom Avery,W5603454,ME,R2,2026-05-22 09:31:00,2026-05-23 01:01:00,15:30:00,15.5
NW,WARRINGTON,EMERGENCY,ENG012,Brian Cook,Gary Williams,W5603455,IR,M2,2026-05-22 10:37:00,2026-05-22 18:37:00,08:00:00,8.0
SC,ABERDEEN,REPAIR,ENG005,Fiona Cameron,Gordon Shaw,W5603456,EM,M2,2026-05-25 10:22:00,2026-05-25 19:34:00,09:12:00,9.2
NE,SUNDERLAND,ROUTINE,ENG071,Alan Shaw,Bill Tyne,W5603457,RO,M1,2026-05-21 10:19:00,2026-05-22 00:07:00,13:48:00,13.8
WM,STOKE,METERING,ENG041,Una Cowling,Mark Reygate,W5603458,IR,R1,2026-05-23 11:15:00,2026-05-23 15:27:00,04:12:00,4.2
NE,DURHAM,ROUTINE,ENG070,Janet Robb,Bill Tyne,W5603459,MR,E2,2026-05-23 09:30:00,2026-05-23 17:48:00,08:18:00,8.3
NE,SUNDERLAND,EMERGENCY,ENG071,Alan Shaw,Bill Tyne,W5603460,ME,M2,2026-05-22 08:26:00,2026-05-22 22:38:00,14:12:00,14.2
SC,INVERNESS,EMERGENCY,ENG001,John MacDonald,Steven Leckie,W5603461,ME,R1,2026-05-27 07:35:00,2026-05-27 16:29:00,08:54:00,8.9
NW,LIVERPOOL,ROUTINE,ENG012,Brian Cook,Gary Williams,W5603462,MR,M1,2026-05-26 08:33:00,2026-05-26 12:03:00,03:30:00,3.5
EA,BEDFORD,EMERGENCY,ENG023,Sharon King,Anne Foster,W5603463,RO,E1,2026-05-22 07:03:00,2026-05-22 22:51:00,15:48:00,15.8
SC,PAISLEY,EMERGENCY,ENG002,Alistair Fraser,Steven Leckie,W5603464,MR,M1,2026-05-25 06:14:00,2026-05-25 11:02:00,04:48:00,4.8
NW,STOCKPORT,REPAIR,ENG013,Helen Morris,Dave Clarke,W5603465,IR,R1,2026-05-23 10:46:00,2026-05-23 19:28:00,08:41:59,8.7
EA,IPSWICH,REPAIR,ENG023,Sharon King,Anne Foster,W5603466,EM,R1,2026-05-23 09:45:00,2026-05-23 21:09:00,11:24:00,11.4
SE,BRIGHTON,METERING,ENG032,Colin James,Pat Nolan,W5603467,IR,M2,2026-05-22 08:28:00,2026-05-22 18:40:00,10:12:00,10.2
SO,SOUTHAMPTON,ROUTINE,ENG051,Wendy Nash,Phil Russell,W5603468,ME,E1,2026-05-25 08:56:00,2026-05-25 13:26:00,04:30:00,4.5
NT,NOTTINGHAM,ROUTINE,ENG060,Barry Noon,Sue Holt,W5603469,EM,E1,2026-05-25 09:50:00,2026-05-25 18:02:00,08:11:59,8.2
SC,GLASGOW,REPAIR,ENG006,Kevin McAllister,Gordon Shaw,W5603470,EM,E2,2026-05-22 08:38:00,2026-05-22 15:02:00,06:24:00,6.4
NW,LIVERPOOL,ROUTINE,ENG013,Helen Morris,Dave Clarke,W5603471,EM,E2,2026-05-26 10:41:00,2026-05-26 14:53:00,04:12:00,4.2
NW,LIVERPOOL,INSPECTION,ENG011,Karen Simmons,Gary Williams,W5603472,ME,M2,2026-05-27 11:41:00,2026-05-27 15:05:00,03:24:00,3.4
SE,MAIDSTONE,REPAIR,ENG033,Julie Price,Pat Nolan,W5603473,IR,R1,2026-05-22 10:47:00,2026-05-22 19:41:00,08:54:00,8.9
WM,WALSALL,EMERGENCY,ENG043,Diane Hunt,Tom Avery,W5603474,MR,E1,2026-05-27 06:04:00,2026-05-27 19:04:00,13:00:00,13.0
SE,EASTBOURNE,REPAIR,ENG031,Tracey McIntyre,Ray Ingram,W5603475,MR,M1,2026-05-21 11:28:00,2026-05-22 00:40:00,13:12:00,13.2
WM,COVENTRY,INSPECTION,ENG040,Wayne Edwards,Mark Reygate,W5603476,IR,R1,2026-05-22 08:59:00,2026-05-22 14:17:00,05:18:00,5.3
NW,BOLTON,METERING,ENG013,Helen Morris,Dave Clarke,W5603477,IR,R1,2026-05-25 06:12:00,2026-05-25 16:12:00,10:00:00,10.0
SE,EASTBOURNE,METERING,ENG032,Colin James,Pat Nolan,W5603478,IR,E2,2026-05-25 07:09:00,2026-05-25 16:39:00,09:30:00,9.5
SE,MAIDSTONE,INSPECTION,ENG033,Julie Price,Pat Nolan,W5603479,MR,M2,2026-05-23 10:23:00,2026-05-23 19:59:00,09:36:00,9.6
WM,WALSALL,INSPECTION,ENG040,Wayne Edwards,Mark Reygate,W5603480,RO,R1,2026-05-24 10:55:00,2026-05-25 02:43:00,15:48:00,15.8
NT,LINCOLN,ROUTINE,ENG062,Fred Archer,Sue Holt,W5603481,ME,E2,2026-05-25 07:26:00,2026-05-25 22:32:00,15:06:00,15.1
SO,SOUTHAMPTON,INSPECTION,ENG052,Chris Lamb,Phil Russell,W5603482,MR,R1,2026-05-21 07:48:00,2026-05-21 14:48:00,07:00:00,7.0
NW,BLACKBURN,ROUTINE,ENG013,Helen Morris,Dave Clarke,W5603483,IR,M2,2026-05-22 11:26:00,2026-05-23 01:56:00,14:30:00,14.5
EA,IPSWICH,EMERGENCY,ENG023,Sharon King,Anne Foster,W5603484,RO,R1,2026-05-21 08:08:00,2026-05-21 17:38:00,09:30:00,9.5
NE,MIDDLESBROUGH,INSPECTION,ENG070,Janet Robb,Bill Tyne,W5603485,EM,M2,2026-05-24 08:38:00,2026-05-24 18:38:00,10:00:00,10.0
WM,COVENTRY,METERING,ENG040,Wayne Edwards,Mark Reygate,W5603486,MR,M2,2026-05-25 08:57:00,2026-05-25 13:03:00,04:05:59,4.1
NT,DERBY,REPAIR,ENG060,Barry Noon,Sue Holt,W5603487,RO,E1,2026-05-22 11:27:00,2026-05-23 03:21:00,15:54:00,15.9
SO,SALISBURY,METERING,ENG050,Phil Hodgkins,Phil Russell,W5603488,EM,R1,2026-05-27 06:40:00,2026-05-27 22:22:00,15:42:00,15.7
SO,SOUTHAMPTON,INSPECTION,ENG052,Chris Lamb,Phil Russell,W5603489,MR,E2,2026-05-25 09:26:00,2026-05-25 11:56:00,02:30:00,2.5
NW,MANCHESTER,METERING,ENG010,Paul Dawson,Gary Williams,W5603490,RO,M2,2026-05-27 07:32:00,2026-05-27 16:50:00,09:18:00,9.3
NE,SUNDERLAND,INSPECTION,ENG071,Alan Shaw,Bill Tyne,W5603491,MR,M2,2026-05-27 09:25:00,2026-05-28 00:07:00,14:42:00,14.7
SC,EDINBURGH,EMERGENCY,ENG006,Kevin McAllister,Gordon Shaw,W5603492,EM,M2,2026-05-25 10:32:00,2026-05-25 12:38:00,02:06:00,2.1
SE,BRIGHTON,INSPECTION,ENG030,Stuart Porter,Ray Ingram,W5603493,EM,R1,2026-05-21 07:40:00,2026-05-21 18:22:00,10:42:00,10.7
EA,LUTON,ROUTINE,ENG023,Sharon King,Anne Foster,W5603494,RO,M2,2026-05-27 09:43:00,2026-05-27 13:19:00,03:36:00,3.6
SC,PERTH,EMERGENCY,ENG004,Douglas Reid,Graham Loan,W5603495,MR,E1,2026-05-27 08:40:00,2026-05-27 18:40:00,10:00:00,10.0
SO,BOURNEMOUTH,EMERGENCY,ENG050,Phil Hodgkins,Phil Russell,W5603496,RO,R2,2026-05-25 07:06:00,2026-05-25 16:48:00,09:42:00,9.7
SO,SALISBURY,REPAIR,ENG052,Chris Lamb,Phil Russell,W5603497,RO,M2,2026-05-27 10:46:00,2026-05-27 18:46:00,08:00:00,8.0
WM,STOKE,ROUTINE,ENG041,Una Cowling,Mark Reygate,W5603498,RO,E1,2026-05-21 07:58:00,2026-05-21 11:16:00,03:18:00,3.3
NE,MIDDLESBROUGH,REPAIR,ENG070,Janet Robb,Bill Tyne,W5603499,IR,E2,2026-05-26 08:20:00,2026-05-26 18:44:00,10:24:00,10.4
NT,DERBY,ROUTINE,ENG061,Cathy Dean,Sue Holt,W5603500,IR,E2,2026-05-21 08:22:00,2026-05-21 19:16:00,10:54:00,10.9
NT,LEICESTER,EMERGENCY,ENG060,Barry Noon,Sue Holt,W5603501,RO,M2,2026-05-25 09:58:00,2026-05-26 01:10:00,15:12:00,15.2
SC,ABERDEEN,INSPECTION,ENG002,Alistair Fraser,Steven Leckie,W5603502,IR,E1,2026-05-26 09:34:00,2026-05-27 01:22:00,15:48:00,15.8
SC,GLASGOW,ROUTINE,ENG003,Catriona Stewart,Graham Loan,W5603503,EM,E2,2026-05-23 08:28:00,2026-05-23 17:58:00,09:30:00,9.5
NW,MANCHESTER,METERING,ENG010,Paul Dawson,Gary Williams,W5603504,MR,R2,2026-05-21 09:29:00,2026-05-21 12:29:00,03:00:00,3.0
SC,ABERDEEN,METERING,ENG001,John MacDonald,Steven Leckie,W5603505,EM,R2,2026-05-26 06:36:00,2026-05-26 21:18:00,14:42:00,14.7
EA,IPSWICH,ROUTINE,ENG023,Sharon King,Anne Foster,W5603506,ME,E1,2026-05-27 09:06:00,2026-05-27 12:48:00,03:42:00,3.7
EA,IPSWICH,METERING,ENG023,Sharon King,Anne Foster,W5603507,ME,R1,2026-05-22 08:31:00,2026-05-22 18:07:00,09:36:00,9.6
SE,CROYDON,EMERGENCY,ENG030,Stuart Porter,Ray Ingram,W5603508,MR,R2,2026-05-25 07:52:00,2026-05-25 12:28:00,04:36:00,4.6
NW,MANCHESTER,REPAIR,ENG013,Helen Morris,Dave Clarke,W5603509,ME,R1,2026-05-23 10:14:00,2026-05-24 01:38:00,15:24:00,15.4
NT,DERBY,REPAIR,ENG060,Barry Noon,Sue Holt,W5603510,EM,R2,2026-05-25 09:17:00,2026-05-26 00:17:00,15:00:00,15.0
NE,GATESHEAD,EMERGENCY,ENG070,Janet Robb,Bill Tyne,W5603511,EM,M2,2026-05-24 06:59:00,2026-05-24 12:41:00,05:42:00,5.7
NW,WIGAN,METERING,ENG010,Paul Dawson,Gary Williams,W5603512,ME,E2,2026-05-26 10:04:00,2026-05-27 00:16:00,14:12:00,14.2
NW,BOLTON,INSPECTION,ENG012,Brian Cook,Gary Williams,W5603513,EM,E1,2026-05-23 10:45:00,2026-05-24 00:15:00,13:30:00,13.5
SC,INVERNESS,ROUTINE,ENG005,Fiona Cameron,Gordon Shaw,W5603514,MR,R1,2026-05-24 07:55:00,2026-05-24 17:19:00,09:24:00,9.4
NW,WIGAN,METERING,ENG012,Brian Cook,Gary Williams,W5603515,RO,R2,2026-05-22 09:47:00,2026-05-23 01:05:00,15:18:00,15.3
SO,BOURNEMOUTH,REPAIR,ENG051,Wendy Nash,Phil Russell,W5603516,IR,R1,2026-05-27 06:17:00,2026-05-27 18:59:00,12:42:00,12.7
SE,GUILDFORD,REPAIR,ENG033,Julie Price,Pat Nolan,W5603517,EM,M2,2026-05-26 11:48:00,2026-05-27 01:00:00,13:12:00,13.2
SE,MAIDSTONE,ROUTINE,ENG032,Colin James,Pat Nolan,W5603518,EM,R2,2026-05-22 07:41:00,2026-05-22 17:59:00,10:18:00,10.3
SO,BASINGSTOKE,METERING,ENG052,Chris Lamb,Phil Russell,W5603519,ME,R2,2026-05-26 11:03:00,2026-05-26 22:03:00,11:00:00,11.0
SE,EASTBOURNE,EMERGENCY,ENG030,Stuart Porter,Ray Ingram,W5603520,RO,M1,2026-05-21 09:25:00,2026-05-21 14:07:00,04:42:00,4.7
NW,BLACKBURN,EMERGENCY,ENG010,Paul Dawson,Gary Williams,W5603521,MR,R1,2026-05-21 08:10:00,2026-05-21 21:52:00,13:42:00,13.7
EA,CAMBRIDGE,INSPECTION,ENG020,Mark Holloway,Mark Booker,W5603522,ME,E1,2026-05-26 08:02:00,2026-05-26 18:50:00,10:48:00,10.8
SE,GUILDFORD,ROUTINE,ENG033,Julie Price,Pat Nolan,W5603523,MR,R1,2026-05-23 11:10:00,2026-05-23 20:16:00,09:06:00,9.1
EA,LUTON,ROUTINE,ENG021,Rachel Davies,Mark Booker,W5603524,EM,M2,2026-05-26 07:32:00,2026-05-26 20:02:00,12:30:00,12.5
NT,LINCOLN,METERING,ENG060,Barry Noon,Sue Holt,W5603525,MR,R1,2026-05-22 11:32:00,2026-05-23 01:20:00,13:48:00,13.8
SE,MAIDSTONE,EMERGENCY,ENG032,Colin James,Pat Nolan,W5603526,MR,M1,2026-05-25 11:07:00,2026-05-26 00:31:00,13:24:00,13.4
SC,GLASGOW,REPAIR,ENG003,Catriona Stewart,Graham Loan,W5603527,ME,R1,2026-05-24 06:25:00,2026-05-24 10:25:00,04:00:00,4.0
SE,EASTBOURNE,REPAIR,ENG030,Stuart Porter,Ray Ingram,W5603528,EM,M2,2026-05-26 07:24:00,2026-05-26 16:00:00,08:36:00,8.6
SE,BRIGHTON,REPAIR,ENG032,Colin James,Pat Nolan,W5603529,ME,M1,2026-05-26 09:19:00,2026-05-26 22:49:00,13:30:00,13.5
SO,SOUTHAMPTON,INSPECTION,ENG051,Wendy Nash,Phil Russell,W5603530,ME,E1,2026-05-26 10:55:00,2026-05-27 00:01:00,13:06:00,13.1
SC,ABERDEEN,INSPECTION,ENG006,Kevin McAllister,Gordon Shaw,W5603531,MR,M2,2026-05-25 11:32:00,2026-05-25 14:20:00,02:48:00,2.8
NW,BOLTON,EMERGENCY,ENG012,Brian Cook,Gary Williams,W5603532,MR,M1,2026-05-23 11:09:00,2026-05-23 23:45:00,12:36:00,12.6
NT,LEICESTER,ROUTINE,ENG062,Fred Archer,Sue Holt,W5603533,EM,R2,2026-05-25 11:36:00,2026-05-25 15:24:00,03:48:00,3.8
NT,LINCOLN,METERING,ENG061,Cathy Dean,Sue Holt,W5603534,RO,M2,2026-05-25 07:22:00,2026-05-25 15:28:00,08:06:00,8.1
SC,PERTH,METERING,ENG003,Catriona Stewart,Graham Loan,W5603535,IR,M2,2026-05-25 06:38:00,2026-05-25 16:50:00,10:12:00,10.2
SE,EASTBOURNE,REPAIR,ENG030,Stuart Porter,Ray Ingram,W5603536,MR,E2,2026-05-25 10:09:00,2026-05-25 22:39:00,12:30:00,12.5
EA,BEDFORD,METERING,ENG020,Mark Holloway,Mark Booker,W5603537,IR,E1,2026-05-27 07:50:00,2026-05-27 20:56:00,13:06:00,13.1
NW,BOLTON,ROUTINE,ENG014,Alan Sharp,Dave Clarke,W5603538,IR,R1,2026-05-26 10:32:00,2026-05-26 19:14:00,08:41:59,8.7
SE,BRIGHTON,REPAIR,ENG031,Tracey McIntyre,Ray Ingram,W5603539,IR,R2,2026-05-26 07:33:00,2026-05-26 18:09:00,10:36:00,10.6
NT,LEICESTER,INSPECTION,ENG061,Cathy Dean,Sue Holt,W5603540,IR,M2,2026-05-23 11:52:00,2026-05-23 17:04:00,05:12:00,5.2
NT,NOTTINGHAM,EMERGENCY,ENG061,Cathy Dean,Sue Holt,W5603541,MR,E2,2026-05-26 08:09:00,2026-05-26 21:09:00,13:00:00,13.0
EA,IPSWICH,ROUTINE,ENG022,Peter Wong,Mark Booker,W5603542,EM,M2,2026-05-24 11:09:00,2026-05-25 02:33:00,15:24:00,15.4
NE,GATESHEAD,INSPECTION,ENG070,Janet Robb,Bill Tyne,W5603543,IR,E2,2026-05-27 11:09:00,2026-05-27 22:33:00,11:24:00,11.4
SO,BASINGSTOKE,REPAIR,ENG050,Phil Hodgkins,Phil Russell,W5603544,RO,M1,2026-05-24 10:41:00,2026-05-25 00:17:00,13:36:00,13.6
SC,INVERNESS,ROUTINE,ENG003,Catriona Stewart,Graham Loan,W5603545,RO,E2,2026-05-24 06:50:00,2026-05-24 11:14:00,04:24:00,4.4
NW,BOLTON,EMERGENCY,ENG014,Alan Sharp,Dave Clarke,W5603546,EM,M2,2026-05-25 09:41:00,2026-05-25 21:53:00,12:12:00,12.2
NW,LIVERPOOL,METERING,ENG011,Karen Simmons,Gary Williams,W5603547,RO,M2,2026-05-23 06:37:00,2026-05-23 21:43:00,15:06:00,15.1
NW,WIGAN,METERING,ENG010,Paul Dawson,Gary Williams,W5603548,RO,M2,2026-05-22 06:50:00,2026-05-22 21:20:00,14:30:00,14.5
EA,NORWICH,ROUTINE,ENG023,Sharon King,Anne Foster,W5603549,ME,R2,2026-05-26 06:24:00,2026-05-26 15:18:00,08:54:00,8.9
SC,PERTH,INSPECTION,ENG004,Douglas Reid,Graham Loan,W5603550,IR,E1,2026-05-23 06:21:00,2026-05-23 09:15:00,02:54:00,2.9
WM,BIRMINGHAM,ROUTINE,ENG040,Wayne Edwards,Mark Reygate,W5603551,ME,E2,2026-05-24 08:53:00,2026-05-24 22:59:00,14:06:00,14.1
NE,NEWCASTLE,EMERGENCY,ENG072,Liz Cooke,Bill Tyne,W5603552,RO,M1,2026-05-23 06:48:00,2026-05-23 09:00:00,02:12:00,2.2
NT,DERBY,METERING,ENG062,Fred Archer,Sue Holt,W5603553,MR,R2,2026-05-26 07:53:00,2026-05-26 20:11:00,12:18:00,12.3
SC,STIRLING,METERING,ENG004,Douglas Reid,Graham Loan,W5603554,ME,R1,2026-05-25 07:19:00,2026-05-25 11:49:00,04:30:00,4.5
WM,COVENTRY,ROUTINE,ENG042,Steve Frost,Mark Reygate,W5603555,IR,R2,2026-05-25 09:10:00,2026-05-25 12:28:00,03:18:00,3.3
NW,BLACKBURN,METERING,ENG013,Helen Morris,Dave Clarke,W5603556,ME,R1,2026-05-26 11:46:00,2026-05-26 14:28:00,02:42:00,2.7
NW,LIVERPOOL,ROUTINE,ENG011,Karen Simmons,Gary Williams,W5603557,ME,E2,2026-05-25 10:37:00,2026-05-26 01:01:00,14:24:00,14.4
SE,HORSHAM,EMERGENCY,ENG032,Colin James,Pat Nolan,W5603558,IR,M1,2026-05-23 09:35:00,2026-05-23 18:17:00,08:41:59,8.7
EA,PETERBOROUGH,METERING,ENG023,Sharon King,Anne Foster,W5603559,MR,E2,2026-05-21 11:34:00,2026-05-22 00:22:00,12:48:00,12.8
NW,LIVERPOOL,EMERGENCY,ENG014,Alan Sharp,Dave Clarke,W5603560,EM,M1,2026-05-26 07:13:00,2026-05-26 18:07:00,10:54:00,10.9
WM,COVENTRY,METERING,ENG043,Diane Hunt,Tom Avery,W5603561,ME,M2,2026-05-23 07:05:00,2026-05-23 14:05:00,07:00:00,7.0
EA,IPSWICH,METERING,ENG022,Peter Wong,Mark Booker,W5603562,IR,R2,2026-05-21 11:36:00,2026-05-21 15:36:00,04:00:00,4.0
NW,LIVERPOOL,INSPECTION,ENG012,Brian Cook,Gary Williams,W5603563,IR,M2,2026-05-24 10:40:00,2026-05-25 00:04:00,13:24:00,13.4
WM,STOKE,INSPECTION,ENG042,Steve Frost,Mark Reygate,W5603564,ME,R2,2026-05-23 08:37:00,2026-05-23 21:07:00,12:30:00,12.5
SC,PAISLEY,METERING,ENG006,Kevin McAllister,Gordon Shaw,W5603565,EM,M2,2026-05-26 09:01:00,2026-05-26 18:01:00,09:00:00,9.0
NW,STOCKPORT,ROUTINE,ENG010,Paul Dawson,Gary Williams,W5603566,ME,E2,2026-05-21 09:07:00,2026-05-21 14:25:00,05:18:00,5.3
SC,STIRLING,INSPECTION,ENG006,Kevin McAllister,Gordon Shaw,W5603567,RO,E1,2026-05-25 07:49:00,2026-05-25 23:13:00,15:24:00,15.4
WM,COVENTRY,INSPECTION,ENG041,Una Cowling,Mark Reygate,W5603568,RO,M1,2026-05-27 09:15:00,2026-05-27 20:27:00,11:12:00,11.2
SC,INVERNESS,REPAIR,ENG004,Douglas Reid,Graham Loan,W5603569,RO,M2,2026-05-25 11:39:00,2026-05-26 01:57:00,14:18:00,14.3
NT,LINCOLN,REPAIR,ENG061,Cathy Dean,Sue Holt,W5603570,MR,M1,2026-05-23 10:01:00,2026-05-23 15:13:00,05:12:00,5.2
SC,PAISLEY,REPAIR,ENG003,Catriona Stewart,Graham Loan,W5603571,MR,E2,2026-05-26 10:27:00,2026-05-26 21:51:00,11:24:00,11.4
WM,WOLVERHAMPTON,INSPECTION,ENG042,Steve Frost,Mark Reygate,W5603572,IR,M2,2026-05-23 06:24:00,2026-05-23 17:12:00,10:48:00,10.8
SC,STIRLING,REPAIR,ENG005,Fiona Cameron,Gordon Shaw,W5603573,IR,M1,2026-05-21 11:16:00,2026-05-21 18:58:00,07:42:00,7.7
SO,BOURNEMOUTH,INSPECTION,ENG050,Phil Hodgkins,Phil Russell,W5603574,IR,R2,2026-05-26 08:26:00,2026-05-26 11:08:00,02:42:00,2.7
WM,STOKE,INSPECTION,ENG043,Diane Hunt,Tom Avery,W5603575,IR,R2,2026-05-25 07:28:00,2026-05-25 17:46:00,10:18:00,10.3
SO,SALISBURY,ROUTINE,ENG052,Chris Lamb,Phil Russell,W5603576,IR,R1,2026-05-22 07:23:00,2026-05-22 22:05:00,14:42:00,14.7
SE,MAIDSTONE,ROUTINE,ENG032,Colin James,Pat Nolan,W5603577,ME,M1,2026-05-24 07:11:00,2026-05-24 13:05:00,05:54:00,5.9
SO,PORTSMOUTH,ROUTINE,ENG051,Wendy Nash,Phil Russell,W5603578,MR,R1,2026-05-23 11:33:00,2026-05-23 15:57:00,04:24:00,4.4
EA,LUTON,INSPECTION,ENG020,Mark Holloway,Mark Booker,W5603579,ME,M2,2026-05-22 10:47:00,2026-05-22 15:23:00,04:36:00,4.6
NE,MIDDLESBROUGH,ROUTINE,ENG070,Janet Robb,Bill Tyne,W5603580,RO,M1,2026-05-26 09:02:00,2026-05-26 13:02:00,04:00:00,4.0
SC,STIRLING,EMERGENCY,ENG002,Alistair Fraser,Steven Leckie,W5603581,IR,E2,2026-05-25 07:22:00,2026-05-25 16:16:00,08:54:00,8.9
EA,IPSWICH,INSPECTION,ENG022,Peter Wong,Mark Booker,W5603582,EM,E1,2026-05-24 07:48:00,2026-05-24 14:00:00,06:12:00,6.2
SO,SALISBURY,ROUTINE,ENG052,Chris Lamb,Phil Russell,W5603583,MR,E1,2026-05-26 10:03:00,2026-05-26 17:45:00,07:42:00,7.7
EA,CAMBRIDGE,ROUTINE,ENG023,Sharon King,Anne Foster,W5603584,EM,E1,2026-05-25 10:32:00,2026-05-25 18:32:00,08:00:00,8.0
NE,SUNDERLAND,ROUTINE,ENG072,Liz Cooke,Bill Tyne,W5603585,RO,M2,2026-05-22 07:30:00,2026-05-22 18:36:00,11:06:00,11.1
EA,IPSWICH,EMERGENCY,ENG022,Peter Wong,Mark Booker,W5603586,IR,R2,2026-05-23 09:26:00,2026-05-23 22:56:00,13:30:00,13.5
SC,PERTH,ROUTINE,ENG002,Alistair Fraser,Steven Leckie,W5603587,EM,R2,2026-05-23 11:09:00,2026-05-23 21:33:00,10:24:00,10.4
SC,PAISLEY,REPAIR,ENG002,Alistair Fraser,Steven Leckie,W5603588,ME,R2,2026-05-23 11:36:00,2026-05-23 16:36:00,05:00:00,5.0
WM,STOKE,REPAIR,ENG041,Una Cowling,Mark Reygate,W5603589,MR,E1,2026-05-23 11:58:00,2026-05-23 21:22:00,09:24:00,9.4
NW,BOLTON,ROUTINE,ENG011,Karen Simmons,Gary Williams,W5603590,EM,R2,2026-05-27 10:02:00,2026-05-27 16:26:00,06:24:00,6.4
NE,MIDDLESBROUGH,METERING,ENG070,Janet Robb,Bill Tyne,W5603591,IR,E1,2026-05-27 07:01:00,2026-05-27 21:31:00,14:30:00,14.5
SC,PERTH,REPAIR,ENG002,Alistair Fraser,Steven Leckie,W5603592,ME,E1,2026-05-26 09:01:00,2026-05-26 18:43:00,09:42:00,9.7
SE,GUILDFORD,METERING,ENG033,Julie Price,Pat Nolan,W5603593,EM,E2,2026-05-26 08:47:00,2026-05-26 18:35:00,09:48:00,9.8
NT,DERBY,EMERGENCY,ENG061,Cathy Dean,Sue Holt,W5603594,RO,R2,2026-05-25 07:12:00,2026-05-25 12:18:00,05:06:00,5.1
NE,NEWCASTLE,ROUTINE,ENG070,Janet Robb,Bill Tyne,W5603595,MR,M1,2026-05-24 09:57:00,2026-05-24 18:33:00,08:36:00,8.6
SO,BASINGSTOKE,REPAIR,ENG051,Wendy Nash,Phil Russell,W5603596,EM,R1,2026-05-21 08:35:00,2026-05-21 15:59:00,07:24:00,7.4
WM,WOLVERHAMPTON,REPAIR,ENG040,Wayne Edwards,Mark Reygate,W5603597,ME,E1,2026-05-24 06:38:00,2026-05-24 14:44:00,08:06:00,8.1
NT,MANSFIELD,EMERGENCY,ENG062,Fred Archer,Sue Holt,W5603598,MR,E2,2026-05-22 11:53:00,2026-05-22 20:17:00,08:24:00,8.4
SO,SOUTHAMPTON,REPAIR,ENG050,Phil Hodgkins,Phil Russell,W5603599,ME,M1,2026-05-25 07:39:00,2026-05-25 11:45:00,04:05:59,4.1
SO,SOUTHAMPTON,INSPECTION,ENG050,Phil Hodgkins,Phil Russell,W5603600,MR,M2,2026-05-24 09:41:00,2026-05-24 23:29:00,13:48:00,13.8
NT,MANSFIELD,REPAIR,ENG062,Fred Archer,Sue Holt,W5603601,EM,M2,2026-05-23 06:16:00,2026-05-23 16:16:00,10:00:00,10.0
NT,DERBY,ROUTINE,ENG061,Cathy Dean,Sue Holt,W5603602,RO,E1,2026-05-24 09:06:00,2026-05-24 14:00:00,04:54:00,4.9
NW,BOLTON,INSPECTION,ENG011,Karen Simmons,Gary Williams,W5603603,IR,M1,2026-05-27 07:06:00,2026-05-27 09:18:00,02:12:00,2.2
NE,MIDDLESBROUGH,ROUTINE,ENG071,Alan Shaw,Bill Tyne,W5603604,MR,M1,2026-05-27 08:42:00,2026-05-27 19:54:00,11:12:00,11.2
NE,NEWCASTLE,INSPECTION,ENG070,Janet Robb,Bill Tyne,W5603605,EM,R1,2026-05-24 08:52:00,2026-05-24 19:16:00,10:24:00,10.4
SE,MAIDSTONE,INSPECTION,ENG031,Tracey McIntyre,Ray Ingram,W5603606,EM,M1,2026-05-24 06:32:00,2026-05-24 16:38:00,10:06:00,10.1
NE,DURHAM,ROUTINE,ENG071,Alan Shaw,Bill Tyne,W5603607,RO,M2,2026-05-22 08:01:00,2026-05-22 19:07:00,11:06:00,11.1
WM,BIRMINGHAM,EMERGENCY,ENG043,Diane Hunt,Tom Avery,W5603608,RO,M2,2026-05-26 08:53:00,2026-05-27 00:53:00,16:00:00,16.0
SE,MAIDSTONE,INSPECTION,ENG033,Julie Price,Pat Nolan,W5603609,RO,M1,2026-05-23 09:19:00,2026-05-23 20:37:00,11:18:00,11.3
NT,MANSFIELD,REPAIR,ENG061,Cathy Dean,Sue Holt,W5603610,IR,R1,2026-05-21 09:20:00,2026-05-21 23:32:00,14:12:00,14.2
SE,MAIDSTONE,ROUTINE,ENG033,Julie Price,Pat Nolan,W5603611,RO,M2,2026-05-21 10:50:00,2026-05-21 19:02:00,08:11:59,8.2
EA,NORWICH,ROUTINE,ENG021,Rachel Davies,Mark Booker,W5603612,IR,E2,2026-05-23 09:34:00,2026-05-23 15:40:00,06:06:00,6.1
WM,BIRMINGHAM,METERING,ENG041,Una Cowling,Mark Reygate,W5603613,RO,E2,2026-05-24 06:41:00,2026-05-24 14:05:00,07:24:00,7.4
NE,SUNDERLAND,EMERGENCY,ENG071,Alan Shaw,Bill Tyne,W5603614,ME,R2,2026-05-23 08:17:00,2026-05-23 14:05:00,05:48:00,5.8
NT,DERBY,INSPECTION,ENG060,Barry Noon,Sue Holt,W5603615,EM,R1,2026-05-27 06:09:00,2026-05-27 10:51:00,04:42:00,4.7
SC,PAISLEY,INSPECTION,ENG002,Alistair Fraser,Steven Leckie,W5603616,IR,R1,2026-05-21 07:33:00,2026-05-21 12:03:00,04:30:00,4.5
NW,STOCKPORT,EMERGENCY,ENG013,Helen Morris,Dave Clarke,W5603617,RO,E1,2026-05-24 10:59:00,2026-05-24 13:11:00,02:12:00,2.2
NW,MANCHESTER,ROUTINE,ENG011,Karen Simmons,Gary Williams,W5603618,EM,M1,2026-05-22 08:18:00,2026-05-23 00:12:00,15:54:00,15.9
SO,BOURNEMOUTH,INSPECTION,ENG052,Chris Lamb,Phil Russell,W5603619,ME,R2,2026-05-24 08:10:00,2026-05-24 15:22:00,07:12:00,7.2
SE,MAIDSTONE,REPAIR,ENG032,Colin James,Pat Nolan,W5603620,RO,E1,2026-05-22 06:57:00,2026-05-22 22:21:00,15:24:00,15.4
NW,BLACKBURN,INSPECTION,ENG010,Paul Dawson,Gary Williams,W5603621,MR,M1,2026-05-23 10:50:00,2026-05-23 13:32:00,02:42:00,2.7
NT,LINCOLN,INSPECTION,ENG061,Cathy Dean,Sue Holt,W5603622,IR,R2,2026-05-24 11:51:00,2026-05-25 03:21:00,15:30:00,15.5
SO,BOURNEMOUTH,ROUTINE,ENG052,Chris Lamb,Phil Russell,W5603623,ME,M1,2026-05-27 07:53:00,2026-05-27 11:35:00,03:42:00,3.7
SE,MAIDSTONE,ROUTINE,ENG030,Stuart Porter,Ray Ingram,W5603624,EM,M2,2026-05-24 09:55:00,2026-05-24 15:01:00,05:06:00,5.1
NW,LIVERPOOL,INSPECTION,ENG013,Helen Morris,Dave Clarke,W5603625,RO,M2,2026-05-24 10:41:00,2026-05-24 22:47:00,12:06:00,12.1
NE,GATESHEAD,INSPECTION,ENG071,Alan Shaw,Bill Tyne,W5603626,MR,E1,2026-05-21 11:04:00,2026-05-21 18:46:00,07:42:00,7.7
WM,WALSALL,METERING,ENG040,Wayne Edwards,Mark Reygate,W5603627,RO,R1,2026-05-21 06:27:00,2026-05-21 21:51:00,15:24:00,15.4
SC,DUNDEE,REPAIR,ENG001,John MacDonald,Steven Leckie,W5603628,MR,E2,2026-05-23 06:10:00,2026-05-23 16:16:00,10:06:00,10.1
SE,HORSHAM,INSPECTION,ENG033,Julie Price,Pat Nolan,W5603629,RO,M1,2026-05-22 06:34:00,2026-05-22 11:46:00,05:12:00,5.2
NT,LEICESTER,ROUTINE,ENG060,Barry Noon,Sue Holt,W5603630,RO,E2,2026-05-26 10:21:00,2026-05-26 19:45:00,09:24:00,9.4
WM,WOLVERHAMPTON,METERING,ENG043,Diane Hunt,Tom Avery,W5603631,ME,R2,2026-05-21 10:23:00,2026-05-21 13:05:00,02:42:00,2.7
WM,BIRMINGHAM,EMERGENCY,ENG042,Steve Frost,Mark Reygate,W5603632,EM,E2,2026-05-25 08:57:00,2026-05-25 13:09:00,04:12:00,4.2
NT,NOTTINGHAM,EMERGENCY,ENG061,Cathy Dean,Sue Holt,W5603633,IR,R2,2026-05-23 10:29:00,2026-05-23 19:59:00,09:30:00,9.5
EA,PETERBOROUGH,REPAIR,ENG020,Mark Holloway,Mark Booker,W5603634,ME,E2,2026-05-25 09:35:00,2026-05-25 15:29:00,05:54:00,5.9
WM,WOLVERHAMPTON,REPAIR,ENG040,Wayne Edwards,Mark Reygate,W5603635,MR,E2,2026-05-25 06:50:00,2026-05-25 19:56:00,13:06:00,13.1
EA,PETERBOROUGH,REPAIR,ENG021,Rachel Davies,Mark Booker,W5603636,EM,R1,2026-05-22 10:46:00,2026-05-22 16:28:00,05:42:00,5.7
EA,NORWICH,ROUTINE,ENG022,Peter Wong,Mark Booker,W5603637,IR,E1,2026-05-22 11:26:00,2026-05-23 00:20:00,12:54:00,12.9
EA,NORWICH,ROUTINE,ENG022,Peter Wong,Mark Booker,W5603638,IR,E2,2026-05-21 06:09:00,2026-05-21 18:21:00,12:12:00,12.2
NW,WARRINGTON,EMERGENCY,ENG010,Paul Dawson,Gary Williams,W5603639,IR,M2,2026-05-21 10:40:00,2026-05-22 01:28:00,14:48:00,14.8
SO,BOURNEMOUTH,EMERGENCY,ENG050,Phil Hodgkins,Phil Russell,W5603640,MR,R1,2026-05-23 06:42:00,2026-05-23 20:48:00,14:06:00,14.1
SE,HORSHAM,EMERGENCY,ENG033,Julie Price,Pat Nolan,W5603641,MR,M1,2026-05-27 10:25:00,2026-05-27 18:37:00,08:11:59,8.2
WM,WOLVERHAMPTON,REPAIR,ENG040,Wayne Edwards,Mark Reygate,W5603642,RO,M2,2026-05-26 11:19:00,2026-05-26 16:55:00,05:36:00,5.6
SC,PERTH,EMERGENCY,ENG003,Catriona Stewart,Graham Loan,W5603643,MR,E2,2026-05-27 11:08:00,2026-05-27 20:56:00,09:48:00,9.8
SC,STIRLING,EMERGENCY,ENG005,Fiona Cameron,Gordon Shaw,W5603644,MR,M1,2026-05-23 06:44:00,2026-05-23 20:44:00,14:00:00,14.0
EA,PETERBOROUGH,METERING,ENG023,Sharon King,Anne Foster,W5603645,RO,R2,2026-05-25 11:13:00,2026-05-26 00:13:00,13:00:00,13.0
WM,WOLVERHAMPTON,ROUTINE,ENG043,Diane Hunt,Tom Avery,W5603646,IR,R2,2026-05-27 08:30:00,2026-05-27 18:06:00,09:36:00,9.6
NT,LINCOLN,INSPECTION,ENG061,Cathy Dean,Sue Holt,W5603647,MR,R2,2026-05-27 11:23:00,2026-05-28 01:47:00,14:24:00,14.4
NT,DERBY,REPAIR,ENG061,Cathy Dean,Sue Holt,W5603648,EM,E2,2026-05-24 10:43:00,2026-05-24 13:43:00,03:00:00,3.0
NW,WARRINGTON,METERING,ENG012,Brian Cook,Gary Williams,W5603649,MR,R2,2026-05-21 10:08:00,2026-05-21 17:44:00,07:36:00,7.6
NW,STOCKPORT,REPAIR,ENG014,Alan Sharp,Dave Clarke,W5603650,IR,R1,2026-05-24 08:58:00,2026-05-24 12:52:00,03:54:00,3.9
SC,PERTH,REPAIR,ENG005,Fiona Cameron,Gordon Shaw,W5603651,EM,E2,2026-05-25 11:43:00,2026-05-25 22:37:00,10:54:00,10.9
SC,STIRLING,REPAIR,ENG005,Fiona Cameron,Gordon Shaw,W5603652,RO,M2,2026-05-23 11:43:00,2026-05-24 02:07:00,14:24:00,14.4
NT,NOTTINGHAM,REPAIR,ENG061,Cathy Dean,Sue Holt,W5603653,RO,R1,2026-05-22 10:25:00,2026-05-22 22:49:00,12:24:00,12.4
NT,NOTTINGHAM,METERING,ENG061,Cathy Dean,Sue Holt,W5603654,EM,R1,2026-05-23 10:29:00,2026-05-23 20:23:00,09:54:00,9.9
WM,DUDLEY,INSPECTION,ENG041,Una Cowling,Mark Reygate,W5603655,ME,E2,2026-05-26 07:23:00,2026-05-26 12:47:00,05:24:00,5.4
NT,DERBY,METERING,ENG062,Fred Archer,Sue Holt,W5603656,EM,R2,2026-05-27 11:53:00,2026-05-27 18:59:00,07:06:00,7.1
EA,CAMBRIDGE,EMERGENCY,ENG022,Peter Wong,Mark Booker,W5603657,EM,M1,2026-05-21 07:24:00,2026-05-21 15:48:00,08:24:00,8.4
NW,BOLTON,METERING,ENG014,Alan Sharp,Dave Clarke,W5603658,MR,E1,2026-05-21 09:11:00,2026-05-21 16:53:00,07:42:00,7.7
SC,DUNDEE,ROUTINE,ENG006,Kevin McAllister,Gordon Shaw,W5603659,ME,M1,2026-05-24 08:47:00,2026-05-24 21:11:00,12:24:00,12.4
SC,PAISLEY,INSPECTION,ENG006,Kevin McAllister,Gordon Shaw,W5603660,MR,R1,2026-05-21 11:18:00,2026-05-21 16:30:00,05:12:00,5.2
SO,SOUTHAMPTON,EMERGENCY,ENG052,Chris Lamb,Phil Russell,W5603661,EM,M1,2026-05-23 10:19:00,2026-05-23 13:31:00,03:12:00,3.2
SO,SOUTHAMPTON,REPAIR,ENG051,Wendy Nash,Phil Russell,W5603662,IR,R2,2026-05-25 08:26:00,2026-05-25 19:08:00,10:42:00,10.7
SC,INVERNESS,METERING,ENG002,Alistair Fraser,Steven Leckie,W5603663,ME,R1,2026-05-26 11:10:00,2026-05-26 20:34:00,09:24:00,9.4
NT,MANSFIELD,INSPECTION,ENG060,Barry Noon,Sue Holt,W5603664,RO,M1,2026-05-25 10:24:00,2026-05-25 17:54:00,07:30:00,7.5
NW,WARRINGTON,REPAIR,ENG013,Helen Morris,Dave Clarke,W5603665,RO,E2,2026-05-23 11:41:00,2026-05-23 14:59:00,03:18:00,3.3
WM,WALSALL,INSPECTION,ENG041,Una Cowling,Mark Reygate,W5603666,MR,M1,2026-05-24 06:40:00,2026-05-24 09:10:00,02:30:00,2.5
EA,PETERBOROUGH,REPAIR,ENG020,Mark Holloway,Mark Booker,W5603667,IR,M2,2026-05-21 08:22:00,2026-05-21 14:10:00,05:48:00,5.8
SC,PERTH,INSPECTION,ENG001,John MacDonald,Steven Leckie,W5603668,IR,M1,2026-05-23 06:27:00,2026-05-23 11:39:00,05:12:00,5.2
WM,COVENTRY,EMERGENCY,ENG040,Wayne Edwards,Mark Reygate,W5603669,MR,E1,2026-05-22 06:20:00,2026-05-22 18:20:00,12:00:00,12.0
SE,EASTBOURNE,REPAIR,ENG032,Colin James,Pat Nolan,W5603670,IR,E1,2026-05-21 09:46:00,2026-05-21 19:58:00,10:12:00,10.2
EA,CAMBRIDGE,ROUTINE,ENG020,Mark Holloway,Mark Booker,W5603671,ME,M2,2026-05-23 10:25:00,2026-05-23 20:55:00,10:30:00,10.5
SC,STIRLING,METERING,ENG003,Catriona Stewart,Graham Loan,W5603672,EM,M2,2026-05-22 10:35:00,2026-05-22 17:05:00,06:30:00,6.5
SE,GUILDFORD,ROUTINE,ENG033,Julie Price,Pat Nolan,W5603673,IR,E1,2026-05-23 06:38:00,2026-05-23 16:08:00,09:30:00,9.5
NW,LIVERPOOL,METERING,ENG014,Alan Sharp,Dave Clarke,W5603674,ME,R2,2026-05-27 08:46:00,2026-05-27 11:46:00,03:00:00,3.0
WM,COVENTRY,ROUTINE,ENG043,Diane Hunt,Tom Avery,W5603675,EM,E1,2026-05-22 10:42:00,2026-05-22 20:00:00,09:18:00,9.3
NE,NEWCASTLE,REPAIR,ENG071,Alan Shaw,Bill Tyne,W5603676,RO,R1,2026-05-27 08:00:00,2026-05-27 10:06:00,02:06:00,2.1
NT,DERBY,ROUTINE,ENG062,Fred Archer,Sue Holt,W5603677,EM,M2,2026-05-25 08:05:00,2026-05-25 11:59:00,03:54:00,3.9
NW,MANCHESTER,ROUTINE,ENG014,Alan Sharp,Dave Clarke,W5603678,MR,M2,2026-05-27 08:06:00,2026-05-27 22:48:00,14:42:00,14.7
NT,DERBY,EMERGENCY,ENG060,Barry Noon,Sue Holt,W5603679,EM,R1,2026-05-24 11:07:00,2026-05-24 15:37:00,04:30:00,4.5
SO,BASINGSTOKE,REPAIR,ENG052,Chris Lamb,Phil Russell,W5603680,EM,R1,2026-05-22 06:53:00,2026-05-22 12:35:00,05:42:00,5.7
SE,GUILDFORD,METERING,ENG032,Colin James,Pat Nolan,W5603681,RO,R2,2026-05-26 10:49:00,2026-05-26 15:37:00,04:48:00,4.8
NT,DERBY,ROUTINE,ENG061,Cathy Dean,Sue Holt,W5603682,MR,R2,2026-05-23 08:07:00,2026-05-23 14:55:00,06:48:00,6.8
SO,SALISBURY,METERING,ENG050,Phil Hodgkins,Phil Russell,W5603683,IR,R1,2026-05-27 06:40:00,2026-05-27 14:46:00,08:06:00,8.1
NE,SUNDERLAND,ROUTINE,ENG072,Liz Cooke,Bill Tyne,W5603684,RO,M2,2026-05-25 10:13:00,2026-05-25 14:19:00,04:05:59,4.1
WM,COVENTRY,ROUTINE,ENG041,Una Cowling,Mark Reygate,W5603685,EM,M2,2026-05-26 10:34:00,2026-05-26 14:10:00,03:36:00,3.6
SO,SOUTHAMPTON,REPAIR,ENG052,Chris Lamb,Phil Russell,W5603686,ME,E2,2026-05-27 06:27:00,2026-05-27 17:57:00,11:30:00,11.5
NW,BLACKBURN,METERING,ENG013,Helen Morris,Dave Clarke,W5603687,RO,M1,2026-05-21 11:04:00,2026-05-21 15:10:00,04:05:59,4.1
WM,WOLVERHAMPTON,REPAIR,ENG043,Diane Hunt,Tom Avery,W5603688,MR,M1,2026-05-21 10:47:00,2026-05-21 18:47:00,08:00:00,8.0
EA,BEDFORD,METERING,ENG021,Rachel Davies,Mark Booker,W5603689,IR,E1,2026-05-27 09:24:00,2026-05-27 21:30:00,12:06:00,12.1
SE,CROYDON,REPAIR,ENG032,Colin James,Pat Nolan,W5603690,RO,E1,2026-05-27 10:15:00,2026-05-27 16:33:00,06:18:00,6.3
NE,GATESHEAD,METERING,ENG070,Janet Robb,Bill Tyne,W5603691,RO,E2,2026-05-23 06:54:00,2026-05-23 10:06:00,03:12:00,3.2
NW,BOLTON,INSPECTION,ENG013,Helen Morris,Dave Clarke,W5603692,MR,R1,2026-05-24 09:25:00,2026-05-24 23:13:00,13:48:00,13.8
SO,SOUTHAMPTON,EMERGENCY,ENG052,Chris Lamb,Phil Russell,W5603693,EM,E1,2026-05-26 10:00:00,2026-05-26 17:42:00,07:42:00,7.7
WM,COVENTRY,REPAIR,ENG040,Wayne Edwards,Mark Reygate,W5603694,ME,M2,2026-05-27 09:07:00,2026-05-27 12:37:00,03:30:00,3.5
SE,EASTBOURNE,ROUTINE,ENG031,Tracey McIntyre,Ray Ingram,W5603695,IR,R2,2026-05-27 11:41:00,2026-05-27 15:47:00,04:05:59,4.1
SO,BOURNEMOUTH,ROUTINE,ENG052,Chris Lamb,Phil Russell,W5603696,ME,M1,2026-05-27 11:29:00,2026-05-27 20:11:00,08:41:59,8.7
SO,BASINGSTOKE,ROUTINE,ENG051,Wendy Nash,Phil Russell,W5603697,EM,M2,2026-05-21 08:01:00,2026-05-21 13:37:00,05:36:00,5.6
SE,HORSHAM,INSPECTION,ENG032,Colin James,Pat Nolan,W5603698,MR,E1,2026-05-22 09:54:00,2026-05-22 13:36:00,03:42:00,3.7
EA,IPSWICH,METERING,ENG022,Peter Wong,Mark Booker,W5603699,RO,R1,2026-05-25 09:04:00,2026-05-25 21:34:00,12:30:00,12.5
SE,GUILDFORD,EMERGENCY,ENG032,Colin James,Pat Nolan,W5603700,IR,R2,2026-05-25 08:04:00,2026-05-25 16:16:00,08:11:59,8.2
NW,MANCHESTER,REPAIR,ENG013,Helen Morris,Dave Clarke,W5603701,EM,R2,2026-05-27 07:09:00,2026-05-27 21:15:00,14:06:00,14.1
NE,SUNDERLAND,EMERGENCY,ENG072,Liz Cooke,Bill Tyne,W5603702,IR,R1,2026-05-21 06:22:00,2026-05-21 14:58:00,08:36:00,8.6
NE,SUNDERLAND,ROUTINE,ENG070,Janet Robb,Bill Tyne,W5603703,RO,E1,2026-05-27 11:10:00,2026-05-28 01:34:00,14:24:00,14.4
EA,NORWICH,EMERGENCY,ENG023,Sharon King,Anne Foster,W5603704,RO,M1,2026-05-25 06:59:00,2026-05-25 16:23:00,09:24:00,9.4
SC,EDINBURGH,INSPECTION,ENG004,Douglas Reid,Graham Loan,W5603705,IR,M2,2026-05-27 08:24:00,2026-05-27 14:06:00,05:42:00,5.7
SE,HORSHAM,INSPECTION,ENG032,Colin James,Pat Nolan,W5603706,IR,M1,2026-05-24 10:52:00,2026-05-25 02:34:00,15:42:00,15.7
NE,DURHAM,INSPECTION,ENG071,Alan Shaw,Bill Tyne,W5603707,IR,R1,2026-05-24 06:23:00,2026-05-24 17:41:00,11:18:00,11.3
NE,SUNDERLAND,INSPECTION,ENG070,Janet Robb,Bill Tyne,W5603708,MR,E2,2026-05-23 08:00:00,2026-05-23 22:48:00,14:48:00,14.8
EA,IPSWICH,METERING,ENG020,Mark Holloway,Mark Booker,W5603709,RO,E1,2026-05-25 07:06:00,2026-05-25 13:06:00,06:00:00,6.0
EA,LUTON,METERING,ENG022,Peter Wong,Mark Booker,W5603710,ME,R2,2026-05-22 07:30:00,2026-05-22 12:48:00,05:18:00,5.3
SC,STIRLING,INSPECTION,ENG001,John MacDonald,Steven Leckie,W5603711,RO,E1,2026-05-22 06:06:00,2026-05-22 11:00:00,04:54:00,4.9
EA,IPSWICH,REPAIR,ENG022,Peter Wong,Mark Booker,W5603712,EM,R1,2026-05-27 08:35:00,2026-05-27 19:47:00,11:12:00,11.2
EA,BEDFORD,METERING,ENG023,Sharon King,Anne Foster,W5603713,MR,M2,2026-05-21 11:39:00,2026-05-21 18:21:00,06:42:00,6.7
SC,ABERDEEN,EMERGENCY,ENG006,Kevin McAllister,Gordon Shaw,W5603714,EM,M2,2026-05-26 10:46:00,2026-05-26 23:58:00,13:12:00,13.2
NW,BOLTON,REPAIR,ENG010,Paul Dawson,Gary Williams,W5603715,IR,R1,2026-05-27 06:02:00,2026-05-27 21:32:00,15:30:00,15.5
NW,BOLTON,EMERGENCY,ENG011,Karen Simmons,Gary Williams,W5603716,ME,M2,2026-05-22 10:36:00,2026-05-23 02:18:00,15:42:00,15.7
SC,STIRLING,REPAIR,ENG003,Catriona Stewart,Graham Loan,W5603717,EM,R2,2026-05-21 11:45:00,2026-05-22 03:21:00,15:36:00,15.6
SO,SOUTHAMPTON,ROUTINE,ENG050,Phil Hodgkins,Phil Russell,W5603718,EM,R2,2026-05-25 10:27:00,2026-05-26 00:57:00,14:30:00,14.5
NW,BOLTON,REPAIR,ENG010,Paul Dawson,Gary Williams,W5603719,MR,R2,2026-05-24 08:25:00,2026-05-24 18:55:00,10:30:00,10.5
SO,SOUTHAMPTON,ROUTINE,ENG050,Phil Hodgkins,Phil Russell,W5603720,ME,E1,2026-05-27 06:31:00,2026-05-27 16:37:00,10:06:00,10.1
SE,HORSHAM,METERING,ENG031,Tracey McIntyre,Ray Ingram,W5603721,IR,E2,2026-05-27 10:21:00,2026-05-27 23:15:00,12:54:00,12.9
WM,WALSALL,METERING,ENG043,Diane Hunt,Tom Avery,W5603722,ME,E2,2026-05-21 10:06:00,2026-05-21 22:00:00,11:54:00,11.9
SO,SALISBURY,INSPECTION,ENG052,Chris Lamb,Phil Russell,W5603723,EM,E1,2026-05-25 11:37:00,2026-05-25 15:25:00,03:48:00,3.8
NE,DURHAM,REPAIR,ENG071,Alan Shaw,Bill Tyne,W5603724,IR,M1,2026-05-26 11:16:00,2026-05-26 16:40:00,05:24:00,5.4
NT,LINCOLN,ROUTINE,ENG061,Cathy Dean,Sue Holt,W5603725,IR,R1,2026-05-27 09:18:00,2026-05-27 20:24:00,11:06:00,11.1
NW,WIGAN,METERING,ENG010,Paul Dawson,Gary Williams,W5603726,RO,R2,2026-05-22 08:12:00,2026-05-22 11:42:00,03:30:00,3.5
SE,HORSHAM,INSPECTION,ENG031,Tracey McIntyre,Ray Ingram,W5603727,EM,R2,2026-05-22 09:49:00,2026-05-22 18:31:00,08:41:59,8.7
SC,PERTH,REPAIR,ENG003,Catriona Stewart,Graham Loan,W5603728,RO,E1,2026-05-26 09:24:00,2026-05-26 18:18:00,08:54:00,8.9
NE,SUNDERLAND,ROUTINE,ENG072,Liz Cooke,Bill Tyne,W5603729,EM,R1,2026-05-27 06:11:00,2026-05-27 16:11:00,10:00:00,10.0
NT,DERBY,EMERGENCY,ENG061,Cathy Dean,Sue Holt,W5603730,RO,R2,2026-05-25 06:19:00,2026-05-25 16:01:00,09:42:00,9.7
EA,BEDFORD,REPAIR,ENG023,Sharon King,Anne Foster,W5603731,ME,E1,2026-05-23 09:09:00,2026-05-23 22:57:00,13:48:00,13.8
SE,BRIGHTON,ROUTINE,ENG031,Tracey McIntyre,Ray Ingram,W5603732,RO,M1,2026-05-26 08:49:00,2026-05-26 20:25:00,11:36:00,11.6
NT,NOTTINGHAM,METERING,ENG062,Fred Archer,Sue Holt,W5603733,EM,R1,2026-05-23 10:08:00,2026-05-23 15:32:00,05:24:00,5.4
NE,NEWCASTLE,REPAIR,ENG072,Liz Cooke,Bill Tyne,W5603734,ME,M2,2026-05-27 07:52:00,2026-05-27 18:40:00,10:48:00,10.8
SO,PORTSMOUTH,REPAIR,ENG050,Phil Hodgkins,Phil Russell,W5603735,IR,R2,2026-05-25 09:13:00,2026-05-25 22:49:00,13:36:00,13.6
EA,IPSWICH,ROUTINE,ENG021,Rachel Davies,Mark Booker,W5603736,RO,R1,2026-05-23 11:44:00,2026-05-23 22:26:00,10:42:00,10.7
WM,DUDLEY,INSPECTION,ENG041,Una Cowling,Mark Reygate,W5603737,IR,M2,2026-05-26 11:52:00,2026-05-26 14:04:00,02:12:00,2.2
NW,LIVERPOOL,REPAIR,ENG014,Alan Sharp,Dave Clarke,W5603738,RO,E1,2026-05-24 10:09:00,2026-05-24 17:03:00,06:54:00,6.9
NT,LINCOLN,REPAIR,ENG061,Cathy Dean,Sue Holt,W5603739,EM,M2,2026-05-27 08:12:00,2026-05-27 14:42:00,06:30:00,6.5
NE,GATESHEAD,ROUTINE,ENG070,Janet Robb,Bill Tyne,W5603740,IR,R2,2026-05-26 11:56:00,2026-05-26 16:38:00,04:42:00,4.7
NW,LIVERPOOL,ROUTINE,ENG011,Karen Simmons,Gary Williams,W5603741,EM,R1,2026-05-24 10:25:00,2026-05-24 14:25:00,04:00:00,4.0
SC,DUNDEE,METERING,ENG001,John MacDonald,Steven Leckie,W5603742,MR,R2,2026-05-25 11:30:00,2026-05-25 23:18:00,11:48:00,11.8
NW,STOCKPORT,INSPECTION,ENG010,Paul Dawson,Gary Williams,W5603743,EM,E2,2026-05-21 07:43:00,2026-05-21 18:37:00,10:54:00,10.9
SO,SALISBURY,METERING,ENG050,Phil Hodgkins,Phil Russell,W5603744,IR,M2,2026-05-23 08:01:00,2026-05-23 12:07:00,04:05:59,4.1
WM,WALSALL,INSPECTION,ENG041,Una Cowling,Mark Reygate,W5603745,IR,M1,2026-05-21 10:47:00,2026-05-21 16:35:00,05:48:00,5.8
EA,CAMBRIDGE,REPAIR,ENG022,Peter Wong,Mark Booker,W5603746,EM,E2,2026-05-23 10:47:00,2026-05-24 02:41:00,15:54:00,15.9
SE,GUILDFORD,ROUTINE,ENG032,Colin James,Pat Nolan,W5603747,ME,M2,2026-05-24 11:36:00,2026-05-24 19:42:00,08:06:00,8.1
SO,PORTSMOUTH,ROUTINE,ENG052,Chris Lamb,Phil Russell,W5603748,MR,E1,2026-05-24 06:55:00,2026-05-24 17:01:00,10:06:00,10.1
NE,MIDDLESBROUGH,METERING,ENG070,Janet Robb,Bill Tyne,W5603749,ME,M2,2026-05-22 11:40:00,2026-05-22 21:34:00,09:54:00,9.9
NW,MANCHESTER,INSPECTION,ENG012,Brian Cook,Gary Williams,W5603750,RO,M2,2026-05-27 06:11:00,2026-05-27 21:47:00,15:36:00,15.6
NW,LIVERPOOL,METERING,ENG012,Brian Cook,Gary Williams,W5603751,ME,M1,2026-05-27 08:20:00,2026-05-27 14:44:00,06:24:00,6.4
NE,SUNDERLAND,REPAIR,ENG071,Alan Shaw,Bill Tyne,W5603752,EM,R2,2026-05-23 06:21:00,2026-05-23 08:45:00,02:24:00,2.4
NE,GATESHEAD,REPAIR,ENG072,Liz Cooke,Bill Tyne,W5603753,IR,M1,2026-05-24 11:26:00,2026-05-25 01:26:00,14:00:00,14.0
SE,GUILDFORD,ROUTINE,ENG031,Tracey McIntyre,Ray Ingram,W5603754,IR,R2,2026-05-24 08:48:00,2026-05-24 12:48:00,04:00:00,4.0
NW,WIGAN,REPAIR,ENG011,Karen Simmons,Gary Williams,W5603755,MR,M1,2026-05-24 10:48:00,2026-05-24 20:18:00,09:30:00,9.5
WM,WOLVERHAMPTON,REPAIR,ENG043,Diane Hunt,Tom Avery,W5603756,EM,M2,2026-05-22 10:22:00,2026-05-22 21:04:00,10:42:00,10.7
NE,GATESHEAD,INSPECTION,ENG071,Alan Shaw,Bill Tyne,W5603757,EM,E2,2026-05-21 06:17:00,2026-05-21 18:05:00,11:48:00,11.8
EA,NORWICH,METERING,ENG021,Rachel Davies,Mark Booker,W5603758,RO,M1,2026-05-23 09:43:00,2026-05-23 17:31:00,07:48:00,7.8
SC,INVERNESS,ROUTINE,ENG002,Alistair Fraser,Steven Leckie,W5603759,EM,M1,2026-05-23 06:07:00,2026-05-23 18:13:00,12:06:00,12.1
NT,LINCOLN,EMERGENCY,ENG061,Cathy Dean,Sue Holt,W5603760,RO,M2,2026-05-23 11:24:00,2026-05-23 15:54:00,04:30:00,4.5
NW,STOCKPORT,INSPECTION,ENG010,Paul Dawson,Gary Williams,W5603761,ME,M1,2026-05-23 07:41:00,2026-05-23 18:41:00,11:00:00,11.0
EA,CAMBRIDGE,INSPECTION,ENG022,Peter Wong,Mark Booker,W5603762,MR,M1,2026-05-27 11:00:00,2026-05-28 01:42:00,14:42:00,14.7
SE,CROYDON,INSPECTION,ENG030,Stuart Porter,Ray Ingram,W5603763,ME,R2,2026-05-23 07:26:00,2026-05-23 10:56:00,03:30:00,3.5
NW,STOCKPORT,REPAIR,ENG012,Brian Cook,Gary Williams,W5603764,EM,R2,2026-05-26 06:52:00,2026-05-26 16:04:00,09:12:00,9.2
NW,BOLTON,REPAIR,ENG013,Helen Morris,Dave Clarke,W5603765,EM,R2,2026-05-27 10:04:00,2026-05-27 19:58:00,09:54:00,9.9
NT,DERBY,INSPECTION,ENG061,Cathy Dean,Sue Holt,W5603766,EM,R2,2026-05-24 11:33:00,2026-05-24 20:57:00,09:24:00,9.4
NE,NEWCASTLE,INSPECTION,ENG071,Alan Shaw,Bill Tyne,W5603767,EM,R1,2026-05-22 09:03:00,2026-05-22 21:27:00,12:24:00,12.4
SE,MAIDSTONE,INSPECTION,ENG030,Stuart Porter,Ray Ingram,W5603768,ME,R1,2026-05-21 10:58:00,2026-05-21 14:04:00,03:06:00,3.1
SE,MAIDSTONE,METERING,ENG031,Tracey McIntyre,Ray Ingram,W5603769,IR,M1,2026-05-25 08:05:00,2026-05-25 15:41:00,07:36:00,7.6
NT,NOTTINGHAM,INSPECTION,ENG061,Cathy Dean,Sue Holt,W5603770,MR,M1,2026-05-26 06:52:00,2026-05-26 17:52:00,11:00:00,11.0
EA,LUTON,INSPECTION,ENG022,Peter Wong,Mark Booker,W5603771,MR,M1,2026-05-26 07:50:00,2026-05-26 18:26:00,10:36:00,10.6
SC,ABERDEEN,ROUTINE,ENG002,Alistair Fraser,Steven Leckie,W5603772,RO,M1,2026-05-26 06:11:00,2026-05-26 13:53:00,07:42:00,7.7
SO,PORTSMOUTH,ROUTINE,ENG051,Wendy Nash,Phil Russell,W5603773,ME,E1,2026-05-26 06:22:00,2026-05-26 20:28:00,14:06:00,14.1
SC,ABERDEEN,REPAIR,ENG003,Catriona Stewart,Graham Loan,W5603774,ME,M1,2026-05-26 08:56:00,2026-05-26 18:26:00,09:30:00,9.5
EA,PETERBOROUGH,ROUTINE,ENG021,Rachel Davies,Mark Booker,W5603775,IR,E1,2026-05-25 08:08:00,2026-05-25 17:44:00,09:36:00,9.6
SE,CROYDON,ROUTINE,ENG032,Colin James,Pat Nolan,W5603776,MR,E2,2026-05-25 09:37:00,2026-05-25 16:55:00,07:18:00,7.3
SE,HORSHAM,EMERGENCY,ENG033,Julie Price,Pat Nolan,W5603777,IR,M1,2026-05-24 07:45:00,2026-05-24 12:57:00,05:12:00,5.2
SO,PORTSMOUTH,METERING,ENG052,Chris Lamb,Phil Russell,W5603778,IR,M1,2026-05-22 07:01:00,2026-05-22 10:49:00,03:48:00,3.8
WM,STOKE,REPAIR,ENG041,Una Cowling,Mark Reygate,W5603779,IR,M2,2026-05-26 08:32:00,2026-05-26 17:44:00,09:12:00,9.2
SC,GLASGOW,EMERGENCY,ENG006,Kevin McAllister,Gordon Shaw,W5603780,ME,R2,2026-05-24 07:16:00,2026-05-24 12:28:00,05:12:00,5.2
SC,ABERDEEN,ROUTINE,ENG004,Douglas Reid,Graham Loan,W5603781,EM,R2,2026-05-24 11:54:00,2026-05-24 16:54:00,05:00:00,5.0
SO,BOURNEMOUTH,REPAIR,ENG052,Chris Lamb,Phil Russell,W5603782,ME,E1,2026-05-26 06:09:00,2026-05-26 11:39:00,05:30:00,5.5
SC,INVERNESS,INSPECTION,ENG005,Fiona Cameron,Gordon Shaw,W5603783,ME,R1,2026-05-25 07:24:00,2026-05-25 10:24:00,03:00:00,3.0
NE,MIDDLESBROUGH,METERING,ENG071,Alan Shaw,Bill Tyne,W5603784,RO,R2,2026-05-21 08:15:00,2026-05-21 12:51:00,04:36:00,4.6
NT,DERBY,EMERGENCY,ENG060,Barry Noon,Sue Holt,W5603785,EM,R1,2026-05-22 11:04:00,2026-05-22 15:58:00,04:54:00,4.9
WM,STOKE,METERING,ENG041,Una Cowling,Mark Reygate,W5603786,IR,M2,2026-05-21 11:38:00,2026-05-21 23:56:00,12:18:00,12.3
NT,DERBY,EMERGENCY,ENG062,Fred Archer,Sue Holt,W5603787,MR,E2,2026-05-25 10:02:00,2026-05-25 17:14:00,07:12:00,7.2
EA,IPSWICH,REPAIR,ENG022,Peter Wong,Mark Booker,W5603788,EM,E1,2026-05-27 09:26:00,2026-05-27 11:44:00,02:18:00,2.3
NT,MANSFIELD,EMERGENCY,ENG062,Fred Archer,Sue Holt,W5603789,RO,R1,2026-05-21 07:30:00,2026-05-21 18:36:00,11:06:00,11.1
NE,SUNDERLAND,REPAIR,ENG072,Liz Cooke,Bill Tyne,W5603790,EM,M1,2026-05-25 08:38:00,2026-05-25 23:56:00,15:18:00,15.3
SE,HORSHAM,INSPECTION,ENG030,Stuart Porter,Ray Ingram,W5603791,EM,R2,2026-05-23 10:28:00,2026-05-23 20:22:00,09:54:00,9.9
NE,SUNDERLAND,EMERGENCY,ENG071,Alan Shaw,Bill Tyne,W5603792,ME,E1,2026-05-27 07:08:00,2026-05-27 11:44:00,04:36:00,4.6
WM,BIRMINGHAM,INSPECTION,ENG041,Una Cowling,Mark Reygate,W5603793,MR,E2,2026-05-27 08:35:00,2026-05-27 12:59:00,04:24:00,4.4
NW,WARRINGTON,METERING,ENG012,Brian Cook,Gary Williams,W5603794,RO,M1,2026-05-21 08:23:00,2026-05-21 23:53:00,15:30:00,15.5
SE,BRIGHTON,ROUTINE,ENG030,Stuart Porter,Ray Ingram,W5603795,MR,M2,2026-05-27 10:07:00,2026-05-27 16:13:00,06:06:00,6.1
NW,BOLTON,REPAIR,ENG014,Alan Sharp,Dave Clarke,W5603796,IR,E2,2026-05-25 09:04:00,2026-05-25 11:34:00,02:30:00,2.5
EA,BEDFORD,ROUTINE,ENG023,Sharon King,Anne Foster,W5603797,MR,M1,2026-05-25 06:20:00,2026-05-25 10:56:00,04:36:00,4.6
EA,NORWICH,REPAIR,ENG021,Rachel Davies,Mark Booker,W5603798,ME,M2,2026-05-27 08:53:00,2026-05-27 20:17:00,11:24:00,11.4
WM,WOLVERHAMPTON,REPAIR,ENG041,Una Cowling,Mark Reygate,W5603799,EM,E2,2026-05-25 07:21:00,2026-05-25 14:51:00,07:30:00,7.5
SO,PORTSMOUTH,ROUTINE,ENG050,Phil Hodgkins,Phil Russell,W5603800,RO,E2,2026-05-24 08:38:00,2026-05-24 12:56:00,04:18:00,4.3
EA,PETERBOROUGH,ROUTINE,ENG020,Mark Holloway,Mark Booker,W5603801,MR,M1,2026-05-23 09:37:00,2026-05-24 00:25:00,14:48:00,14.8
SE,EASTBOURNE,INSPECTION,ENG032,Colin James,Pat Nolan,W5603802,ME,R2,2026-05-26 09:14:00,2026-05-26 15:50:00,06:36:00,6.6
NE,MIDDLESBROUGH,INSPECTION,ENG071,Alan Shaw,Bill Tyne,W5603803,MR,R1,2026-05-25 06:24:00,2026-05-25 18:36:00,12:12:00,12.2
EA,NORWICH,METERING,ENG023,Sharon King,Anne Foster,W5603804,RO,M2,2026-05-27 06:52:00,2026-05-27 16:10:00,09:18:00,9.3
SC,GLASGOW,METERING,ENG005,Fiona Cameron,Gordon Shaw,W5603805,RO,R1,2026-05-26 07:59:00,2026-05-26 15:23:00,07:24:00,7.4
NW,BOLTON,REPAIR,ENG012,Brian Cook,Gary Williams,W5603806,MR,M1,2026-05-26 07:00:00,2026-05-26 13:18:00,06:18:00,6.3
EA,PETERBOROUGH,EMERGENCY,ENG020,Mark Holloway,Mark Booker,W5603807,MR,E1,2026-05-22 08:06:00,2026-05-22 15:48:00,07:42:00,7.7
SO,SOUTHAMPTON,ROUTINE,ENG050,Phil Hodgkins,Phil Russell,W5603808,RO,E1,2026-05-26 08:46:00,2026-05-26 13:58:00,05:12:00,5.2
EA,PETERBOROUGH,REPAIR,ENG021,Rachel Davies,Mark Booker,W5603809,RO,R2,2026-05-26 11:31:00,2026-05-26 20:07:00,08:36:00,8.6
SO,SALISBURY,INSPECTION,ENG051,Wendy Nash,Phil Russell,W5603810,IR,R1,2026-05-24 06:23:00,2026-05-24 14:35:00,08:11:59,8.2
NT,NOTTINGHAM,INSPECTION,ENG061,Cathy Dean,Sue Holt,W5603811,IR,M2,2026-05-25 08:32:00,2026-05-25 19:02:00,10:30:00,10.5
SO,SOUTHAMPTON,EMERGENCY,ENG051,Wendy Nash,Phil Russell,W5603812,IR,R1,2026-05-23 06:19:00,2026-05-23 15:37:00,09:18:00,9.3
NE,MIDDLESBROUGH,METERING,ENG071,Alan Shaw,Bill Tyne,W5603813,EM,R2,2026-05-26 11:16:00,2026-05-26 15:28:00,04:12:00,4.2
SE,HORSHAM,ROUTINE,ENG030,Stuart Porter,Ray Ingram,W5603814,MR,E1,2026-05-27 08:40:00,2026-05-27 23:04:00,14:24:00,14.4
NT,LINCOLN,EMERGENCY,ENG062,Fred Archer,Sue Holt,W5603815,RO,M1,2026-05-26 06:20:00,2026-05-26 19:08:00,12:48:00,12.8
SC,EDINBURGH,EMERGENCY,ENG006,Kevin McAllister,Gordon Shaw,W5603816,EM,E1,2026-05-21 10:27:00,2026-05-22 00:45:00,14:18:00,14.3
WM,WOLVERHAMPTON,ROUTINE,ENG041,Una Cowling,Mark Reygate,W5603817,MR,E2,2026-05-26 08:49:00,2026-05-26 23:13:00,14:24:00,14.4
SC,INVERNESS,METERING,ENG001,John MacDonald,Steven Leckie,W5603818,RO,E1,2026-05-21 09:04:00,2026-05-21 23:58:00,14:54:00,14.9
SC,GLASGOW,METERING,ENG006,Kevin McAllister,Gordon Shaw,W5603819,IR,M2,2026-05-25 09:02:00,2026-05-25 18:44:00,09:42:00,9.7
WM,DUDLEY,ROUTINE,ENG041,Una Cowling,Mark Reygate,W5603820,EM,E1,2026-05-21 07:11:00,2026-05-21 19:59:00,12:48:00,12.8
SC,EDINBURGH,ROUTINE,ENG005,Fiona Cameron,Gordon Shaw,W5603821,IR,R2,2026-05-24 09:05:00,2026-05-24 20:53:00,11:48:00,11.8
SO,SOUTHAMPTON,EMERGENCY,ENG052,Chris Lamb,Phil Russell,W5603822,ME,R2,2026-05-23 07:00:00,2026-05-23 14:30:00,07:30:00,7.5
EA,NORWICH,EMERGENCY,ENG022,Peter Wong,Mark Booker,W5603823,ME,M1,2026-05-24 09:03:00,2026-05-24 15:03:00,06:00:00,6.0
SC,GLASGOW,INSPECTION,ENG005,Fiona Cameron,Gordon Shaw,W5603824,MR,E1,2026-05-24 09:49:00,2026-05-24 15:49:00,06:00:00,6.0
NT,LEICESTER,METERING,ENG060,Barry Noon,Sue Holt,W5603825,ME,M2,2026-05-21 11:13:00,2026-05-21 15:31:00,04:18:00,4.3
WM,WOLVERHAMPTON,REPAIR,ENG043,Diane Hunt,Tom Avery,W5603826,RO,R1,2026-05-21 09:28:00,2026-05-21 15:22:00,05:54:00,5.9
NE,SUNDERLAND,METERING,ENG070,Janet Robb,Bill Tyne,W5603827,IR,E2,2026-05-22 06:57:00,2026-05-22 19:57:00,13:00:00,13.0
WM,DUDLEY,ROUTINE,ENG040,Wayne Edwards,Mark Reygate,W5603828,MR,R2,2026-05-27 08:28:00,2026-05-27 20:46:00,12:18:00,12.3
NW,BLACKBURN,INSPECTION,ENG011,Karen Simmons,Gary Williams,W5603829,ME,M2,2026-05-25 06:25:00,2026-05-25 17:01:00,10:36:00,10.6
SO,BASINGSTOKE,METERING,ENG052,Chris Lamb,Phil Russell,W5603830,EM,E1,2026-05-23 08:40:00,2026-05-23 20:52:00,12:12:00,12.2
NE,MIDDLESBROUGH,INSPECTION,ENG072,Liz Cooke,Bill Tyne,W5603831,ME,R2,2026-05-21 10:08:00,2026-05-21 13:32:00,03:24:00,3.4
SE,HORSHAM,INSPECTION,ENG031,Tracey McIntyre,Ray Ingram,W5603832,ME,M2,2026-05-26 07:48:00,2026-05-26 19:06:00,11:18:00,11.3
SO,PORTSMOUTH,INSPECTION,ENG051,Wendy Nash,Phil Russell,W5603833,MR,E2,2026-05-25 06:48:00,2026-05-25 09:54:00,03:06:00,3.1
NW,MANCHESTER,ROUTINE,ENG010,Paul Dawson,Gary Williams,W5603834,MR,R2,2026-05-22 08:27:00,2026-05-22 14:15:00,05:48:00,5.8
EA,BEDFORD,INSPECTION,ENG020,Mark Holloway,Mark Booker,W5603835,IR,M1,2026-05-22 06:57:00,2026-05-22 18:33:00,11:36:00,11.6
SO,PORTSMOUTH,EMERGENCY,ENG050,Phil Hodgkins,Phil Russell,W5603836,ME,M2,2026-05-27 11:24:00,2026-05-27 14:18:00,02:54:00,2.9
NT,LINCOLN,ROUTINE,ENG062,Fred Archer,Sue Holt,W5603837,RO,R1,2026-05-27 07:50:00,2026-05-27 18:44:00,10:54:00,10.9
NT,NOTTINGHAM,INSPECTION,ENG060,Barry Noon,Sue Holt,W5603838,RO,M2,2026-05-23 10:24:00,2026-05-23 19:54:00,09:30:00,9.5
SC,PAISLEY,ROUTINE,ENG005,Fiona Cameron,Gordon Shaw,W5603839,ME,E2,2026-05-22 10:12:00,2026-05-22 20:36:00,10:24:00,10.4
NT,MANSFIELD,ROUTINE,ENG061,Cathy Dean,Sue Holt,W5603840,RO,M2,2026-05-22 06:01:00,2026-05-22 13:49:00,07:48:00,7.8
NE,DURHAM,REPAIR,ENG071,Alan Shaw,Bill Tyne,W5603841,RO,M2,2026-05-23 10:21:00,2026-05-23 12:27:00,02:06:00,2.1
NT,DERBY,ROUTINE,ENG060,Barry Noon,Sue Holt,W5603842,RO,R2,2026-05-26 08:01:00,2026-05-26 12:49:00,04:48:00,4.8
NE,SUNDERLAND,METERING,ENG072,Liz Cooke,Bill Tyne,W5603843,IR,M2,2026-05-26 07:07:00,2026-05-26 17:19:00,10:12:00,10.2
NE,NEWCASTLE,REPAIR,ENG072,Liz Cooke,Bill Tyne,W5603844,MR,E1,2026-05-27 11:05:00,2026-05-27 16:17:00,05:12:00,5.2
NE,GATESHEAD,EMERGENCY,ENG070,Janet Robb,Bill Tyne,W5603845,RO,E2,2026-05-23 07:22:00,2026-05-23 15:10:00,07:48:00,7.8
NW,STOCKPORT,INSPECTION,ENG010,Paul Dawson,Gary Williams,W5603846,MR,R1,2026-05-23 08:54:00,2026-05-23 23:06:00,14:12:00,14.2
NE,NEWCASTLE,REPAIR,ENG072,Liz Cooke,Bill Tyne,W5603847,RO,M2,2026-05-21 10:06:00,2026-05-21 20:36:00,10:30:00,10.5
SO,SALISBURY,METERING,ENG052,Chris Lamb,Phil Russell,W5603848,MR,M2,2026-05-23 09:46:00,2026-05-23 14:04:00,04:18:00,4.3
NT,NOTTINGHAM,METERING,ENG062,Fred Archer,Sue Holt,W5603849,RO,R1,2026-05-25 06:34:00,2026-05-25 12:40:00,06:06:00,6.1
NT,NOTTINGHAM,EMERGENCY,ENG062,Fred Archer,Sue Holt,W5603850,MR,E2,2026-05-27 08:08:00,2026-05-27 15:50:00,07:42:00,7.7
NE,SUNDERLAND,REPAIR,ENG070,Janet Robb,Bill Tyne,W5603851,IR,R2,2026-05-23 06:03:00,2026-05-23 18:51:00,12:48:00,12.8
SE,MAIDSTONE,REPAIR,ENG030,Stuart Porter,Ray Ingram,W5603852,RO,M1,2026-05-22 10:21:00,2026-05-22 19:03:00,08:41:59,8.7
SC,DUNDEE,ROUTINE,ENG005,Fiona Cameron,Gordon Shaw,W5603853,IR,R2,2026-05-22 11:51:00,2026-05-23 02:39:00,14:48:00,14.8
SC,DUNDEE,INSPECTION,ENG005,Fiona Cameron,Gordon Shaw,W5603854,RO,E2,2026-05-26 11:18:00,2026-05-26 19:30:00,08:11:59,8.2
NT,MANSFIELD,EMERGENCY,ENG062,Fred Archer,Sue Holt,W5603855,EM,M1,2026-05-25 07:31:00,2026-05-25 22:49:00,15:18:00,15.3
SC,ABERDEEN,ROUTINE,ENG001,John MacDonald,Steven Leckie,W5603856,RO,M1,2026-05-22 10:26:00,2026-05-22 13:38:00,03:12:00,3.2
NE,NEWCASTLE,EMERGENCY,ENG072,Liz Cooke,Bill Tyne,W5603857,RO,E1,2026-05-22 06:47:00,2026-05-22 11:35:00,04:48:00,4.8
SE,HORSHAM,EMERGENCY,ENG031,Tracey McIntyre,Ray Ingram,W5603858,ME,M1,2026-05-27 09:31:00,2026-05-28 00:13:00,14:42:00,14.7
SC,PERTH,METERING,ENG005,Fiona Cameron,Gordon Shaw,W5603859,MR,E2,2026-05-23 07:14:00,2026-05-23 10:14:00,03:00:00,3.0
NT,LINCOLN,EMERGENCY,ENG062,Fred Archer,Sue Holt,W5603860,RO,R2,2026-05-24 08:58:00,2026-05-24 16:34:00,07:36:00,7.6
WM,COVENTRY,EMERGENCY,ENG041,Una Cowling,Mark Reygate,W5603861,RO,E1,2026-05-22 06:05:00,2026-05-22 18:23:00,12:18:00,12.3
NT,NOTTINGHAM,EMERGENCY,ENG061,Cathy Dean,Sue Holt,W5603862,ME,M2,2026-05-26 08:41:00,2026-05-26 19:35:00,10:54:00,10.9
NW,WIGAN,METERING,ENG013,Helen Morris,Dave Clarke,W5603863,IR,M2,2026-05-27 09:38:00,2026-05-27 15:32:00,05:54:00,5.9
SC,DUNDEE,EMERGENCY,ENG003,Catriona Stewart,Graham Loan,W5603864,EM,E2,2026-05-27 06:51:00,2026-05-27 15:51:00,09:00:00,9.0
SO,BOURNEMOUTH,REPAIR,ENG052,Chris Lamb,Phil Russell,W5603865,MR,R1,2026-05-24 08:59:00,2026-05-24 15:59:00,07:00:00,7.0
EA,NORWICH,INSPECTION,ENG021,Rachel Davies,Mark Booker,W5603866,IR,E1,2026-05-24 10:01:00,2026-05-24 18:13:00,08:11:59,8.2
SC,INVERNESS,EMERGENCY,ENG005,Fiona Cameron,Gordon Shaw,W5603867,MR,M2,2026-05-21 08:31:00,2026-05-21 11:31:00,03:00:00,3.0
EA,NORWICH,EMERGENCY,ENG023,Sharon King,Anne Foster,W5603868,ME,M1,2026-05-22 09:27:00,2026-05-22 15:15:00,05:48:00,5.8
EA,NORWICH,INSPECTION,ENG022,Peter Wong,Mark Booker,W5603869,RO,R1,2026-05-23 07:42:00,2026-05-23 11:54:00,04:12:00,4.2
WM,BIRMINGHAM,EMERGENCY,ENG043,Diane Hunt,Tom Avery,W5603870,MR,E2,2026-05-24 09:27:00,2026-05-24 23:21:00,13:54:00,13.9
NE,DURHAM,INSPECTION,ENG070,Janet Robb,Bill Tyne,W5603871,RO,E2,2026-05-22 09:32:00,2026-05-22 13:02:00,03:30:00,3.5
SO,PORTSMOUTH,EMERGENCY,ENG051,Wendy Nash,Phil Russell,W5603872,RO,M2,2026-05-23 09:45:00,2026-05-23 11:51:00,02:06:00,2.1
WM,BIRMINGHAM,METERING,ENG041,Una Cowling,Mark Reygate,W5603873,MR,M1,2026-05-22 07:15:00,2026-05-22 21:57:00,14:42:00,14.7
NE,GATESHEAD,ROUTINE,ENG071,Alan Shaw,Bill Tyne,W5603874,RO,E1,2026-05-23 06:23:00,2026-05-23 09:17:00,02:54:00,2.9
SE,MAIDSTONE,REPAIR,ENG032,Colin James,Pat Nolan,W5603875,RO,M1,2026-05-23 10:41:00,2026-05-24 01:53:00,15:12:00,15.2
NW,BLACKBURN,INSPECTION,ENG010,Paul Dawson,Gary Williams,W5603876,EM,M1,2026-05-24 10:37:00,2026-05-25 02:31:00,15:54:00,15.9
NW,STOCKPORT,ROUTINE,ENG014,Alan Sharp,Dave Clarke,W5603877,IR,R1,2026-05-22 11:59:00,2026-05-23 00:41:00,12:42:00,12.7
NT,LINCOLN,INSPECTION,ENG060,Barry Noon,Sue Holt,W5603878,EM,E2,2026-05-27 10:32:00,2026-05-27 19:26:00,08:54:00,8.9
NW,BOLTON,METERING,ENG014,Alan Sharp,Dave Clarke,W5603879,EM,M1,2026-05-21 08:13:00,2026-05-21 11:13:00,03:00:00,3.0
SE,MAIDSTONE,REPAIR,ENG033,Julie Price,Pat Nolan,W5603880,IR,M1,2026-05-26 08:16:00,2026-05-26 14:52:00,06:36:00,6.6
SC,GLASGOW,INSPECTION,ENG003,Catriona Stewart,Graham Loan,W5603881,RO,E1,2026-05-21 09:48:00,2026-05-21 18:18:00,08:30:00,8.5
NW,BLACKBURN,EMERGENCY,ENG014,Alan Sharp,Dave Clarke,W5603882,IR,E2,2026-05-27 08:04:00,2026-05-27 11:40:00,03:36:00,3.6
WM,WALSALL,METERING,ENG043,Diane Hunt,Tom Avery,W5603883,IR,R1,2026-05-21 07:19:00,2026-05-21 22:25:00,15:06:00,15.1
SE,MAIDSTONE,INSPECTION,ENG030,Stuart Porter,Ray Ingram,W5603884,MR,R2,2026-05-26 09:51:00,2026-05-27 01:09:00,15:18:00,15.3
SO,SOUTHAMPTON,ROUTINE,ENG051,Wendy Nash,Phil Russell,W5603885,EM,E2,2026-05-21 10:54:00,2026-05-21 20:30:00,09:36:00,9.6
SE,MAIDSTONE,INSPECTION,ENG030,Stuart Porter,Ray Ingram,W5603886,MR,E1,2026-05-22 10:21:00,2026-05-22 17:09:00,06:48:00,6.8
NW,BLACKBURN,METERING,ENG011,Karen Simmons,Gary Williams,W5603887,EM,M1,2026-05-26 10:32:00,2026-05-27 01:44:00,15:12:00,15.2
SE,EASTBOURNE,ROUTINE,ENG030,Stuart Porter,Ray Ingram,W5603888,ME,M2,2026-05-23 10:35:00,2026-05-23 13:59:00,03:24:00,3.4
NW,STOCKPORT,EMERGENCY,ENG014,Alan Sharp,Dave Clarke,W5603889,MR,M2,2026-05-23 11:17:00,2026-05-23 21:59:00,10:42:00,10.7
NT,MANSFIELD,REPAIR,ENG060,Barry Noon,Sue Holt,W5603890,MR,M2,2026-05-25 09:42:00,2026-05-25 15:00:00,05:18:00,5.3
WM,WOLVERHAMPTON,EMERGENCY,ENG041,Una Cowling,Mark Reygate,W5603891,ME,E2,2026-05-24 11:00:00,2026-05-24 17:30:00,06:30:00,6.5
NW,WIGAN,REPAIR,ENG014,Alan Sharp,Dave Clarke,W5603892,MR,E2,2026-05-26 06:36:00,2026-05-26 13:00:00,06:24:00,6.4
NW,WIGAN,METERING,ENG014,Alan Sharp,Dave Clarke,W5603893,ME,R2,2026-05-23 09:29:00,2026-05-23 13:17:00,03:48:00,3.8
WM,WOLVERHAMPTON,METERING,ENG040,Wayne Edwards,Mark Reygate,W5603894,RO,R2,2026-05-27 07:21:00,2026-05-27 11:21:00,04:00:00,4.0
SO,PORTSMOUTH,ROUTINE,ENG051,Wendy Nash,Phil Russell,W5603895,EM,E1,2026-05-25 11:57:00,2026-05-25 15:33:00,03:36:00,3.6
SO,BOURNEMOUTH,METERING,ENG051,Wendy Nash,Phil Russell,W5603896,IR,R1,2026-05-25 11:42:00,2026-05-25 13:54:00,02:12:00,2.2
NT,MANSFIELD,REPAIR,ENG062,Fred Archer,Sue Holt,W5603897,EM,M2,2026-05-26 07:20:00,2026-05-26 20:56:00,13:36:00,13.6
SO,BASINGSTOKE,METERING,ENG052,Chris Lamb,Phil Russell,W5603898,IR,M1,2026-05-24 06:09:00,2026-05-24 12:21:00,06:12:00,6.2
NW,WIGAN,EMERGENCY,ENG012,Brian Cook,Gary Williams,W5603899,EM,E1,2026-05-23 09:56:00,2026-05-23 18:44:00,08:48:00,8.8
EA,BEDFORD,EMERGENCY,ENG020,Mark Holloway,Mark Booker,W5603900,MR,E2,2026-05-27 11:30:00,2026-05-28 02:48:00,15:18:00,15.3
SE,EASTBOURNE,ROUTINE,ENG032,Colin James,Pat Nolan,W5603901,ME,M2,2026-05-24 09:52:00,2026-05-24 15:04:00,05:12:00,5.2
SO,SOUTHAMPTON,EMERGENCY,ENG052,Chris Lamb,Phil Russell,W5603902,RO,R2,2026-05-22 06:20:00,2026-05-22 10:38:00,04:18:00,4.3
EA,BEDFORD,EMERGENCY,ENG022,Peter Wong,Mark Booker,W5603903,MR,E2,2026-05-25 11:49:00,2026-05-26 00:19:00,12:30:00,12.5
EA,IPSWICH,ROUTINE,ENG021,Rachel Davies,Mark Booker,W5603904,IR,M1,2026-05-23 11:28:00,2026-05-23 17:52:00,06:24:00,6.4
SC,PAISLEY,ROUTINE,ENG004,Douglas Reid,Graham Loan,W5603905,MR,R1,2026-05-26 09:29:00,2026-05-26 18:23:00,08:54:00,8.9
SO,BASINGSTOKE,EMERGENCY,ENG052,Chris Lamb,Phil Russell,W5603906,ME,E1,2026-05-23 07:29:00,2026-05-23 11:41:00,04:12:00,4.2
WM,WOLVERHAMPTON,EMERGENCY,ENG040,Wayne Edwards,Mark Reygate,W5603907,ME,R2,2026-05-21 10:06:00,2026-05-21 20:48:00,10:42:00,10.7
SE,CROYDON,EMERGENCY,ENG030,Stuart Porter,Ray Ingram,W5603908,EM,R2,2026-05-26 07:10:00,2026-05-26 23:04:00,15:54:00,15.9
SC,EDINBURGH,REPAIR,ENG003,Catriona Stewart,Graham Loan,W5603909,RO,R1,2026-05-22 09:47:00,2026-05-22 14:41:00,04:54:00,4.9
SE,HORSHAM,METERING,ENG033,Julie Price,Pat Nolan,W5603910,ME,R2,2026-05-24 07:37:00,2026-05-24 21:49:00,14:12:00,14.2
EA,NORWICH,ROUTINE,ENG021,Rachel Davies,Mark Booker,W5603911,ME,E2,2026-05-25 10:23:00,2026-05-25 20:47:00,10:24:00,10.4
NT,MANSFIELD,ROUTINE,ENG061,Cathy Dean,Sue Holt,W5603912,ME,E1,2026-05-25 09:36:00,2026-05-25 19:30:00,09:54:00,9.9
SE,HORSHAM,INSPECTION,ENG031,Tracey McIntyre,Ray Ingram,W5603913,MR,R1,2026-05-21 06:52:00,2026-05-21 12:22:00,05:30:00,5.5
NT,LEICESTER,REPAIR,ENG062,Fred Archer,Sue Holt,W5603914,MR,M2,2026-05-26 07:43:00,2026-05-26 18:49:00,11:06:00,11.1
WM,WALSALL,INSPECTION,ENG042,Steve Frost,Mark Reygate,W5603915,ME,M1,2026-05-26 07:03:00,2026-05-26 22:39:00,15:36:00,15.6
EA,CAMBRIDGE,EMERGENCY,ENG020,Mark Holloway,Mark Booker,W5603916,RO,R2,2026-05-22 09:54:00,2026-05-22 22:12:00,12:18:00,12.3
WM,BIRMINGHAM,REPAIR,ENG040,Wayne Edwards,Mark Reygate,W5603917,MR,R2,2026-05-26 08:21:00,2026-05-26 23:21:00,15:00:00,15.0
NW,MANCHESTER,EMERGENCY,ENG012,Brian Cook,Gary Williams,W5603918,EM,R2,2026-05-21 09:53:00,2026-05-22 00:23:00,14:30:00,14.5
EA,NORWICH,INSPECTION,ENG020,Mark Holloway,Mark Booker,W5603919,RO,E2,2026-05-21 08:12:00,2026-05-21 16:48:00,08:36:00,8.6
WM,COVENTRY,INSPECTION,ENG040,Wayne Edwards,Mark Reygate,W5603920,EM,M2,2026-05-23 08:19:00,2026-05-23 17:49:00,09:30:00,9.5
SE,HORSHAM,REPAIR,ENG030,Stuart Porter,Ray Ingram,W5603921,ME,R1,2026-05-24 10:33:00,2026-05-24 14:27:00,03:54:00,3.9
NW,MANCHESTER,ROUTINE,ENG013,Helen Morris,Dave Clarke,W5603922,IR,M2,2026-05-24 08:48:00,2026-05-24 20:12:00,11:24:00,11.4
EA,BEDFORD,METERING,ENG021,Rachel Davies,Mark Booker,W5603923,RO,M2,2026-05-26 10:52:00,2026-05-26 16:34:00,05:42:00,5.7
SE,MAIDSTONE,ROUTINE,ENG030,Stuart Porter,Ray Ingram,W5603924,RO,M1,2026-05-25 11:30:00,2026-05-25 19:54:00,08:24:00,8.4
NT,LEICESTER,REPAIR,ENG060,Barry Noon,Sue Holt,W5603925,RO,E1,2026-05-24 08:02:00,2026-05-24 11:14:00,03:12:00,3.2
SE,EASTBOURNE,METERING,ENG033,Julie Price,Pat Nolan,W5603926,RO,E2,2026-05-27 07:03:00,2026-05-27 15:45:00,08:41:59,8.7
NT,NOTTINGHAM,METERING,ENG061,Cathy Dean,Sue Holt,W5603927,MR,E1,2026-05-25 06:25:00,2026-05-25 16:49:00,10:24:00,10.4
SO,BOURNEMOUTH,INSPECTION,ENG052,Chris Lamb,Phil Russell,W5603928,ME,M2,2026-05-21 10:51:00,2026-05-21 22:09:00,11:18:00,11.3
NE,DURHAM,INSPECTION,ENG071,Alan Shaw,Bill Tyne,W5603929,IR,M1,2026-05-26 06:19:00,2026-05-26 09:49:00,03:30:00,3.5
NW,STOCKPORT,REPAIR,ENG014,Alan Sharp,Dave Clarke,W5603930,ME,M2,2026-05-21 08:43:00,2026-05-21 16:37:00,07:54:00,7.9
EA,BEDFORD,REPAIR,ENG023,Sharon King,Anne Foster,W5603931,EM,R1,2026-05-21 07:20:00,2026-05-21 19:20:00,12:00:00,12.0
NE,GATESHEAD,EMERGENCY,ENG070,Janet Robb,Bill Tyne,W5603932,RO,M2,2026-05-26 08:08:00,2026-05-26 14:50:00,06:42:00,6.7
SO,SALISBURY,INSPECTION,ENG050,Phil Hodgkins,Phil Russell,W5603933,ME,M2,2026-05-27 06:07:00,2026-05-27 20:37:00,14:30:00,14.5
SC,PAISLEY,REPAIR,ENG006,Kevin McAllister,Gordon Shaw,W5603934,MR,E1,2026-05-23 10:36:00,2026-05-23 13:00:00,02:24:00,2.4
SE,MAIDSTONE,METERING,ENG033,Julie Price,Pat Nolan,W5603935,EM,E1,2026-05-24 06:10:00,2026-05-24 10:28:00,04:18:00,4.3
NT,NOTTINGHAM,REPAIR,ENG060,Barry Noon,Sue Holt,W5603936,ME,M2,2026-05-27 08:39:00,2026-05-27 23:03:00,14:24:00,14.4
NE,GATESHEAD,EMERGENCY,ENG070,Janet Robb,Bill Tyne,W5603937,RO,R1,2026-05-26 07:49:00,2026-05-26 15:55:00,08:06:00,8.1
SC,DUNDEE,ROUTINE,ENG002,Alistair Fraser,Steven Leckie,W5603938,MR,R1,2026-05-21 06:44:00,2026-05-21 12:44:00,06:00:00,6.0
NW,STOCKPORT,METERING,ENG011,Karen Simmons,Gary Williams,W5603939,IR,E2,2026-05-27 09:31:00,2026-05-28 00:31:00,15:00:00,15.0
SO,SALISBURY,REPAIR,ENG050,Phil Hodgkins,Phil Russell,W5603940,IR,M2,2026-05-25 06:40:00,2026-05-25 10:52:00,04:12:00,4.2
NT,MANSFIELD,ROUTINE,ENG061,Cathy Dean,Sue Holt,W5603941,EM,M1,2026-05-26 10:04:00,2026-05-26 21:10:00,11:06:00,11.1
NT,LINCOLN,INSPECTION,ENG062,Fred Archer,Sue Holt,W5603942,MR,R2,2026-05-24 11:23:00,2026-05-24 21:59:00,10:36:00,10.6
WM,WALSALL,INSPECTION,ENG042,Steve Frost,Mark Reygate,W5603943,EM,E2,2026-05-23 08:38:00,2026-05-23 18:38:00,10:00:00,10.0
SO,PORTSMOUTH,ROUTINE,ENG050,Phil Hodgkins,Phil Russell,W5603944,IR,E2,2026-05-21 06:18:00,2026-05-21 18:00:00,11:42:00,11.7
SC,INVERNESS,EMERGENCY,ENG004,Douglas Reid,Graham Loan,W5603945,RO,M1,2026-05-24 11:34:00,2026-05-24 18:16:00,06:42:00,6.7
SO,SOUTHAMPTON,ROUTINE,ENG050,Phil Hodgkins,Phil Russell,W5603946,IR,M2,2026-05-25 08:14:00,2026-05-25 17:26:00,09:12:00,9.2
SE,CROYDON,INSPECTION,ENG031,Tracey McIntyre,Ray Ingram,W5603947,EM,E2,2026-05-25 11:52:00,2026-05-26 00:58:00,13:06:00,13.1
SE,MAIDSTONE,INSPECTION,ENG030,Stuart Porter,Ray Ingram,W5603948,EM,R2,2026-05-27 06:51:00,2026-05-27 17:45:00,10:54:00,10.9
NW,MANCHESTER,REPAIR,ENG011,Karen Simmons,Gary Williams,W5603949,IR,R2,2026-05-26 09:48:00,2026-05-26 22:12:00,12:24:00,12.4
SC,PERTH,METERING,ENG001,John MacDonald,Steven Leckie,W5603950,IR,E2,2026-05-26 07:26:00,2026-05-26 16:32:00,09:06:00,9.1
EA,NORWICH,METERING,ENG022,Peter Wong,Mark Booker,W5603951,MR,R1,2026-05-25 06:53:00,2026-05-25 19:41:00,12:48:00,12.8
EA,IPSWICH,REPAIR,ENG020,Mark Holloway,Mark Booker,W5603952,IR,R2,2026-05-25 11:16:00,2026-05-26 02:16:00,15:00:00,15.0
NE,SUNDERLAND,REPAIR,ENG070,Janet Robb,Bill Tyne,W5603953,ME,E1,2026-05-26 10:59:00,2026-05-26 22:59:00,12:00:00,12.0
NW,MANCHESTER,REPAIR,ENG014,Alan Sharp,Dave Clarke,W5603954,ME,E1,2026-05-21 09:42:00,2026-05-21 23:18:00,13:36:00,13.6
NE,MIDDLESBROUGH,ROUTINE,ENG072,Liz Cooke,Bill Tyne,W5603955,ME,M1,2026-05-26 07:10:00,2026-05-26 14:28:00,07:18:00,7.3
NE,SUNDERLAND,REPAIR,ENG072,Liz Cooke,Bill Tyne,W5603956,MR,M1,2026-05-24 10:47:00,2026-05-24 21:53:00,11:06:00,11.1
SO,SALISBURY,METERING,ENG051,Wendy Nash,Phil Russell,W5603957,ME,R1,2026-05-26 08:49:00,2026-05-26 17:43:00,08:54:00,8.9
NT,LINCOLN,ROUTINE,ENG061,Cathy Dean,Sue Holt,W5603958,IR,M2,2026-05-25 11:16:00,2026-05-25 17:16:00,06:00:00,6.0
SE,MAIDSTONE,REPAIR,ENG032,Colin James,Pat Nolan,W5603959,MR,R2,2026-05-27 06:56:00,2026-05-27 09:50:00,02:54:00,2.9
NT,MANSFIELD,REPAIR,ENG061,Cathy Dean,Sue Holt,W5603960,IR,R1,2026-05-24 10:03:00,2026-05-24 20:51:00,10:48:00,10.8
NW,MANCHESTER,EMERGENCY,ENG011,Karen Simmons,Gary Williams,W5603961,RO,E1,2026-05-25 11:22:00,2026-05-26 00:22:00,13:00:00,13.0
WM,DUDLEY,REPAIR,ENG041,Una Cowling,Mark Reygate,W5603962,MR,R1,2026-05-27 10:23:00,2026-05-27 23:41:00,13:18:00,13.3
NT,LEICESTER,REPAIR,ENG060,Barry Noon,Sue Holt,W5603963,RO,E2,2026-05-24 06:02:00,2026-05-24 20:20:00,14:18:00,14.3
WM,COVENTRY,ROUTINE,ENG043,Diane Hunt,Tom Avery,W5603964,IR,R1,2026-05-21 11:40:00,2026-05-21 15:58:00,04:18:00,4.3
SC,ABERDEEN,REPAIR,ENG001,John MacDonald,Steven Leckie,W5603965,MR,M2,2026-05-26 10:10:00,2026-05-26 21:58:00,11:48:00,11.8
WM,BIRMINGHAM,METERING,ENG040,Wayne Edwards,Mark Reygate,W5603966,IR,M1,2026-05-26 08:32:00,2026-05-26 22:26:00,13:54:00,13.9
SC,DUNDEE,REPAIR,ENG005,Fiona Cameron,Gordon Shaw,W5603967,ME,M1,2026-05-25 07:44:00,2026-05-25 15:32:00,07:48:00,7.8
EA,NORWICH,EMERGENCY,ENG020,Mark Holloway,Mark Booker,W5603968,EM,E1,2026-05-27 09:17:00,2026-05-27 11:23:00,02:06:00,2.1
SE,EASTBOURNE,INSPECTION,ENG031,Tracey McIntyre,Ray Ingram,W5603969,ME,M2,2026-05-27 09:02:00,2026-05-27 15:56:00,06:54:00,6.9
NT,MANSFIELD,ROUTINE,ENG060,Barry Noon,Sue Holt,W5603970,EM,R1,2026-05-22 11:56:00,2026-05-22 21:08:00,09:12:00,9.2
SC,DUNDEE,EMERGENCY,ENG004,Douglas Reid,Graham Loan,W5603971,ME,M2,2026-05-26 11:41:00,2026-05-26 18:29:00,06:48:00,6.8
SE,HORSHAM,INSPECTION,ENG033,Julie Price,Pat Nolan,W5603972,ME,E1,2026-05-22 11:40:00,2026-05-22 17:16:00,05:36:00,5.6
NW,WARRINGTON,ROUTINE,ENG011,Karen Simmons,Gary Williams,W5603973,EM,M2,2026-05-23 07:07:00,2026-05-23 10:55:00,03:48:00,3.8
SC,GLASGOW,METERING,ENG004,Douglas Reid,Graham Loan,W5603974,ME,R1,2026-05-25 06:34:00,2026-05-25 22:10:00,15:36:00,15.6
NW,BOLTON,METERING,ENG010,Paul Dawson,Gary Williams,W5603975,EM,E1,2026-05-21 11:42:00,2026-05-22 03:12:00,15:30:00,15.5
WM,WALSALL,EMERGENCY,ENG040,Wayne Edwards,Mark Reygate,W5603976,ME,M2,2026-05-26 07:06:00,2026-05-26 20:36:00,13:30:00,13.5
SC,DUNDEE,METERING,ENG005,Fiona Cameron,Gordon Shaw,W5603977,MR,R2,2026-05-25 09:00:00,2026-05-25 14:54:00,05:54:00,5.9
SO,SALISBURY,ROUTINE,ENG052,Chris Lamb,Phil Russell,W5603978,RO,M2,2026-05-22 11:15:00,2026-05-22 13:33:00,02:18:00,2.3
NT,LEICESTER,EMERGENCY,ENG062,Fred Archer,Sue Holt,W5603979,EM,R1,2026-05-22 10:03:00,2026-05-22 15:27:00,05:24:00,5.4
EA,IPSWICH,EMERGENCY,ENG020,Mark Holloway,Mark Booker,W5603980,EM,E1,2026-05-27 10:12:00,2026-05-27 19:06:00,08:54:00,8.9
EA,IPSWICH,METERING,ENG020,Mark Holloway,Mark Booker,W5603981,ME,E1,2026-05-25 06:27:00,2026-05-25 21:03:00,14:36:00,14.6
SE,CROYDON,REPAIR,ENG033,Julie Price,Pat Nolan,W5603982,IR,E1,2026-05-26 11:18:00,2026-05-26 21:12:00,09:54:00,9.9
NT,LEICESTER,ROUTINE,ENG061,Cathy Dean,Sue Holt,W5603983,RO,M1,2026-05-23 09:20:00,2026-05-24 00:02:00,14:42:00,14.7
NE,MIDDLESBROUGH,INSPECTION,ENG072,Liz Cooke,Bill Tyne,W5603984,IR,E1,2026-05-21 09:23:00,2026-05-21 11:35:00,02:12:00,2.2
SE,EASTBOURNE,REPAIR,ENG033,Julie Price,Pat Nolan,W5603985,MR,E2,2026-05-24 08:21:00,2026-05-24 11:15:00,02:54:00,2.9
SE,GUILDFORD,ROUTINE,ENG033,Julie Price,Pat Nolan,W5603986,ME,R1,2026-05-26 10:35:00,2026-05-26 14:11:00,03:36:00,3.6
SO,SALISBURY,ROUTINE,ENG050,Phil Hodgkins,Phil Russell,W5603987,ME,E2,2026-05-25 08:44:00,2026-05-25 12:14:00,03:30:00,3.5
EA,PETERBOROUGH,INSPECTION,ENG020,Mark Holloway,Mark Booker,W5603988,RO,R1,2026-05-25 09:43:00,2026-05-26 01:13:00,15:30:00,15.5
SC,PERTH,METERING,ENG006,Kevin McAllister,Gordon Shaw,W5603989,EM,M2,2026-05-27 06:24:00,2026-05-27 14:30:00,08:06:00,8.1
NT,LEICESTER,REPAIR,ENG061,Cathy Dean,Sue Holt,W5603990,ME,M1,2026-05-24 08:13:00,2026-05-24 18:49:00,10:36:00,10.6
EA,LUTON,EMERGENCY,ENG020,Mark Holloway,Mark Booker,W5603991,ME,R2,2026-05-22 11:34:00,2026-05-22 13:58:00,02:24:00,2.4
NW,MANCHESTER,EMERGENCY,ENG012,Brian Cook,Gary Williams,W5603992,RO,M2,2026-05-22 06:00:00,2026-05-22 13:24:00,07:24:00,7.4
SC,EDINBURGH,INSPECTION,ENG006,Kevin McAllister,Gordon Shaw,W5603993,EM,R1,2026-05-22 10:23:00,2026-05-22 14:05:00,03:42:00,3.7
EA,IPSWICH,REPAIR,ENG021,Rachel Davies,Mark Booker,W5603994,ME,R2,2026-05-21 09:04:00,2026-05-21 15:52:00,06:48:00,6.8
NW,BOLTON,INSPECTION,ENG013,Helen Morris,Dave Clarke,W5603995,IR,M1,2026-05-22 11:47:00,2026-05-22 22:41:00,10:54:00,10.9
SE,CROYDON,REPAIR,ENG031,Tracey McIntyre,Ray Ingram,W5603996,MR,E2,2026-05-25 08:13:00,2026-05-25 13:25:00,05:12:00,5.2
NW,LIVERPOOL,INSPECTION,ENG011,Karen Simmons,Gary Williams,W5603997,ME,E1,2026-05-25 06:23:00,2026-05-25 20:35:00,14:12:00,14.2
SC,DUNDEE,METERING,ENG001,John MacDonald,Steven Leckie,W5603998,EM,R1,2026-05-26 09:20:00,2026-05-26 14:38:00,05:18:00,5.3
SE,EASTBOURNE,METERING,ENG032,Colin James,Pat Nolan,W5603999,RO,E1,2026-05-23 07:38:00,2026-05-23 14:32:00,06:54:00,6.9
SO,SALISBURY,EMERGENCY,ENG050,Phil Hodgkins,Phil Russell,W5604000,IR,E2,2026-05-23 08:56:00,2026-05-23 16:08:00,07:12:00,7.2
WM,WOLVERHAMPTON,INSPECTION,ENG043,Diane Hunt,Tom Avery,W5604001,EM,M2,2026-05-25 10:14:00,2026-05-25 16:56:00,06:42:00,6.7
NE,GATESHEAD,ROUTINE,ENG071,Alan Shaw,Bill Tyne,W5604002,ME,E2,2026-05-24 09:02:00,2026-05-24 23:14:00,14:12:00,14.2
NE,SUNDERLAND,REPAIR,ENG072,Liz Cooke,Bill Tyne,W5604003,ME,E1,2026-05-25 06:23:00,2026-05-25 15:35:00,09:12:00,9.2
EA,CAMBRIDGE,REPAIR,ENG021,Rachel Davies,Mark Booker,W5604004,IR,R1,2026-05-25 06:50:00,2026-05-25 15:02:00,08:11:59,8.2
NT,MANSFIELD,INSPECTION,ENG060,Barry Noon,Sue Holt,W5604005,MR,M2,2026-05-24 11:29:00,2026-05-24 17:35:00,06:06:00,6.1
NE,MIDDLESBROUGH,METERING,ENG072,Liz Cooke,Bill Tyne,W5604006,EM,R2,2026-05-27 08:27:00,2026-05-27 13:57:00,05:30:00,5.5
SC,INVERNESS,INSPECTION,ENG002,Alistair Fraser,Steven Leckie,W5604007,ME,R1,2026-05-22 07:56:00,2026-05-22 11:38:00,03:42:00,3.7
SC,EDINBURGH,EMERGENCY,ENG001,John MacDonald,Steven Leckie,W5604008,IR,R1,2026-05-21 10:27:00,2026-05-21 23:21:00,12:54:00,12.9
NT,NOTTINGHAM,INSPECTION,ENG060,Barry Noon,Sue Holt,W5604009,MR,R2,2026-05-21 06:26:00,2026-05-21 20:50:00,14:24:00,14.4
SC,ABERDEEN,INSPECTION,ENG003,Catriona Stewart,Graham Loan,W5604010,IR,E1,2026-05-22 11:36:00,2026-05-22 21:48:00,10:12:00,10.2
EA,NORWICH,METERING,ENG021,Rachel Davies,Mark Booker,W5604011,ME,E1,2026-05-22 07:42:00,2026-05-22 17:48:00,10:06:00,10.1
SO,SOUTHAMPTON,ROUTINE,ENG052,Chris Lamb,Phil Russell,W5604012,IR,M1,2026-05-21 06:29:00,2026-05-21 16:23:00,09:54:00,9.9
WM,DUDLEY,INSPECTION,ENG040,Wayne Edwards,Mark Reygate,W5604013,EM,M1,2026-05-23 08:48:00,2026-05-23 22:36:00,13:48:00,13.8
WM,WOLVERHAMPTON,REPAIR,ENG042,Steve Frost,Mark Reygate,W5604014,ME,M1,2026-05-24 07:09:00,2026-05-24 20:39:00,13:30:00,13.5
NW,MANCHESTER,EMERGENCY,ENG012,Brian Cook,Gary Williams,W5604015,MR,M2,2026-05-26 09:31:00,2026-05-26 17:55:00,08:24:00,8.4
NE,GATESHEAD,ROUTINE,ENG071,Alan Shaw,Bill Tyne,W5604016,IR,E1,2026-05-22 10:01:00,2026-05-22 22:55:00,12:54:00,12.9
EA,IPSWICH,REPAIR,ENG022,Peter Wong,Mark Booker,W5604017,EM,M2,2026-05-27 10:26:00,2026-05-28 01:38:00,15:12:00,15.2
NW,LIVERPOOL,ROUTINE,ENG010,Paul Dawson,Gary Williams,W5604018,EM,M2,2026-05-21 09:09:00,2026-05-21 15:21:00,06:12:00,6.2
NW,WIGAN,METERING,ENG014,Alan Sharp,Dave Clarke,W5604019,EM,M1,2026-05-22 06:05:00,2026-05-22 10:59:00,04:54:00,4.9
NW,WARRINGTON,REPAIR,ENG012,Brian Cook,Gary Williams,W5604020,RO,E2,2026-05-23 10:10:00,2026-05-23 19:52:00,09:42:00,9.7
SC,PERTH,METERING,ENG003,Catriona Stewart,Graham Loan,W5604021,EM,R1,2026-05-25 06:58:00,2026-05-25 18:58:00,12:00:00,12.0
SC,ABERDEEN,ROUTINE,ENG006,Kevin McAllister,Gordon Shaw,W5604022,ME,R1,2026-05-25 10:18:00,2026-05-25 13:48:00,03:30:00,3.5
SE,GUILDFORD,INSPECTION,ENG031,Tracey McIntyre,Ray Ingram,W5604023,IR,E2,2026-05-21 08:01:00,2026-05-21 12:01:00,04:00:00,4.0
SE,CROYDON,EMERGENCY,ENG030,Stuart Porter,Ray Ingram,W5604024,ME,E1,2026-05-26 11:40:00,2026-05-26 21:16:00,09:36:00,9.6
NE,SUNDERLAND,ROUTINE,ENG072,Liz Cooke,Bill Tyne,W5604025,MR,R2,2026-05-26 08:33:00,2026-05-26 13:51:00,05:18:00,5.3
NT,NOTTINGHAM,EMERGENCY,ENG061,Cathy Dean,Sue Holt,W5604026,RO,M2,2026-05-23 08:53:00,2026-05-23 22:35:00,13:42:00,13.7
SO,PORTSMOUTH,METERING,ENG051,Wendy Nash,Phil Russell,W5604027,MR,E1,2026-05-26 09:42:00,2026-05-27 01:12:00,15:30:00,15.5
NT,LINCOLN,ROUTINE,ENG061,Cathy Dean,Sue Holt,W5604028,IR,R2,2026-05-21 10:49:00,2026-05-21 19:49:00,09:00:00,9.0
SC,ABERDEEN,INSPECTION,ENG001,John MacDonald,Steven Leckie,W5604029,ME,E2,2026-05-24 11:35:00,2026-05-25 02:05:00,14:30:00,14.5
SO,SALISBURY,EMERGENCY,ENG052,Chris Lamb,Phil Russell,W5604030,MR,R1,2026-05-21 10:23:00,2026-05-21 22:41:00,12:18:00,12.3
SE,GUILDFORD,METERING,ENG033,Julie Price,Pat Nolan,W5604031,RO,E1,2026-05-25 07:37:00,2026-05-25 21:55:00,14:18:00,14.3
SC,STIRLING,METERING,ENG003,Catriona Stewart,Graham Loan,W5604032,IR,M1,2026-05-21 10:33:00,2026-05-21 13:57:00,03:24:00,3.4
WM,WALSALL,INSPECTION,ENG040,Wayne Edwards,Mark Reygate,W5604033,MR,R1,2026-05-21 07:21:00,2026-05-21 23:03:00,15:42:00,15.7
SO,SOUTHAMPTON,REPAIR,ENG052,Chris Lamb,Phil Russell,W5604034,ME,R2,2026-05-22 08:35:00,2026-05-22 16:35:00,08:00:00,8.0
NE,MIDDLESBROUGH,ROUTINE,ENG071,Alan Shaw,Bill Tyne,W5604035,MR,R1,2026-05-23 09:00:00,2026-05-23 17:06:00,08:06:00,8.1
WM,WOLVERHAMPTON,ROUTINE,ENG040,Wayne Edwards,Mark Reygate,W5604036,MR,E1,2026-05-23 10:40:00,2026-05-23 14:28:00,03:48:00,3.8
NW,LIVERPOOL,INSPECTION,ENG010,Paul Dawson,Gary Williams,W5604037,EM,R2,2026-05-21 11:07:00,2026-05-21 23:25:00,12:18:00,12.3
WM,WALSALL,REPAIR,ENG042,Steve Frost,Mark Reygate,W5604038,ME,M2,2026-05-23 09:16:00,2026-05-23 21:46:00,12:30:00,12.5
SE,EASTBOURNE,EMERGENCY,ENG032,Colin James,Pat Nolan,W5604039,IR,M2,2026-05-27 07:44:00,2026-05-27 14:02:00,06:18:00,6.3
NT,MANSFIELD,INSPECTION,ENG062,Fred Archer,Sue Holt,W5604040,RO,M2,2026-05-23 06:35:00,2026-05-23 22:29:00,15:54:00,15.9
SC,EDINBURGH,EMERGENCY,ENG003,Catriona Stewart,Graham Loan,W5604041,ME,R1,2026-05-22 09:17:00,2026-05-22 17:35:00,08:18:00,8.3
SE,GUILDFORD,REPAIR,ENG031,Tracey McIntyre,Ray Ingram,W5604042,IR,E2,2026-05-23 11:41:00,2026-05-24 01:47:00,14:06:00,14.1
SE,BRIGHTON,METERING,ENG032,Colin James,Pat Nolan,W5604043,RO,R2,2026-05-21 09:07:00,2026-05-21 17:43:00,08:36:00,8.6
NW,WIGAN,REPAIR,ENG010,Paul Dawson,Gary Williams,W5604044,RO,R2,2026-05-25 08:26:00,2026-05-25 11:08:00,02:42:00,2.7
SC,EDINBURGH,REPAIR,ENG002,Alistair Fraser,Steven Leckie,W5604045,EM,E1,2026-05-22 09:23:00,2026-05-22 22:59:00,13:36:00,13.6
SC,INVERNESS,EMERGENCY,ENG001,John MacDonald,Steven Leckie,W5604046,EM,R1,2026-05-21 11:11:00,2026-05-21 15:35:00,04:24:00,4.4
SC,PAISLEY,REPAIR,ENG004,Douglas Reid,Graham Loan,W5604047,ME,M1,2026-05-26 08:03:00,2026-05-26 11:15:00,03:12:00,3.2
NT,LEICESTER,ROUTINE,ENG062,Fred Archer,Sue Holt,W5604048,ME,R2,2026-05-27 07:02:00,2026-05-27 20:44:00,13:42:00,13.7
SE,EASTBOURNE,REPAIR,ENG031,Tracey McIntyre,Ray Ingram,W5604049,EM,R1,2026-05-27 06:23:00,2026-05-27 17:11:00,10:48:00,10.8
SO,SALISBURY,INSPECTION,ENG050,Phil Hodgkins,Phil Russell,W5604050,EM,E2,2026-05-26 08:06:00,2026-05-26 17:30:00,09:24:00,9.4
NE,SUNDERLAND,EMERGENCY,ENG071,Alan Shaw,Bill Tyne,W5604051,ME,R1,2026-05-22 10:52:00,2026-05-22 18:28:00,07:36:00,7.6
NE,GATESHEAD,ROUTINE,ENG072,Liz Cooke,Bill Tyne,W5604052,IR,M2,2026-05-22 11:18:00,2026-05-23 01:18:00,14:00:00,14.0
SO,BOURNEMOUTH,METERING,ENG051,Wendy Nash,Phil Russell,W5604053,MR,E2,2026-05-23 06:21:00,2026-05-23 18:21:00,12:00:00,12.0
NW,MANCHESTER,ROUTINE,ENG014,Alan Sharp,Dave Clarke,W5604054,IR,E1,2026-05-24 09:26:00,2026-05-24 17:50:00,08:24:00,8.4
WM,BIRMINGHAM,INSPECTION,ENG040,Wayne Edwards,Mark Reygate,W5604055,RO,M2,2026-05-22 08:11:00,2026-05-22 16:35:00,08:24:00,8.4
SC,PAISLEY,INSPECTION,ENG006,Kevin McAllister,Gordon Shaw,W5604056,EM,M2,2026-05-22 06:06:00,2026-05-22 10:00:00,03:54:00,3.9
NW,WIGAN,REPAIR,ENG012,Brian Cook,Gary Williams,W5604057,EM,E2,2026-05-24 11:25:00,2026-05-24 13:49:00,02:24:00,2.4
NT,MANSFIELD,EMERGENCY,ENG061,Cathy Dean,Sue Holt,W5604058,EM,E1,2026-05-27 10:26:00,2026-05-28 01:32:00,15:06:00,15.1
NW,STOCKPORT,ROUTINE,ENG013,Helen Morris,Dave Clarke,W5604059,RO,E1,2026-05-22 08:46:00,2026-05-22 21:34:00,12:48:00,12.8
SE,EASTBOURNE,ROUTINE,ENG031,Tracey McIntyre,Ray Ingram,W5604060,IR,R2,2026-05-23 09:26:00,2026-05-23 12:32:00,03:06:00,3.1
EA,CAMBRIDGE,EMERGENCY,ENG021,Rachel Davies,Mark Booker,W5604061,IR,M1,2026-05-25 09:20:00,2026-05-25 21:56:00,12:36:00,12.6
EA,BEDFORD,INSPECTION,ENG020,Mark Holloway,Mark Booker,W5604062,ME,E2,2026-05-24 07:57:00,2026-05-24 20:51:00,12:54:00,12.9
EA,LUTON,ROUTINE,ENG023,Sharon King,Anne Foster,W5604063,IR,R2,2026-05-27 09:48:00,2026-05-27 14:48:00,05:00:00,5.0
SC,GLASGOW,METERING,ENG005,Fiona Cameron,Gordon Shaw,W5604064,RO,M2,2026-05-21 11:34:00,2026-05-22 03:28:00,15:54:00,15.9
NW,WARRINGTON,REPAIR,ENG013,Helen Morris,Dave Clarke,W5604065,RO,R2,2026-05-27 07:18:00,2026-05-27 13:12:00,05:54:00,5.9
SC,STIRLING,METERING,ENG002,Alistair Fraser,Steven Leckie,W5604066,IR,E1,2026-05-22 10:02:00,2026-05-22 12:08:00,02:06:00,2.1
EA,NORWICH,METERING,ENG020,Mark Holloway,Mark Booker,W5604067,RO,M1,2026-05-22 09:31:00,2026-05-22 18:49:00,09:18:00,9.3
SC,GLASGOW,INSPECTION,ENG005,Fiona Cameron,Gordon Shaw,W5604068,RO,M1,2026-05-23 09:50:00,2026-05-23 18:50:00,09:00:00,9.0
NW,WARRINGTON,EMERGENCY,ENG014,Alan Sharp,Dave Clarke,W5604069,MR,E1,2026-05-25 10:22:00,2026-05-25 23:16:00,12:54:00,12.9
EA,CAMBRIDGE,REPAIR,ENG021,Rachel Davies,Mark Booker,W5604070,EM,M1,2026-05-21 08:06:00,2026-05-21 13:42:00,05:36:00,5.6
SC,EDINBURGH,METERING,ENG004,Douglas Reid,Graham Loan,W5604071,ME,E1,2026-05-26 08:25:00,2026-05-26 17:19:00,08:54:00,8.9
NE,MIDDLESBROUGH,ROUTINE,ENG070,Janet Robb,Bill Tyne,W5604072,RO,E2,2026-05-26 11:31:00,2026-05-26 19:01:00,07:30:00,7.5
NW,STOCKPORT,REPAIR,ENG013,Helen Morris,Dave Clarke,W5604073,ME,M1,2026-05-26 10:11:00,2026-05-26 19:59:00,09:48:00,9.8
NE,GATESHEAD,REPAIR,ENG072,Liz Cooke,Bill Tyne,W5604074,ME,E1,2026-05-24 08:09:00,2026-05-24 15:51:00,07:42:00,7.7
SE,GUILDFORD,REPAIR,ENG030,Stuart Porter,Ray Ingram,W5604075,EM,R1,2026-05-27 08:00:00,2026-05-27 22:30:00,14:30:00,14.5
NE,MIDDLESBROUGH,ROUTINE,ENG070,Janet Robb,Bill Tyne,W5604076,IR,M1,2026-05-25 11:39:00,2026-05-25 14:51:00,03:12:00,3.2
WM,STOKE,REPAIR,ENG043,Diane Hunt,Tom Avery,W5604077,MR,R1,2026-05-26 06:02:00,2026-05-26 10:56:00,04:54:00,4.9
EA,PETERBOROUGH,REPAIR,ENG022,Peter Wong,Mark Booker,W5604078,RO,R2,2026-05-22 08:03:00,2026-05-22 23:15:00,15:12:00,15.2
SE,GUILDFORD,EMERGENCY,ENG032,Colin James,Pat Nolan,W5604079,IR,E2,2026-05-24 11:18:00,2026-05-24 23:48:00,12:30:00,12.5
SO,BASINGSTOKE,INSPECTION,ENG052,Chris Lamb,Phil Russell,W5604080,MR,E2,2026-05-26 06:32:00,2026-05-26 18:38:00,12:06:00,12.1
NE,DURHAM,METERING,ENG070,Janet Robb,Bill Tyne,W5604081,EM,E2,2026-05-26 07:55:00,2026-05-26 16:25:00,08:30:00,8.5
EA,LUTON,INSPECTION,ENG020,Mark Holloway,Mark Booker,W5604082,RO,E1,2026-05-21 06:52:00,2026-05-21 11:52:00,05:00:00,5.0
WM,WALSALL,METERING,ENG042,Steve Frost,Mark Reygate,W5604083,EM,E1,2026-05-27 08:14:00,2026-05-27 21:56:00,13:42:00,13.7
NE,GATESHEAD,EMERGENCY,ENG072,Liz Cooke,Bill Tyne,W5604084,EM,E1,2026-05-24 10:48:00,2026-05-24 16:00:00,05:12:00,5.2
SE,MAIDSTONE,ROUTINE,ENG030,Stuart Porter,Ray Ingram,W5604085,ME,E2,2026-05-22 09:03:00,2026-05-22 12:09:00,03:06:00,3.1
EA,LUTON,METERING,ENG021,Rachel Davies,Mark Booker,W5604086,RO,M2,2026-05-25 07:44:00,2026-05-25 23:08:00,15:24:00,15.4
NW,MANCHESTER,REPAIR,ENG011,Karen Simmons,Gary Williams,W5604087,MR,E2,2026-05-22 10:09:00,2026-05-22 14:21:00,04:12:00,4.2
NE,MIDDLESBROUGH,EMERGENCY,ENG071,Alan Shaw,Bill Tyne,W5604088,IR,M2,2026-05-24 07:54:00,2026-05-24 14:00:00,06:06:00,6.1
NW,STOCKPORT,ROUTINE,ENG014,Alan Sharp,Dave Clarke,W5604089,RO,M1,2026-05-21 06:36:00,2026-05-21 16:24:00,09:48:00,9.8
SO,PORTSMOUTH,INSPECTION,ENG051,Wendy Nash,Phil Russell,W5604090,ME,R1,2026-05-26 08:28:00,2026-05-26 20:40:00,12:12:00,12.2
SE,CROYDON,REPAIR,ENG030,Stuart Porter,Ray Ingram,W5604091,EM,M1,2026-05-24 06:37:00,2026-05-24 20:01:00,13:24:00,13.4
SC,DUNDEE,ROUTINE,ENG002,Alistair Fraser,Steven Leckie,W5604092,RO,E2,2026-05-24 06:46:00,2026-05-24 14:46:00,08:00:00,8.0
WM,BIRMINGHAM,INSPECTION,ENG043,Diane Hunt,Tom Avery,W5604093,RO,M1,2026-05-25 11:06:00,2026-05-25 19:30:00,08:24:00,8.4
SO,SOUTHAMPTON,ROUTINE,ENG051,Wendy Nash,Phil Russell,W5604094,RO,M2,2026-05-26 11:19:00,2026-05-26 23:37:00,12:18:00,12.3
NT,LINCOLN,INSPECTION,ENG062,Fred Archer,Sue Holt,W5604095,RO,R1,2026-05-23 09:46:00,2026-05-23 18:34:00,08:48:00,8.8
NW,LIVERPOOL,METERING,ENG012,Brian Cook,Gary Williams,W5604096,EM,M2,2026-05-22 09:28:00,2026-05-22 18:16:00,08:48:00,8.8
SE,HORSHAM,INSPECTION,ENG030,Stuart Porter,Ray Ingram,W5604097,RO,M2,2026-05-22 10:08:00,2026-05-23 02:02:00,15:54:00,15.9
NW,MANCHESTER,ROUTINE,ENG011,Karen Simmons,Gary Williams,W5604098,IR,R2,2026-05-26 10:23:00,2026-05-26 12:29:00,02:06:00,2.1
SC,ABERDEEN,METERING,ENG004,Douglas Reid,Graham Loan,W5604099,IR,E1,2026-05-22 11:10:00,2026-05-22 15:52:00,04:42:00,4.7
NW,WIGAN,REPAIR,ENG012,Brian Cook,Gary Williams,W5604100,EM,E1,2026-05-25 07:26:00,2026-05-25 12:20:00,04:54:00,4.9
SO,SOUTHAMPTON,EMERGENCY,ENG051,Wendy Nash,Phil Russell,W5604101,IR,R2,2026-05-24 08:08:00,2026-05-24 22:08:00,14:00:00,14.0
NE,SUNDERLAND,INSPECTION,ENG070,Janet Robb,Bill Tyne,W5604102,ME,M1,2026-05-21 07:25:00,2026-05-21 19:01:00,11:36:00,11.6
NW,LIVERPOOL,METERING,ENG010,Paul Dawson,Gary Williams,W5604103,MR,R1,2026-05-22 07:10:00,2026-05-22 14:28:00,07:18:00,7.3
SE,HORSHAM,EMERGENCY,ENG031,Tracey McIntyre,Ray Ingram,W5604104,RO,M1,2026-05-25 07:42:00,2026-05-25 20:48:00,13:06:00,13.1
NT,MANSFIELD,METERING,ENG062,Fred Archer,Sue Holt,W5604105,EM,M1,2026-05-22 07:22:00,2026-05-22 15:40:00,08:18:00,8.3
NT,DERBY,EMERGENCY,ENG061,Cathy Dean,Sue Holt,W5604106,ME,R1,2026-05-22 10:48:00,2026-05-23 01:18:00,14:30:00,14.5
NT,DERBY,INSPECTION,ENG061,Cathy Dean,Sue Holt,W5604107,RO,R1,2026-05-23 09:14:00,2026-05-23 20:02:00,10:48:00,10.8
SO,PORTSMOUTH,ROUTINE,ENG052,Chris Lamb,Phil Russell,W5604108,MR,E1,2026-05-25 07:36:00,2026-05-25 21:54:00,14:18:00,14.3
NW,MANCHESTER,ROUTINE,ENG011,Karen Simmons,Gary Williams,W5604109,MR,M1,2026-05-26 11:08:00,2026-05-26 17:44:00,06:36:00,6.6
SE,CROYDON,REPAIR,ENG032,Colin James,Pat Nolan,W5604110,RO,E2,2026-05-25 10:11:00,2026-05-25 23:35:00,13:24:00,13.4
EA,PETERBOROUGH,METERING,ENG022,Peter Wong,Mark Booker,W5604111,RO,R1,2026-05-24 09:14:00,2026-05-25 01:02:00,15:48:00,15.8
NT,LEICESTER,EMERGENCY,ENG062,Fred Archer,Sue Holt,W5604112,EM,E1,2026-05-25 08:30:00,2026-05-25 12:24:00,03:54:00,3.9
SO,SALISBURY,ROUTINE,ENG052,Chris Lamb,Phil Russell,W5604113,MR,M1,2026-05-25 07:33:00,2026-05-25 18:39:00,11:06:00,11.1
SC,ABERDEEN,REPAIR,ENG006,Kevin McAllister,Gordon Shaw,W5604114,EM,M2,2026-05-23 09:36:00,2026-05-23 12:06:00,02:30:00,2.5
NE,SUNDERLAND,METERING,ENG072,Liz Cooke,Bill Tyne,W5604115,RO,R2,2026-05-21 07:04:00,2026-05-21 09:40:00,02:36:00,2.6
NT,LEICESTER,REPAIR,ENG060,Barry Noon,Sue Holt,W5604116,ME,M1,2026-05-25 08:09:00,2026-05-25 12:39:00,04:30:00,4.5
SE,CROYDON,EMERGENCY,ENG030,Stuart Porter,Ray Ingram,W5604117,ME,M2,2026-05-24 10:37:00,2026-05-24 21:31:00,10:54:00,10.9
WM,DUDLEY,EMERGENCY,ENG042,Steve Frost,Mark Reygate,W5604118,IR,M1,2026-05-24 07:47:00,2026-05-24 16:35:00,08:48:00,8.8
WM,BIRMINGHAM,ROUTINE,ENG043,Diane Hunt,Tom Avery,W5604119,EM,M1,2026-05-26 11:57:00,2026-05-27 02:45:00,14:48:00,14.8
NW,BOLTON,METERING,ENG013,Helen Morris,Dave Clarke,W5604120,RO,R1,2026-05-21 08:21:00,2026-05-21 16:27:00,08:06:00,8.1
SO,PORTSMOUTH,INSPECTION,ENG051,Wendy Nash,Phil Russell,W5604121,RO,E2,2026-05-25 09:54:00,2026-05-25 17:48:00,07:54:00,7.9
NE,GATESHEAD,REPAIR,ENG072,Liz Cooke,Bill Tyne,W5604122,EM,R1,2026-05-26 06:14:00,2026-05-26 14:38:00,08:24:00,8.4
NT,LINCOLN,ROUTINE,ENG060,Barry Noon,Sue Holt,W5604123,ME,M1,2026-05-22 09:16:00,2026-05-22 21:28:00,12:12:00,12.2
NW,MANCHESTER,EMERGENCY,ENG014,Alan Sharp,Dave Clarke,W5604124,MR,M2,2026-05-27 09:57:00,2026-05-27 12:45:00,02:48:00,2.8
WM,DUDLEY,EMERGENCY,ENG042,Steve Frost,Mark Reygate,W5604125,ME,E2,2026-05-21 09:36:00,2026-05-21 14:42:00,05:06:00,5.1
SO,PORTSMOUTH,INSPECTION,ENG051,Wendy Nash,Phil Russell,W5604126,ME,R2,2026-05-25 06:02:00,2026-05-25 10:26:00,04:24:00,4.4
EA,IPSWICH,REPAIR,ENG023,Sharon King,Anne Foster,W5604127,IR,M2,2026-05-26 09:37:00,2026-05-26 20:49:00,11:12:00,11.2
NT,DERBY,REPAIR,ENG061,Cathy Dean,Sue Holt,W5604128,ME,M1,2026-05-21 09:25:00,2026-05-21 20:07:00,10:42:00,10.7
SE,BRIGHTON,EMERGENCY,ENG033,Julie Price,Pat Nolan,W5604129,ME,M1,2026-05-26 11:51:00,2026-05-26 16:39:00,04:48:00,4.8
SC,DUNDEE,REPAIR,ENG003,Catriona Stewart,Graham Loan,W5604130,IR,R2,2026-05-23 11:11:00,2026-05-23 15:47:00,04:36:00,4.6
SE,CROYDON,EMERGENCY,ENG031,Tracey McIntyre,Ray Ingram,W5604131,EM,E1,2026-05-22 07:15:00,2026-05-22 21:03:00,13:48:00,13.8
EA,PETERBOROUGH,REPAIR,ENG022,Peter Wong,Mark Booker,W5604132,RO,R2,2026-05-27 08:45:00,2026-05-27 19:57:00,11:12:00,11.2
WM,DUDLEY,ROUTINE,ENG042,Steve Frost,Mark Reygate,W5604133,ME,M1,2026-05-26 07:05:00,2026-05-26 11:29:00,04:24:00,4.4
NW,MANCHESTER,EMERGENCY,ENG010,Paul Dawson,Gary Williams,W5604134,IR,R2,2026-05-24 11:34:00,2026-05-24 18:22:00,06:48:00,6.8
NW,WARRINGTON,REPAIR,ENG012,Brian Cook,Gary Williams,W5604135,RO,E2,2026-05-26 08:00:00,2026-05-26 18:30:00,10:30:00,10.5
SO,BOURNEMOUTH,ROUTINE,ENG052,Chris Lamb,Phil Russell,W5604136,ME,R1,2026-05-22 11:59:00,2026-05-23 01:59:00,14:00:00,14.0
SC,EDINBURGH,INSPECTION,ENG005,Fiona Cameron,Gordon Shaw,W5604137,MR,E2,2026-05-25 10:33:00,2026-05-25 21:57:00,11:24:00,11.4
WM,BIRMINGHAM,INSPECTION,ENG042,Steve Frost,Mark Reygate,W5604138,ME,M1,2026-05-21 09:13:00,2026-05-21 12:01:00,02:48:00,2.8
EA,IPSWICH,METERING,ENG021,Rachel Davies,Mark Booker,W5604139,ME,R1,2026-05-26 11:28:00,2026-05-26 20:40:00,09:12:00,9.2
SO,PORTSMOUTH,METERING,ENG051,Wendy Nash,Phil Russell,W5604140,ME,R2,2026-05-27 09:45:00,2026-05-27 12:03:00,02:18:00,2.3
SO,BASINGSTOKE,METERING,ENG050,Phil Hodgkins,Phil Russell,W5604141,EM,E1,2026-05-27 08:31:00,2026-05-27 20:07:00,11:36:00,11.6
NT,LEICESTER,INSPECTION,ENG062,Fred Archer,Sue Holt,W5604142,RO,R1,2026-05-25 09:29:00,2026-05-26 01:05:00,15:36:00,15.6
SO,SOUTHAMPTON,REPAIR,ENG052,Chris Lamb,Phil Russell,W5604143,ME,R2,2026-05-24 07:41:00,2026-05-24 17:59:00,10:18:00,10.3
SC,GLASGOW,ROUTINE,ENG002,Alistair Fraser,Steven Leckie,W5604144,MR,M2,2026-05-27 10:02:00,2026-05-27 16:08:00,06:06:00,6.1
NT,LEICESTER,EMERGENCY,ENG060,Barry Noon,Sue Holt,W5604145,IR,R1,2026-05-25 09:51:00,2026-05-25 17:33:00,07:42:00,7.7
EA,NORWICH,ROUTINE,ENG021,Rachel Davies,Mark Booker,W5604146,MR,M2,2026-05-26 09:28:00,2026-05-26 21:40:00,12:12:00,12.2
SC,EDINBURGH,METERING,ENG004,Douglas Reid,Graham Loan,W5604147,EM,E2,2026-05-27 07:56:00,2026-05-27 15:14:00,07:18:00,7.3
SO,SOUTHAMPTON,ROUTINE,ENG050,Phil Hodgkins,Phil Russell,W5604148,EM,E1,2026-05-24 09:04:00,2026-05-24 18:16:00,09:12:00,9.2
SC,PAISLEY,EMERGENCY,ENG003,Catriona Stewart,Graham Loan,W5604149,EM,R1,2026-05-27 07:04:00,2026-05-27 18:04:00,11:00:00,11.0
WM,WALSALL,ROUTINE,ENG043,Diane Hunt,Tom Avery,W5604150,RO,E2,2026-05-26 06:11:00,2026-05-26 14:29:00,08:18:00,8.3
WM,WALSALL,ROUTINE,ENG042,Steve Frost,Mark Reygate,W5604151,MR,E1,2026-05-27 06:56:00,2026-05-27 11:14:00,04:18:00,4.3
EA,BEDFORD,EMERGENCY,ENG021,Rachel Davies,Mark Booker,W5604152,EM,M1,2026-05-23 08:44:00,2026-05-23 16:02:00,07:18:00,7.3
WM,BIRMINGHAM,METERING,ENG043,Diane Hunt,Tom Avery,W5604153,EM,R2,2026-05-23 09:15:00,2026-05-23 16:09:00,06:54:00,6.9
SE,EASTBOURNE,INSPECTION,ENG031,Tracey McIntyre,Ray Ingram,W5604154,RO,M1,2026-05-23 07:07:00,2026-05-23 14:37:00,07:30:00,7.5
EA,NORWICH,EMERGENCY,ENG022,Peter Wong,Mark Booker,W5604155,RO,R2,2026-05-21 06:02:00,2026-05-21 09:32:00,03:30:00,3.5
EA,LUTON,ROUTINE,ENG020,Mark Holloway,Mark Booker,W5604156,MR,E1,2026-05-23 08:09:00,2026-05-23 22:57:00,14:48:00,14.8
NT,DERBY,INSPECTION,ENG062,Fred Archer,Sue Holt,W5604157,ME,E2,2026-05-24 11:01:00,2026-05-24 19:25:00,08:24:00,8.4
SC,STIRLING,EMERGENCY,ENG001,John MacDonald,Steven Leckie,W5604158,IR,R1,2026-05-26 10:59:00,2026-05-26 14:29:00,03:30:00,3.5
SO,BOURNEMOUTH,EMERGENCY,ENG051,Wendy Nash,Phil Russell,W5604159,MR,M1,2026-05-25 11:27:00,2026-05-25 22:57:00,11:30:00,11.5
EA,CAMBRIDGE,ROUTINE,ENG020,Mark Holloway,Mark Booker,W5604160,IR,E2,2026-05-23 09:05:00,2026-05-23 12:47:00,03:42:00,3.7
NT,DERBY,METERING,ENG062,Fred Archer,Sue Holt,W5604161,RO,E2,2026-05-21 10:48:00,2026-05-21 21:36:00,10:48:00,10.8
SO,BOURNEMOUTH,EMERGENCY,ENG052,Chris Lamb,Phil Russell,W5604162,ME,E2,2026-05-23 07:09:00,2026-05-23 21:45:00,14:36:00,14.6
NT,LEICESTER,INSPECTION,ENG061,Cathy Dean,Sue Holt,W5604163,ME,R1,2026-05-21 06:57:00,2026-05-21 15:09:00,08:11:59,8.2
SC,PERTH,REPAIR,ENG002,Alistair Fraser,Steven Leckie,W5604164,MR,E1,2026-05-25 09:51:00,2026-05-25 13:15:00,03:24:00,3.4
NE,NEWCASTLE,ROUTINE,ENG070,Janet Robb,Bill Tyne,W5604165,IR,M1,2026-05-21 08:51:00,2026-05-21 22:27:00,13:36:00,13.6
SE,BRIGHTON,ROUTINE,ENG032,Colin James,Pat Nolan,W5604166,ME,R1,2026-05-23 08:22:00,2026-05-23 16:34:00,08:11:59,8.2
NT,MANSFIELD,REPAIR,ENG060,Barry Noon,Sue Holt,W5604167,RO,M2,2026-05-26 06:31:00,2026-05-26 08:37:00,02:06:00,2.1
NT,DERBY,INSPECTION,ENG061,Cathy Dean,Sue Holt,W5604168,MR,M1,2026-05-26 07:52:00,2026-05-26 19:16:00,11:24:00,11.4
NT,LINCOLN,ROUTINE,ENG061,Cathy Dean,Sue Holt,W5604169,MR,M1,2026-05-27 07:33:00,2026-05-27 14:15:00,06:42:00,6.7
NT,LINCOLN,ROUTINE,ENG060,Barry Noon,Sue Holt,W5604170,EM,M2,2026-05-24 10:53:00,2026-05-24 13:47:00,02:54:00,2.9
SO,SOUTHAMPTON,REPAIR,ENG052,Chris Lamb,Phil Russell,W5604171,RO,R1,2026-05-22 08:25:00,2026-05-22 19:55:00,11:30:00,11.5
WM,COVENTRY,EMERGENCY,ENG043,Diane Hunt,Tom Avery,W5604172,EM,E2,2026-05-27 09:01:00,2026-05-27 11:19:00,02:18:00,2.3
NT,MANSFIELD,REPAIR,ENG060,Barry Noon,Sue Holt,W5604173,ME,R1,2026-05-24 09:06:00,2026-05-24 13:18:00,04:12:00,4.2
WM,BIRMINGHAM,EMERGENCY,ENG040,Wayne Edwards,Mark Reygate,W5604174,RO,E2,2026-05-27 10:46:00,2026-05-28 01:04:00,14:18:00,14.3
NE,MIDDLESBROUGH,METERING,ENG070,Janet Robb,Bill Tyne,W5604175,RO,E2,2026-05-21 08:12:00,2026-05-21 23:00:00,14:48:00,14.8
NT,DERBY,ROUTINE,ENG060,Barry Noon,Sue Holt,W5604176,ME,M1,2026-05-24 11:23:00,2026-05-24 18:35:00,07:12:00,7.2
NW,BLACKBURN,EMERGENCY,ENG011,Karen Simmons,Gary Williams,W5604177,MR,E2,2026-05-25 06:23:00,2026-05-25 14:11:00,07:48:00,7.8
NE,GATESHEAD,ROUTINE,ENG071,Alan Shaw,Bill Tyne,W5604178,EM,M2,2026-05-23 10:54:00,2026-05-23 15:36:00,04:42:00,4.7
SO,PORTSMOUTH,METERING,ENG051,Wendy Nash,Phil Russell,W5604179,EM,M2,2026-05-24 08:07:00,2026-05-24 17:19:00,09:12:00,9.2
EA,CAMBRIDGE,ROUTINE,ENG020,Mark Holloway,Mark Booker,W5604180,IR,E2,2026-05-22 09:57:00,2026-05-22 23:09:00,13:12:00,13.2
NT,MANSFIELD,EMERGENCY,ENG061,Cathy Dean,Sue Holt,W5604181,ME,E2,2026-05-22 11:23:00,2026-05-22 13:47:00,02:24:00,2.4
NW,BLACKBURN,EMERGENCY,ENG014,Alan Sharp,Dave Clarke,W5604182,ME,E1,2026-05-22 07:23:00,2026-05-22 12:41:00,05:18:00,5.3
NE,GATESHEAD,ROUTINE,ENG070,Janet Robb,Bill Tyne,W5604183,RO,E2,2026-05-24 08:24:00,2026-05-24 18:54:00,10:30:00,10.5
WM,DUDLEY,INSPECTION,ENG043,Diane Hunt,Tom Avery,W5604184,EM,E2,2026-05-22 11:32:00,2026-05-22 14:26:00,02:54:00,2.9
SC,STIRLING,EMERGENCY,ENG003,Catriona Stewart,Graham Loan,W5604185,ME,M1,2026-05-25 10:41:00,2026-05-25 23:11:00,12:30:00,12.5
EA,LUTON,INSPECTION,ENG022,Peter Wong,Mark Booker,W5604186,ME,R2,2026-05-27 10:30:00,2026-05-27 23:00:00,12:30:00,12.5
SE,GUILDFORD,INSPECTION,ENG032,Colin James,Pat Nolan,W5604187,MR,M2,2026-05-24 08:47:00,2026-05-24 11:47:00,03:00:00,3.0
NT,LEICESTER,REPAIR,ENG061,Cathy Dean,Sue Holt,W5604188,MR,E1,2026-05-25 06:31:00,2026-05-25 13:01:00,06:30:00,6.5
EA,NORWICH,ROUTINE,ENG022,Peter Wong,Mark Booker,W5604189,EM,R1,2026-05-21 06:10:00,2026-05-21 17:34:00,11:24:00,11.4
NE,GATESHEAD,METERING,ENG072,Liz Cooke,Bill Tyne,W5604190,RO,M2,2026-05-23 07:50:00,2026-05-23 23:38:00,15:48:00,15.8
SO,BASINGSTOKE,METERING,ENG052,Chris Lamb,Phil Russell,W5604191,EM,M2,2026-05-25 10:07:00,2026-05-25 13:19:00,03:12:00,3.2
NT,NOTTINGHAM,EMERGENCY,ENG060,Barry Noon,Sue Holt,W5604192,IR,R2,2026-05-21 06:47:00,2026-05-21 21:35:00,14:48:00,14.8
WM,WALSALL,INSPECTION,ENG043,Diane Hunt,Tom Avery,W5604193,ME,R2,2026-05-21 10:12:00,2026-05-21 22:42:00,12:30:00,12.5
SE,MAIDSTONE,ROUTINE,ENG030,Stuart Porter,Ray Ingram,W5604194,IR,R2,2026-05-21 08:07:00,2026-05-21 11:19:00,03:12:00,3.2
SC,INVERNESS,METERING,ENG002,Alistair Fraser,Steven Leckie,W5604195,RO,M2,2026-05-27 11:48:00,2026-05-28 02:42:00,14:54:00,14.9
EA,LUTON,REPAIR,ENG022,Peter Wong,Mark Booker,W5604196,RO,R2,2026-05-21 06:35:00,2026-05-21 13:41:00,07:06:00,7.1
NE,DURHAM,METERING,ENG072,Liz Cooke,Bill Tyne,W5604197,MR,R2,2026-05-23 06:24:00,2026-05-23 20:18:00,13:54:00,13.9
SO,BOURNEMOUTH,INSPECTION,ENG051,Wendy Nash,Phil Russell,W5604198,EM,E1,2026-05-23 10:51:00,2026-05-23 18:15:00,07:24:00,7.4
EA,CAMBRIDGE,INSPECTION,ENG021,Rachel Davies,Mark Booker,W5604199,EM,E2,2026-05-22 09:18:00,2026-05-22 18:42:00,09:24:00,9.4
NT,LEICESTER,INSPECTION,ENG062,Fred Archer,Sue Holt,W5604200,MR,E2,2026-05-22 07:33:00,2026-05-22 22:09:00,14:36:00,14.6
EA,PETERBOROUGH,METERING,ENG023,Sharon King,Anne Foster,W5604201,ME,E1,2026-05-25 09:36:00,2026-05-25 17:12:00,07:36:00,7.6
SE,GUILDFORD,INSPECTION,ENG031,Tracey McIntyre,Ray Ingram,W5604202,IR,E2,2026-05-24 06:12:00,2026-05-24 15:24:00,09:12:00,9.2
SC,STIRLING,INSPECTION,ENG005,Fiona Cameron,Gordon Shaw,W5604203,RO,M2,2026-05-21 07:02:00,2026-05-21 10:02:00,03:00:00,3.0
SC,PAISLEY,METERING,ENG006,Kevin McAllister,Gordon Shaw,W5604204,RO,M1,2026-05-24 07:07:00,2026-05-24 10:43:00,03:36:00,3.6
SO,PORTSMOUTH,METERING,ENG050,Phil Hodgkins,Phil Russell,W5604205,RO,R2,2026-05-21 10:47:00,2026-05-22 00:23:00,13:36:00,13.6
NE,DURHAM,EMERGENCY,ENG070,Janet Robb,Bill Tyne,W5604206,IR,E1,2026-05-23 11:10:00,2026-05-23 14:34:00,03:24:00,3.4
NE,SUNDERLAND,METERING,ENG070,Janet Robb,Bill Tyne,W5604207,EM,R2,2026-05-27 07:05:00,2026-05-27 10:23:00,03:18:00,3.3
NT,NOTTINGHAM,ROUTINE,ENG061,Cathy Dean,Sue Holt,W5604208,RO,E1,2026-05-27 07:06:00,2026-05-27 17:12:00,10:06:00,10.1
SC,GLASGOW,INSPECTION,ENG005,Fiona Cameron,Gordon Shaw,W5604209,IR,E2,2026-05-25 08:06:00,2026-05-25 18:06:00,10:00:00,10.0
NE,DURHAM,ROUTINE,ENG070,Janet Robb,Bill Tyne,W5604210,IR,R2,2026-05-26 09:14:00,2026-05-26 19:44:00,10:30:00,10.5
EA,BEDFORD,ROUTINE,ENG022,Peter Wong,Mark Booker,W5604211,RO,R1,2026-05-24 09:59:00,2026-05-24 13:53:00,03:54:00,3.9
NE,GATESHEAD,METERING,ENG070,Janet Robb,Bill Tyne,W5604212,RO,M1,2026-05-26 08:49:00,2026-05-26 19:31:00,10:42:00,10.7
SC,PERTH,INSPECTION,ENG004,Douglas Reid,Graham Loan,W5604213,EM,M2,2026-05-22 07:02:00,2026-05-22 20:32:00,13:30:00,13.5
NE,NEWCASTLE,ROUTINE,ENG072,Liz Cooke,Bill Tyne,W5604214,RO,M1,2026-05-26 07:59:00,2026-05-26 22:29:00,14:30:00,14.5
SE,EASTBOURNE,EMERGENCY,ENG030,Stuart Porter,Ray Ingram,W5604215,RO,M1,2026-05-24 10:28:00,2026-05-24 13:46:00,03:18:00,3.3
SO,PORTSMOUTH,EMERGENCY,ENG052,Chris Lamb,Phil Russell,W5604216,IR,R2,2026-05-21 07:45:00,2026-05-21 20:57:00,13:12:00,13.2
SC,PERTH,ROUTINE,ENG001,John MacDonald,Steven Leckie,W5604217,ME,E2,2026-05-26 09:39:00,2026-05-26 11:45:00,02:06:00,2.1
SC,INVERNESS,INSPECTION,ENG004,Douglas Reid,Graham Loan,W5604218,IR,E1,2026-05-24 10:35:00,2026-05-24 22:11:00,11:36:00,11.6
SC,EDINBURGH,METERING,ENG005,Fiona Cameron,Gordon Shaw,W5604219,IR,R2,2026-05-23 08:43:00,2026-05-23 15:01:00,06:18:00,6.3
SO,PORTSMOUTH,EMERGENCY,ENG051,Wendy Nash,Phil Russell,W5604220,RO,M1,2026-05-22 06:52:00,2026-05-22 10:46:00,03:54:00,3.9
NW,WARRINGTON,ROUTINE,ENG012,Brian Cook,Gary Williams,W5604221,EM,R1,2026-05-22 06:39:00,2026-05-22 17:51:00,11:12:00,11.2
WM,WALSALL,METERING,ENG043,Diane Hunt,Tom Avery,W5604222,IR,M1,2026-05-21 08:07:00,2026-05-21 18:43:00,10:36:00,10.6
SO,BASINGSTOKE,ROUTINE,ENG050,Phil Hodgkins,Phil Russell,W5604223,RO,E2,2026-05-23 06:37:00,2026-05-23 20:07:00,13:30:00,13.5
SO,BASINGSTOKE,METERING,ENG050,Phil Hodgkins,Phil Russell,W5604224,ME,R1,2026-05-25 10:37:00,2026-05-25 14:19:00,03:42:00,3.7
WM,WOLVERHAMPTON,METERING,ENG040,Wayne Edwards,Mark Reygate,W5604225,IR,R1,2026-05-25 10:38:00,2026-05-25 23:44:00,13:06:00,13.1
EA,NORWICH,ROUTINE,ENG020,Mark Holloway,Mark Booker,W5604226,MR,M1,2026-05-22 09:34:00,2026-05-22 18:16:00,08:41:59,8.7
WM,BIRMINGHAM,INSPECTION,ENG041,Una Cowling,Mark Reygate,W5604227,RO,M1,2026-05-21 11:30:00,2026-05-21 19:12:00,07:42:00,7.7
NT,LEICESTER,METERING,ENG061,Cathy Dean,Sue Holt,W5604228,IR,E1,2026-05-27 08:27:00,2026-05-27 17:33:00,09:06:00,9.1
NW,BLACKBURN,EMERGENCY,ENG011,Karen Simmons,Gary Williams,W5604229,RO,M2,2026-05-25 07:04:00,2026-05-25 11:46:00,04:42:00,4.7
NE,SUNDERLAND,METERING,ENG072,Liz Cooke,Bill Tyne,W5604230,EM,R2,2026-05-22 10:52:00,2026-05-22 16:58:00,06:06:00,6.1
EA,BEDFORD,ROUTINE,ENG020,Mark Holloway,Mark Booker,W5604231,RO,M2,2026-05-21 08:52:00,2026-05-21 15:52:00,07:00:00,7.0
NW,MANCHESTER,ROUTINE,ENG010,Paul Dawson,Gary Williams,W5604232,MR,M1,2026-05-22 09:48:00,2026-05-23 01:18:00,15:30:00,15.5
NT,LINCOLN,METERING,ENG061,Cathy Dean,Sue Holt,W5604233,EM,M1,2026-05-27 09:03:00,2026-05-27 17:21:00,08:18:00,8.3
WM,BIRMINGHAM,METERING,ENG043,Diane Hunt,Tom Avery,W5604234,RO,M1,2026-05-24 10:49:00,2026-05-24 16:49:00,06:00:00,6.0
NT,LEICESTER,ROUTINE,ENG062,Fred Archer,Sue Holt,W5604235,MR,E1,2026-05-25 08:26:00,2026-05-25 15:26:00,07:00:00,7.0
NE,SUNDERLAND,ROUTINE,ENG072,Liz Cooke,Bill Tyne,W5604236,ME,R1,2026-05-23 07:03:00,2026-05-23 16:15:00,09:12:00,9.2
SO,SALISBURY,REPAIR,ENG052,Chris Lamb,Phil Russell,W5604237,EM,E2,2026-05-24 08:22:00,2026-05-24 21:40:00,13:18:00,13.3
NT,NOTTINGHAM,ROUTINE,ENG061,Cathy Dean,Sue Holt,W5604238,EM,R2,2026-05-27 06:25:00,2026-05-27 16:55:00,10:30:00,10.5
EA,NORWICH,EMERGENCY,ENG023,Sharon King,Anne Foster,W5604239,IR,M1,2026-05-25 09:48:00,2026-05-26 01:12:00,15:24:00,15.4
NE,GATESHEAD,ROUTINE,ENG071,Alan Shaw,Bill Tyne,W5604240,RO,M1,2026-05-23 06:32:00,2026-05-23 16:38:00,10:06:00,10.1
SO,SOUTHAMPTON,EMERGENCY,ENG052,Chris Lamb,Phil Russell,W5604241,ME,M1,2026-05-23 11:53:00,2026-05-23 22:53:00,11:00:00,11.0
EA,LUTON,METERING,ENG020,Mark Holloway,Mark Booker,W5604242,ME,M2,2026-05-27 06:51:00,2026-05-27 11:09:00,04:18:00,4.3
SE,BRIGHTON,METERING,ENG033,Julie Price,Pat Nolan,W5604243,ME,M1,2026-05-21 09:41:00,2026-05-22 00:23:00,14:42:00,14.7
SE,GUILDFORD,INSPECTION,ENG030,Stuart Porter,Ray Ingram,W5604244,RO,M1,2026-05-22 07:44:00,2026-05-22 20:02:00,12:18:00,12.3
SE,EASTBOURNE,REPAIR,ENG033,Julie Price,Pat Nolan,W5604245,ME,R1,2026-05-21 08:41:00,2026-05-21 19:41:00,11:00:00,11.0
WM,DUDLEY,REPAIR,ENG043,Diane Hunt,Tom Avery,W5604246,IR,E1,2026-05-22 07:30:00,2026-05-22 15:12:00,07:42:00,7.7
NT,NOTTINGHAM,REPAIR,ENG062,Fred Archer,Sue Holt,W5604247,RO,E1,2026-05-27 06:24:00,2026-05-27 15:00:00,08:36:00,8.6
NW,WARRINGTON,INSPECTION,ENG012,Brian Cook,Gary Williams,W5604248,MR,R1,2026-05-24 07:23:00,2026-05-24 12:35:00,05:12:00,5.2
SC,EDINBURGH,REPAIR,ENG002,Alistair Fraser,Steven Leckie,W5604249,EM,M1,2026-05-23 07:25:00,2026-05-23 19:07:00,11:42:00,11.7
SO,BOURNEMOUTH,EMERGENCY,ENG052,Chris Lamb,Phil Russell,W5604250,MR,R2,2026-05-23 06:53:00,2026-05-23 18:17:00,11:24:00,11.4
NT,DERBY,REPAIR,ENG062,Fred Archer,Sue Holt,W5604251,RO,R1,2026-05-26 09:44:00,2026-05-26 16:32:00,06:48:00,6.8
NT,MANSFIELD,REPAIR,ENG062,Fred Archer,Sue Holt,W5604252,EM,E2,2026-05-24 11:32:00,2026-05-24 14:02:00,02:30:00,2.5
WM,STOKE,ROUTINE,ENG042,Steve Frost,Mark Reygate,W5604253,EM,M2,2026-05-23 09:14:00,2026-05-23 13:56:00,04:42:00,4.7
SE,BRIGHTON,METERING,ENG032,Colin James,Pat Nolan,W5604254,MR,R2,2026-05-21 07:34:00,2026-05-21 21:10:00,13:36:00,13.6
SO,SALISBURY,REPAIR,ENG050,Phil Hodgkins,Phil Russell,W5604255,MR,R1,2026-05-27 07:52:00,2026-05-27 23:34:00,15:42:00,15.7
SC,EDINBURGH,ROUTINE,ENG004,Douglas Reid,Graham Loan,W5604256,ME,M1,2026-05-21 06:53:00,2026-05-21 20:11:00,13:18:00,13.3
EA,NORWICH,INSPECTION,ENG022,Peter Wong,Mark Booker,W5604257,EM,R2,2026-05-25 06:18:00,2026-05-25 18:36:00,12:18:00,12.3
EA,BEDFORD,REPAIR,ENG020,Mark Holloway,Mark Booker,W5604258,MR,M1,2026-05-22 08:28:00,2026-05-22 19:58:00,11:30:00,11.5
SO,BASINGSTOKE,METERING,ENG050,Phil Hodgkins,Phil Russell,W5604259,RO,M2,2026-05-25 07:53:00,2026-05-25 23:41:00,15:48:00,15.8
EA,NORWICH,METERING,ENG022,Peter Wong,Mark Booker,W5604260,RO,E1,2026-05-27 08:51:00,2026-05-27 16:27:00,07:36:00,7.6
WM,DUDLEY,EMERGENCY,ENG040,Wayne Edwards,Mark Reygate,W5604261,EM,R1,2026-05-25 08:18:00,2026-05-25 22:24:00,14:06:00,14.1
EA,LUTON,REPAIR,ENG022,Peter Wong,Mark Booker,W5604262,RO,R2,2026-05-22 10:25:00,2026-05-22 18:37:00,08:11:59,8.2
SC,INVERNESS,METERING,ENG002,Alistair Fraser,Steven Leckie,W5604263,ME,M2,2026-05-23 09:37:00,2026-05-23 17:07:00,07:30:00,7.5
EA,BEDFORD,REPAIR,ENG021,Rachel Davies,Mark Booker,W5604264,RO,R1,2026-05-27 06:31:00,2026-05-27 17:13:00,10:42:00,10.7
EA,BEDFORD,ROUTINE,ENG020,Mark Holloway,Mark Booker,W5604265,EM,E1,2026-05-22 09:31:00,2026-05-22 17:55:00,08:24:00,8.4
NT,LEICESTER,METERING,ENG062,Fred Archer,Sue Holt,W5604266,MR,E1,2026-05-21 10:35:00,2026-05-22 01:11:00,14:36:00,14.6
WM,BIRMINGHAM,METERING,ENG041,Una Cowling,Mark Reygate,W5604267,ME,E2,2026-05-27 08:28:00,2026-05-27 20:52:00,12:24:00,12.4
SE,EASTBOURNE,INSPECTION,ENG030,Stuart Porter,Ray Ingram,W5604268,ME,E1,2026-05-22 07:42:00,2026-05-22 15:48:00,08:06:00,8.1
SC,EDINBURGH,ROUTINE,ENG004,Douglas Reid,Graham Loan,W5604269,IR,M1,2026-05-24 06:22:00,2026-05-24 21:34:00,15:12:00,15.2
SC,DUNDEE,INSPECTION,ENG004,Douglas Reid,Graham Loan,W5604270,ME,M1,2026-05-21 06:58:00,2026-05-21 17:22:00,10:24:00,10.4
SC,INVERNESS,EMERGENCY,ENG003,Catriona Stewart,Graham Loan,W5604271,ME,M1,2026-05-23 07:14:00,2026-05-23 19:32:00,12:18:00,12.3
SE,HORSHAM,REPAIR,ENG033,Julie Price,Pat Nolan,W5604272,RO,M2,2026-05-24 11:41:00,2026-05-24 20:29:00,08:48:00,8.8
SC,STIRLING,REPAIR,ENG001,John MacDonald,Steven Leckie,W5604273,EM,R1,2026-05-22 10:49:00,2026-05-22 19:07:00,08:18:00,8.3
EA,LUTON,EMERGENCY,ENG021,Rachel Davies,Mark Booker,W5604274,MR,E2,2026-05-24 11:34:00,2026-05-24 17:04:00,05:30:00,5.5
NW,BOLTON,EMERGENCY,ENG012,Brian Cook,Gary Williams,W5604275,ME,R1,2026-05-26 08:43:00,2026-05-26 13:55:00,05:12:00,5.2
NE,SUNDERLAND,ROUTINE,ENG072,Liz Cooke,Bill Tyne,W5604276,MR,E1,2026-05-27 08:38:00,2026-05-27 19:56:00,11:18:00,11.3
SO,SOUTHAMPTON,REPAIR,ENG052,Chris Lamb,Phil Russell,W5604277,IR,M1,2026-05-22 06:50:00,2026-05-22 10:26:00,03:36:00,3.6
SO,PORTSMOUTH,EMERGENCY,ENG050,Phil Hodgkins,Phil Russell,W5604278,EM,R2,2026-05-25 08:09:00,2026-05-25 11:45:00,03:36:00,3.6
WM,STOKE,EMERGENCY,ENG043,Diane Hunt,Tom Avery,W5604279,RO,E2,2026-05-22 06:37:00,2026-05-22 18:31:00,11:54:00,11.9
EA,CAMBRIDGE,INSPECTION,ENG020,Mark Holloway,Mark Booker,W5604280,MR,M2,2026-05-26 09:47:00,2026-05-27 00:47:00,15:00:00,15.0
EA,LUTON,REPAIR,ENG023,Sharon King,Anne Foster,W5604281,MR,E1,2026-05-27 09:02:00,2026-05-27 21:02:00,12:00:00,12.0
NT,DERBY,EMERGENCY,ENG061,Cathy Dean,Sue Holt,W5604282,RO,R1,2026-05-27 10:15:00,2026-05-27 12:21:00,02:06:00,2.1
SC,PAISLEY,METERING,ENG003,Catriona Stewart,Graham Loan,W5604283,RO,R1,2026-05-23 10:45:00,2026-05-24 02:15:00,15:30:00,15.5
SE,CROYDON,METERING,ENG031,Tracey McIntyre,Ray Ingram,W5604284,RO,M1,2026-05-26 06:04:00,2026-05-26 13:52:00,07:48:00,7.8
EA,BEDFORD,EMERGENCY,ENG021,Rachel Davies,Mark Booker,W5604285,IR,M2,2026-05-22 08:32:00,2026-05-22 12:32:00,04:00:00,4.0
SC,STIRLING,EMERGENCY,ENG006,Kevin McAllister,Gordon Shaw,W5604286,ME,E2,2026-05-27 08:55:00,2026-05-27 11:01:00,02:06:00,2.1
EA,IPSWICH,ROUTINE,ENG020,Mark Holloway,Mark Booker,W5604287,RO,R2,2026-05-24 10:22:00,2026-05-24 14:04:00,03:42:00,3.7
SO,BOURNEMOUTH,INSPECTION,ENG051,Wendy Nash,Phil Russell,W5604288,IR,M1,2026-05-22 09:44:00,2026-05-23 00:44:00,15:00:00,15.0
SC,GLASGOW,REPAIR,ENG001,John MacDonald,Steven Leckie,W5604289,IR,R2,2026-05-22 10:50:00,2026-05-22 19:56:00,09:06:00,9.1
NW,WIGAN,REPAIR,ENG012,Brian Cook,Gary Williams,W5604290,ME,M2,2026-05-22 07:54:00,2026-05-22 22:42:00,14:48:00,14.8
NE,SUNDERLAND,REPAIR,ENG072,Liz Cooke,Bill Tyne,W5604291,MR,R2,2026-05-24 10:12:00,2026-05-24 13:54:00,03:42:00,3.7
SC,INVERNESS,EMERGENCY,ENG001,John MacDonald,Steven Leckie,W5604292,RO,E1,2026-05-26 10:52:00,2026-05-27 00:52:00,14:00:00,14.0
NT,LINCOLN,ROUTINE,ENG061,Cathy Dean,Sue Holt,W5604293,RO,E2,2026-05-26 08:53:00,2026-05-27 00:11:00,15:18:00,15.3
NT,DERBY,REPAIR,ENG062,Fred Archer,Sue Holt,W5604294,EM,E2,2026-05-27 07:00:00,2026-05-27 09:24:00,02:24:00,2.4
EA,IPSWICH,ROUTINE,ENG022,Peter Wong,Mark Booker,W5604295,EM,E2,2026-05-26 11:59:00,2026-05-27 02:41:00,14:42:00,14.7
EA,LUTON,EMERGENCY,ENG023,Sharon King,Anne Foster,W5604296,RO,E2,2026-05-26 08:30:00,2026-05-26 17:36:00,09:06:00,9.1
NE,NEWCASTLE,ROUTINE,ENG072,Liz Cooke,Bill Tyne,W5604297,ME,R2,2026-05-26 10:50:00,2026-05-26 19:56:00,09:06:00,9.1
SC,STIRLING,INSPECTION,ENG005,Fiona Cameron,Gordon Shaw,W5604298,ME,E1,2026-05-26 07:41:00,2026-05-26 22:23:00,14:42:00,14.7
NE,NEWCASTLE,ROUTINE,ENG070,Janet Robb,Bill Tyne,W5604299,RO,R1,2026-05-22 10:49:00,2026-05-22 18:13:00,07:24:00,7.4
SE,HORSHAM,METERING,ENG031,Tracey McIntyre,Ray Ingram,W5604300,RO,R1,2026-05-22 10:33:00,2026-05-22 22:15:00,11:42:00,11.7
SC,PAISLEY,EMERGENCY,ENG001,John MacDonald,Steven Leckie,W5604301,EM,M1,2026-05-24 10:19:00,2026-05-24 14:49:00,04:30:00,4.5
SC,GLASGOW,ROUTINE,ENG004,Douglas Reid,Graham Loan,W5604302,RO,E2,2026-05-26 08:34:00,2026-05-26 22:40:00,14:06:00,14.1
SE,CROYDON,INSPECTION,ENG031,Tracey McIntyre,Ray Ingram,W5604303,MR,E1,2026-05-27 09:50:00,2026-05-28 01:02:00,15:12:00,15.2
NW,WARRINGTON,REPAIR,ENG013,Helen Morris,Dave Clarke,W5604304,IR,M2,2026-05-26 09:03:00,2026-05-26 20:33:00,11:30:00,11.5
SC,PAISLEY,EMERGENCY,ENG005,Fiona Cameron,Gordon Shaw,W5604305,RO,M2,2026-05-26 06:29:00,2026-05-26 12:41:00,06:12:00,6.2
SO,SALISBURY,METERING,ENG052,Chris Lamb,Phil Russell,W5604306,EM,M2,2026-05-26 10:15:00,2026-05-27 01:33:00,15:18:00,15.3
NW,STOCKPORT,EMERGENCY,ENG013,Helen Morris,Dave Clarke,W5604307,MR,R2,2026-05-27 07:49:00,2026-05-27 19:49:00,12:00:00,12.0
SC,PAISLEY,ROUTINE,ENG004,Douglas Reid,Graham Loan,W5604308,IR,M1,2026-05-25 10:29:00,2026-05-25 15:05:00,04:36:00,4.6
NT,LEICESTER,INSPECTION,ENG061,Cathy Dean,Sue Holt,W5604309,MR,E1,2026-05-24 06:58:00,2026-05-24 10:10:00,03:12:00,3.2
NT,NOTTINGHAM,REPAIR,ENG061,Cathy Dean,Sue Holt,W5604310,RO,M1,2026-05-26 09:21:00,2026-05-26 19:27:00,10:06:00,10.1
SO,BOURNEMOUTH,REPAIR,ENG052,Chris Lamb,Phil Russell,W5604311,EM,M2,2026-05-27 10:31:00,2026-05-27 22:07:00,11:36:00,11.6
SO,PORTSMOUTH,ROUTINE,ENG050,Phil Hodgkins,Phil Russell,W5604312,ME,M2,2026-05-21 06:53:00,2026-05-21 12:05:00,05:12:00,5.2
SE,HORSHAM,ROUTINE,ENG030,Stuart Porter,Ray Ingram,W5604313,EM,R1,2026-05-21 06:59:00,2026-05-21 16:35:00,09:36:00,9.6
SO,SALISBURY,EMERGENCY,ENG050,Phil Hodgkins,Phil Russell,W5604314,RO,R1,2026-05-26 06:52:00,2026-05-26 14:28:00,07:36:00,7.6
NW,BLACKBURN,ROUTINE,ENG012,Brian Cook,Gary Williams,W5604315,MR,M2,2026-05-22 07:51:00,2026-05-22 21:09:00,13:18:00,13.3
NE,DURHAM,INSPECTION,ENG072,Liz Cooke,Bill Tyne,W5604316,RO,M1,2026-05-21 11:07:00,2026-05-22 00:43:00,13:36:00,13.6
WM,DUDLEY,REPAIR,ENG040,Wayne Edwards,Mark Reygate,W5604317,ME,M1,2026-05-24 08:57:00,2026-05-24 22:15:00,13:18:00,13.3
SE,EASTBOURNE,INSPECTION,ENG030,Stuart Porter,Ray Ingram,W5604318,MR,E1,2026-05-25 10:40:00,2026-05-25 22:04:00,11:24:00,11.4
WM,WALSALL,EMERGENCY,ENG042,Steve Frost,Mark Reygate,W5604319,ME,M1,2026-05-26 07:05:00,2026-05-26 13:17:00,06:12:00,6.2
EA,LUTON,ROUTINE,ENG023,Sharon King,Anne Foster,W5604320,ME,E1,2026-05-25 08:00:00,2026-05-25 20:54:00,12:54:00,12.9
NW,WIGAN,EMERGENCY,ENG011,Karen Simmons,Gary Williams,W5604321,EM,M2,2026-05-22 08:30:00,2026-05-22 15:30:00,07:00:00,7.0
SO,BASINGSTOKE,METERING,ENG051,Wendy Nash,Phil Russell,W5604322,MR,R2,2026-05-22 06:21:00,2026-05-22 09:45:00,03:24:00,3.4
WM,COVENTRY,REPAIR,ENG042,Steve Frost,Mark Reygate,W5604323,MR,E1,2026-05-26 09:21:00,2026-05-26 11:51:00,02:30:00,2.5
SO,BOURNEMOUTH,ROUTINE,ENG051,Wendy Nash,Phil Russell,W5604324,RO,M2,2026-05-23 06:58:00,2026-05-23 17:28:00,10:30:00,10.5
NW,STOCKPORT,REPAIR,ENG011,Karen Simmons,Gary Williams,W5604325,MR,E1,2026-05-25 09:48:00,2026-05-25 17:48:00,08:00:00,8.0
NW,STOCKPORT,METERING,ENG014,Alan Sharp,Dave Clarke,W5604326,MR,R2,2026-05-22 10:17:00,2026-05-22 17:29:00,07:12:00,7.2
NE,DURHAM,ROUTINE,ENG072,Liz Cooke,Bill Tyne,W5604327,ME,M1,2026-05-24 09:32:00,2026-05-24 23:08:00,13:36:00,13.6
WM,COVENTRY,INSPECTION,ENG040,Wayne Edwards,Mark Reygate,W5604328,MR,E2,2026-05-25 08:47:00,2026-05-25 14:59:00,06:12:00,6.2
NW,LIVERPOOL,INSPECTION,ENG013,Helen Morris,Dave Clarke,W5604329,RO,M2,2026-05-27 07:54:00,2026-05-27 17:00:00,09:06:00,9.1
NW,MANCHESTER,EMERGENCY,ENG010,Paul Dawson,Gary Williams,W5604330,EM,E2,2026-05-21 07:38:00,2026-05-21 21:50:00,14:12:00,14.2
NE,DURHAM,REPAIR,ENG071,Alan Shaw,Bill Tyne,W5604331,ME,M1,2026-05-25 07:34:00,2026-05-25 15:58:00,08:24:00,8.4
SE,CROYDON,EMERGENCY,ENG030,Stuart Porter,Ray Ingram,W5604332,EM,E2,2026-05-26 08:27:00,2026-05-26 22:03:00,13:36:00,13.6
EA,NORWICH,METERING,ENG022,Peter Wong,Mark Booker,W5604333,EM,M2,2026-05-25 07:18:00,2026-05-25 15:24:00,08:06:00,8.1
NE,GATESHEAD,EMERGENCY,ENG072,Liz Cooke,Bill Tyne,W5604334,MR,E1,2026-05-27 10:32:00,2026-05-27 15:08:00,04:36:00,4.6
SE,MAIDSTONE,INSPECTION,ENG032,Colin James,Pat Nolan,W5604335,RO,R2,2026-05-27 08:59:00,2026-05-27 15:23:00,06:24:00,6.4
NT,MANSFIELD,INSPECTION,ENG060,Barry Noon,Sue Holt,W5604336,EM,R2,2026-05-23 09:48:00,2026-05-23 20:48:00,11:00:00,11.0
SC,ABERDEEN,INSPECTION,ENG005,Fiona Cameron,Gordon Shaw,W5604337,MR,M2,2026-05-26 09:36:00,2026-05-26 16:42:00,07:06:00,7.1
NT,NOTTINGHAM,REPAIR,ENG061,Cathy Dean,Sue Holt,W5604338,RO,R1,2026-05-24 09:48:00,2026-05-24 20:30:00,10:42:00,10.7
NW,MANCHESTER,REPAIR,ENG011,Karen Simmons,Gary Williams,W5604339,IR,E1,2026-05-22 10:16:00,2026-05-22 20:58:00,10:42:00,10.7
SE,CROYDON,ROUTINE,ENG032,Colin James,Pat Nolan,W5604340,ME,M1,2026-05-25 10:20:00,2026-05-25 17:44:00,07:24:00,7.4
NE,DURHAM,METERING,ENG070,Janet Robb,Bill Tyne,W5604341,ME,E1,2026-05-23 07:46:00,2026-05-23 15:46:00,08:00:00,8.0
SO,BOURNEMOUTH,EMERGENCY,ENG051,Wendy Nash,Phil Russell,W5604342,EM,M2,2026-05-24 11:38:00,2026-05-24 13:56:00,02:18:00,2.3
NT,MANSFIELD,ROUTINE,ENG062,Fred Archer,Sue Holt,W5604343,EM,R2,2026-05-23 09:48:00,2026-05-23 22:42:00,12:54:00,12.9
SC,INVERNESS,EMERGENCY,ENG001,John MacDonald,Steven Leckie,W5604344,IR,M2,2026-05-26 08:59:00,2026-05-26 17:23:00,08:24:00,8.4
WM,STOKE,EMERGENCY,ENG043,Diane Hunt,Tom Avery,W5604345,EM,M1,2026-05-21 06:00:00,2026-05-21 12:18:00,06:18:00,6.3
SO,BASINGSTOKE,ROUTINE,ENG051,Wendy Nash,Phil Russell,W5604346,ME,E2,2026-05-22 11:39:00,2026-05-22 15:39:00,04:00:00,4.0
SE,HORSHAM,ROUTINE,ENG031,Tracey McIntyre,Ray Ingram,W5604347,ME,R1,2026-05-27 06:41:00,2026-05-27 18:05:00,11:24:00,11.4
NE,SUNDERLAND,METERING,ENG070,Janet Robb,Bill Tyne,W5604348,EM,M1,2026-05-26 06:03:00,2026-05-26 14:51:00,08:48:00,8.8
SC,ABERDEEN,INSPECTION,ENG004,Douglas Reid,Graham Loan,W5604349,IR,R2,2026-05-27 06:48:00,2026-05-27 10:12:00,03:24:00,3.4
EA,IPSWICH,METERING,ENG023,Sharon King,Anne Foster,W5604350,RO,M1,2026-05-26 10:50:00,2026-05-26 23:20:00,12:30:00,12.5
EA,BEDFORD,INSPECTION,ENG021,Rachel Davies,Mark Booker,W5604351,EM,E2,2026-05-27 06:08:00,2026-05-27 09:02:00,02:54:00,2.9
SC,STIRLING,INSPECTION,ENG006,Kevin McAllister,Gordon Shaw,W5604352,RO,E2,2026-05-23 10:42:00,2026-05-23 13:12:00,02:30:00,2.5
EA,PETERBOROUGH,ROUTINE,ENG021,Rachel Davies,Mark Booker,W5604353,MR,M1,2026-05-23 06:20:00,2026-05-23 09:56:00,03:36:00,3.6
NW,BOLTON,EMERGENCY,ENG010,Paul Dawson,Gary Williams,W5604354,EM,M2,2026-05-23 06:15:00,2026-05-23 10:33:00,04:18:00,4.3
SE,GUILDFORD,ROUTINE,ENG030,Stuart Porter,Ray Ingram,W5604355,EM,R1,2026-05-23 10:25:00,2026-05-23 16:01:00,05:36:00,5.6
SE,BRIGHTON,INSPECTION,ENG030,Stuart Porter,Ray Ingram,W5604356,ME,M1,2026-05-27 07:32:00,2026-05-27 12:20:00,04:48:00,4.8
NW,STOCKPORT,EMERGENCY,ENG014,Alan Sharp,Dave Clarke,W5604357,RO,E1,2026-05-21 06:11:00,2026-05-21 21:41:00,15:30:00,15.5
WM,STOKE,METERING,ENG040,Wayne Edwards,Mark Reygate,W5604358,MR,R2,2026-05-26 11:44:00,2026-05-27 03:32:00,15:48:00,15.8
WM,STOKE,METERING,ENG041,Una Cowling,Mark Reygate,W5604359,IR,R1,2026-05-27 07:38:00,2026-05-27 23:20:00,15:42:00,15.7
SO,SOUTHAMPTON,ROUTINE,ENG050,Phil Hodgkins,Phil Russell,W5604360,IR,E1,2026-05-21 06:33:00,2026-05-21 13:45:00,07:12:00,7.2
SO,BASINGSTOKE,EMERGENCY,ENG050,Phil Hodgkins,Phil Russell,W5604361,RO,E1,2026-05-23 11:08:00,2026-05-23 13:20:00,02:12:00,2.2
NW,WIGAN,REPAIR,ENG014,Alan Sharp,Dave Clarke,W5604362,MR,M2,2026-05-21 07:13:00,2026-05-21 11:01:00,03:48:00,3.8
NE,SUNDERLAND,REPAIR,ENG070,Janet Robb,Bill Tyne,W5604363,ME,M1,2026-05-22 09:34:00,2026-05-22 23:28:00,13:54:00,13.9
SO,BASINGSTOKE,EMERGENCY,ENG050,Phil Hodgkins,Phil Russell,W5604364,IR,M1,2026-05-25 09:59:00,2026-05-25 21:11:00,11:12:00,11.2
WM,COVENTRY,EMERGENCY,ENG040,Wayne Edwards,Mark Reygate,W5604365,RO,M2,2026-05-26 08:10:00,2026-05-26 23:58:00,15:48:00,15.8
SO,SOUTHAMPTON,ROUTINE,ENG050,Phil Hodgkins,Phil Russell,W5604366,ME,M2,2026-05-24 09:51:00,2026-05-24 17:33:00,07:42:00,7.7
SE,HORSHAM,EMERGENCY,ENG033,Julie Price,Pat Nolan,W5604367,ME,R1,2026-05-25 10:05:00,2026-05-26 01:23:00,15:18:00,15.3
WM,BIRMINGHAM,INSPECTION,ENG043,Diane Hunt,Tom Avery,W5604368,ME,M2,2026-05-24 09:04:00,2026-05-24 20:34:00,11:30:00,11.5
SC,INVERNESS,EMERGENCY,ENG001,John MacDonald,Steven Leckie,W5604369,RO,R1,2026-05-21 09:40:00,2026-05-21 18:40:00,09:00:00,9.0
NE,GATESHEAD,REPAIR,ENG070,Janet Robb,Bill Tyne,W5604370,ME,E1,2026-05-26 08:15:00,2026-05-26 11:33:00,03:18:00,3.3
EA,CAMBRIDGE,REPAIR,ENG022,Peter Wong,Mark Booker,W5604371,RO,E2,2026-05-21 06:25:00,2026-05-21 15:43:00,09:18:00,9.3
NW,WARRINGTON,METERING,ENG013,Helen Morris,Dave Clarke,W5604372,MR,M2,2026-05-21 06:03:00,2026-05-21 09:09:00,03:06:00,3.1
SC,ABERDEEN,INSPECTION,ENG001,John MacDonald,Steven Leckie,W5604373,MR,M2,2026-05-27 06:09:00,2026-05-27 11:51:00,05:42:00,5.7
NE,MIDDLESBROUGH,ROUTINE,ENG070,Janet Robb,Bill Tyne,W5604374,EM,M2,2026-05-26 06:10:00,2026-05-26 15:58:00,09:48:00,9.8
SC,DUNDEE,REPAIR,ENG004,Douglas Reid,Graham Loan,W5604375,EM,R2,2026-05-21 09:54:00,2026-05-22 00:24:00,14:30:00,14.5
SC,STIRLING,EMERGENCY,ENG002,Alistair Fraser,Steven Leckie,W5604376,ME,E2,2026-05-27 07:26:00,2026-05-27 20:14:00,12:48:00,12.8
SE,BRIGHTON,EMERGENCY,ENG030,Stuart Porter,Ray Ingram,W5604377,IR,M2,2026-05-22 11:22:00,2026-05-22 21:46:00,10:24:00,10.4
NE,NEWCASTLE,REPAIR,ENG070,Janet Robb,Bill Tyne,W5604378,IR,E2,2026-05-24 10:05:00,2026-05-24 12:53:00,02:48:00,2.8
SO,SALISBURY,ROUTINE,ENG051,Wendy Nash,Phil Russell,W5604379,RO,M1,2026-05-23 06:07:00,2026-05-23 09:31:00,03:24:00,3.4
EA,IPSWICH,REPAIR,ENG022,Peter Wong,Mark Booker,W5604380,EM,R2,2026-05-25 08:41:00,2026-05-25 22:53:00,14:12:00,14.2
NE,NEWCASTLE,EMERGENCY,ENG072,Liz Cooke,Bill Tyne,W5604381,ME,M1,2026-05-23 11:02:00,2026-05-23 13:56:00,02:54:00,2.9
NE,NEWCASTLE,INSPECTION,ENG072,Liz Cooke,Bill Tyne,W5604382,EM,M1,2026-05-22 11:44:00,2026-05-23 01:56:00,14:12:00,14.2
SC,STIRLING,ROUTINE,ENG003,Catriona Stewart,Graham Loan,W5604383,EM,R1,2026-05-21 10:11:00,2026-05-22 00:29:00,14:18:00,14.3
EA,LUTON,REPAIR,ENG023,Sharon King,Anne Foster,W5604384,MR,E2,2026-05-26 07:05:00,2026-05-26 17:11:00,10:06:00,10.1
NT,LEICESTER,INSPECTION,ENG060,Barry Noon,Sue Holt,W5604385,MR,M1,2026-05-23 06:52:00,2026-05-23 22:46:00,15:54:00,15.9
NW,BOLTON,EMERGENCY,ENG012,Brian Cook,Gary Williams,W5604386,ME,R1,2026-05-27 07:23:00,2026-05-27 18:29:00,11:06:00,11.1
NE,MIDDLESBROUGH,ROUTINE,ENG071,Alan Shaw,Bill Tyne,W5604387,ME,M1,2026-05-21 07:53:00,2026-05-21 10:35:00,02:42:00,2.7
WM,BIRMINGHAM,METERING,ENG043,Diane Hunt,Tom Avery,W5604388,MR,E1,2026-05-26 11:15:00,2026-05-27 00:51:00,13:36:00,13.6
EA,LUTON,REPAIR,ENG023,Sharon King,Anne Foster,W5604389,MR,M1,2026-05-23 08:45:00,2026-05-23 23:21:00,14:36:00,14.6
NW,WIGAN,METERING,ENG013,Helen Morris,Dave Clarke,W5604390,MR,E1,2026-05-26 08:46:00,2026-05-26 11:28:00,02:42:00,2.7
SC,PAISLEY,INSPECTION,ENG003,Catriona Stewart,Graham Loan,W5604391,EM,M2,2026-05-25 07:15:00,2026-05-25 20:33:00,13:18:00,13.3
SE,HORSHAM,INSPECTION,ENG031,Tracey McIntyre,Ray Ingram,W5604392,ME,M1,2026-05-26 09:51:00,2026-05-26 17:27:00,07:36:00,7.6
NW,WIGAN,ROUTINE,ENG012,Brian Cook,Gary Williams,W5604393,RO,M2,2026-05-21 06:47:00,2026-05-21 13:47:00,07:00:00,7.0
NW,BOLTON,EMERGENCY,ENG012,Brian Cook,Gary Williams,W5604394,RO,M2,2026-05-25 10:44:00,2026-05-25 14:02:00,03:18:00,3.3
WM,BIRMINGHAM,METERING,ENG041,Una Cowling,Mark Reygate,W5604395,IR,R2,2026-05-27 10:37:00,2026-05-27 15:19:00,04:42:00,4.7
SO,BASINGSTOKE,EMERGENCY,ENG050,Phil Hodgkins,Phil Russell,W5604396,RO,M2,2026-05-22 07:04:00,2026-05-22 15:58:00,08:54:00,8.9
NT,LEICESTER,INSPECTION,ENG060,Barry Noon,Sue Holt,W5604397,RO,E1,2026-05-24 08:17:00,2026-05-24 17:47:00,09:30:00,9.5
NT,DERBY,EMERGENCY,ENG062,Fred Archer,Sue Holt,W5604398,EM,E1,2026-05-21 08:56:00,2026-05-21 15:44:00,06:48:00,6.8
EA,NORWICH,REPAIR,ENG023,Sharon King,Anne Foster,W5604399,MR,M2,2026-05-26 09:36:00,2026-05-26 22:06:00,12:30:00,12.5
NW,WARRINGTON,REPAIR,ENG012,Brian Cook,Gary Williams,W5604400,EM,E1,2026-05-24 07:36:00,2026-05-24 20:42:00,13:06:00,13.1
SC,DUNDEE,METERING,ENG006,Kevin McAllister,Gordon Shaw,W5604401,EM,M1,2026-05-27 11:40:00,2026-05-28 02:46:00,15:06:00,15.1
SC,ABERDEEN,ROUTINE,ENG002,Alistair Fraser,Steven Leckie,W5604402,RO,E2,2026-05-25 06:02:00,2026-05-25 16:20:00,10:18:00,10.3
NW,MANCHESTER,INSPECTION,ENG014,Alan Sharp,Dave Clarke,W5604403,RO,M2,2026-05-23 09:09:00,2026-05-23 17:09:00,08:00:00,8.0
SE,EASTBOURNE,REPAIR,ENG032,Colin James,Pat Nolan,W5604404,MR,R2,2026-05-25 07:53:00,2026-05-25 14:59:00,07:06:00,7.1
NE,SUNDERLAND,EMERGENCY,ENG071,Alan Shaw,Bill Tyne,W5604405,MR,E1,2026-05-25 09:31:00,2026-05-25 21:01:00,11:30:00,11.5
SC,INVERNESS,ROUTINE,ENG003,Catriona Stewart,Graham Loan,W5604406,ME,R2,2026-05-21 10:15:00,2026-05-21 23:15:00,13:00:00,13.0
SE,BRIGHTON,REPAIR,ENG032,Colin James,Pat Nolan,W5604407,RO,M1,2026-05-22 10:37:00,2026-05-22 15:19:00,04:42:00,4.7
WM,WOLVERHAMPTON,INSPECTION,ENG040,Wayne Edwards,Mark Reygate,W5604408,EM,R2,2026-05-22 10:31:00,2026-05-22 13:43:00,03:12:00,3.2
NW,BLACKBURN,METERING,ENG013,Helen Morris,Dave Clarke,W5604409,ME,M1,2026-05-26 06:00:00,2026-05-26 15:42:00,09:42:00,9.7
SC,DUNDEE,ROUTINE,ENG004,Douglas Reid,Graham Loan,W5604410,IR,R1,2026-05-26 11:49:00,2026-05-26 17:13:00,05:24:00,5.4
NW,MANCHESTER,REPAIR,ENG013,Helen Morris,Dave Clarke,W5604411,IR,E2,2026-05-22 10:29:00,2026-05-23 01:35:00,15:06:00,15.1
SE,MAIDSTONE,INSPECTION,ENG033,Julie Price,Pat Nolan,W5604412,MR,R2,2026-05-23 07:58:00,2026-05-23 20:58:00,13:00:00,13.0
EA,LUTON,ROUTINE,ENG021,Rachel Davies,Mark Booker,W5604413,IR,R1,2026-05-22 07:05:00,2026-05-22 22:23:00,15:18:00,15.3
SE,CROYDON,ROUTINE,ENG030,Stuart Porter,Ray Ingram,W5604414,MR,R2,2026-05-24 11:51:00,2026-05-25 00:27:00,12:36:00,12.6
SE,BRIGHTON,EMERGENCY,ENG033,Julie Price,Pat Nolan,W5604415,RO,M1,2026-05-26 10:30:00,2026-05-26 23:54:00,13:24:00,13.4
SO,SOUTHAMPTON,REPAIR,ENG052,Chris Lamb,Phil Russell,W5604416,RO,E1,2026-05-22 11:31:00,2026-05-22 23:01:00,11:30:00,11.5
NT,NOTTINGHAM,ROUTINE,ENG062,Fred Archer,Sue Holt,W5604417,EM,R2,2026-05-23 10:12:00,2026-05-23 14:48:00,04:36:00,4.6
EA,NORWICH,INSPECTION,ENG020,Mark Holloway,Mark Booker,W5604418,RO,M1,2026-05-27 11:44:00,2026-05-27 14:08:00,02:24:00,2.4
SC,PERTH,EMERGENCY,ENG001,John MacDonald,Steven Leckie,W5604419,EM,M1,2026-05-22 09:04:00,2026-05-22 12:10:00,03:06:00,3.1
EA,PETERBOROUGH,INSPECTION,ENG020,Mark Holloway,Mark Booker,W5604420,ME,E1,2026-05-24 09:22:00,2026-05-24 21:22:00,12:00:00,12.0
SO,PORTSMOUTH,INSPECTION,ENG051,Wendy Nash,Phil Russell,W5604421,ME,R2,2026-05-22 09:21:00,2026-05-22 11:57:00,02:36:00,2.6
SO,BOURNEMOUTH,ROUTINE,ENG052,Chris Lamb,Phil Russell,W5604422,MR,R1,2026-05-23 10:15:00,2026-05-23 12:57:00,02:42:00,2.7
EA,CAMBRIDGE,EMERGENCY,ENG021,Rachel Davies,Mark Booker,W5604423,RO,M2,2026-05-27 09:13:00,2026-05-27 20:13:00,11:00:00,11.0
WM,BIRMINGHAM,EMERGENCY,ENG042,Steve Frost,Mark Reygate,W5604424,RO,E2,2026-05-23 07:44:00,2026-05-23 22:38:00,14:54:00,14.9
SO,BOURNEMOUTH,ROUTINE,ENG051,Wendy Nash,Phil Russell,W5604425,EM,M1,2026-05-26 09:36:00,2026-05-26 12:12:00,02:36:00,2.6
WM,WOLVERHAMPTON,EMERGENCY,ENG043,Diane Hunt,Tom Avery,W5604426,MR,M1,2026-05-22 06:29:00,2026-05-22 10:47:00,04:18:00,4.3
SE,CROYDON,ROUTINE,ENG031,Tracey McIntyre,Ray Ingram,W5604427,ME,R2,2026-05-24 06:14:00,2026-05-24 20:08:00,13:54:00,13.9
EA,BEDFORD,REPAIR,ENG022,Peter Wong,Mark Booker,W5604428,RO,R2,2026-05-21 08:00:00,2026-05-21 15:06:00,07:06:00,7.1
NT,LINCOLN,ROUTINE,ENG060,Barry Noon,Sue Holt,W5604429,ME,R2,2026-05-21 11:43:00,2026-05-21 21:01:00,09:18:00,9.3
WM,DUDLEY,METERING,ENG041,Una Cowling,Mark Reygate,W5604430,ME,E1,2026-05-24 10:40:00,2026-05-24 22:22:00,11:42:00,11.7
NT,LINCOLN,ROUTINE,ENG060,Barry Noon,Sue Holt,W5604431,RO,R2,2026-05-24 06:40:00,2026-05-24 17:46:00,11:06:00,11.1
NE,GATESHEAD,EMERGENCY,ENG071,Alan Shaw,Bill Tyne,W5604432,MR,E1,2026-05-26 09:39:00,2026-05-26 12:57:00,03:18:00,3.3
SE,HORSHAM,METERING,ENG030,Stuart Porter,Ray Ingram,W5604433,EM,M2,2026-05-21 07:16:00,2026-05-21 16:22:00,09:06:00,9.1
NT,MANSFIELD,EMERGENCY,ENG061,Cathy Dean,Sue Holt,W5604434,MR,E2,2026-05-27 11:55:00,2026-05-27 21:19:00,09:24:00,9.4
SE,CROYDON,INSPECTION,ENG032,Colin James,Pat Nolan,W5604435,ME,R1,2026-05-24 11:54:00,2026-05-24 23:24:00,11:30:00,11.5
SE,HORSHAM,ROUTINE,ENG033,Julie Price,Pat Nolan,W5604436,RO,E2,2026-05-24 06:43:00,2026-05-24 10:31:00,03:48:00,3.8
NE,DURHAM,EMERGENCY,ENG071,Alan Shaw,Bill Tyne,W5604437,RO,M2,2026-05-21 07:01:00,2026-05-21 17:13:00,10:12:00,10.2
EA,PETERBOROUGH,INSPECTION,ENG020,Mark Holloway,Mark Booker,W5604438,MR,R2,2026-05-21 06:23:00,2026-05-21 15:17:00,08:54:00,8.9
EA,NORWICH,ROUTINE,ENG023,Sharon King,Anne Foster,W5604439,RO,E1,2026-05-26 06:46:00,2026-05-26 14:22:00,07:36:00,7.6
NE,GATESHEAD,METERING,ENG070,Janet Robb,Bill Tyne,W5604440,RO,E1,2026-05-23 06:57:00,2026-05-23 14:09:00,07:12:00,7.2
NE,SUNDERLAND,INSPECTION,ENG070,Janet Robb,Bill Tyne,W5604441,EM,E1,2026-05-23 10:26:00,2026-05-23 20:08:00,09:42:00,9.7
WM,DUDLEY,METERING,ENG042,Steve Frost,Mark Reygate,W5604442,IR,E2,2026-05-22 08:32:00,2026-05-22 18:20:00,09:48:00,9.8
SC,STIRLING,INSPECTION,ENG006,Kevin McAllister,Gordon Shaw,W5604443,IR,E1,2026-05-27 09:03:00,2026-05-27 21:39:00,12:36:00,12.6
SO,BOURNEMOUTH,INSPECTION,ENG052,Chris Lamb,Phil Russell,W5604444,IR,R2,2026-05-25 07:01:00,2026-05-25 21:07:00,14:06:00,14.1
NE,MIDDLESBROUGH,ROUTINE,ENG072,Liz Cooke,Bill Tyne,W5604445,IR,M1,2026-05-23 10:11:00,2026-05-23 20:59:00,10:48:00,10.8
SO,BASINGSTOKE,REPAIR,ENG051,Wendy Nash,Phil Russell,W5604446,ME,E1,2026-05-23 06:07:00,2026-05-23 14:31:00,08:24:00,8.4
NE,NEWCASTLE,ROUTINE,ENG072,Liz Cooke,Bill Tyne,W5604447,RO,R1,2026-05-27 08:48:00,2026-05-27 14:42:00,05:54:00,5.9
SO,BASINGSTOKE,INSPECTION,ENG052,Chris Lamb,Phil Russell,W5604448,RO,R1,2026-05-23 10:01:00,2026-05-23 20:43:00,10:42:00,10.7
SO,SOUTHAMPTON,INSPECTION,ENG052,Chris Lamb,Phil Russell,W5604449,IR,R2,2026-05-23 09:21:00,2026-05-23 19:39:00,10:18:00,10.3
WM,BIRMINGHAM,REPAIR,ENG043,Diane Hunt,Tom Avery,W5604450,IR,E1,2026-05-26 10:03:00,2026-05-26 15:33:00,05:30:00,5.5
NT,LINCOLN,INSPECTION,ENG060,Barry Noon,Sue Holt,W5604451,IR,M2,2026-05-23 11:30:00,2026-05-23 15:54:00,04:24:00,4.4
NT,DERBY,EMERGENCY,ENG062,Fred Archer,Sue Holt,W5604452,EM,R2,2026-05-21 06:19:00,2026-05-21 17:25:00,11:06:00,11.1
WM,BIRMINGHAM,REPAIR,ENG041,Una Cowling,Mark Reygate,W5604453,MR,M2,2026-05-21 06:01:00,2026-05-21 17:55:00,11:54:00,11.9
NW,BLACKBURN,INSPECTION,ENG012,Brian Cook,Gary Williams,W5604454,RO,M2,2026-05-23 06:44:00,2026-05-23 21:08:00,14:24:00,14.4
SC,PERTH,ROUTINE,ENG003,Catriona Stewart,Graham Loan,W5604455,ME,R1,2026-05-22 10:08:00,2026-05-22 20:26:00,10:18:00,10.3
SC,EDINBURGH,EMERGENCY,ENG001,John MacDonald,Steven Leckie,W5604456,RO,R1,2026-05-22 10:44:00,2026-05-22 18:32:00,07:48:00,7.8
NW,BOLTON,EMERGENCY,ENG013,Helen Morris,Dave Clarke,W5604457,MR,R1,2026-05-26 08:02:00,2026-05-26 14:20:00,06:18:00,6.3
NW,LIVERPOOL,METERING,ENG012,Brian Cook,Gary Williams,W5604458,RO,M2,2026-05-24 08:17:00,2026-05-24 18:53:00,10:36:00,10.6
WM,WALSALL,ROUTINE,ENG041,Una Cowling,Mark Reygate,W5604459,ME,M2,2026-05-23 06:26:00,2026-05-23 18:32:00,12:06:00,12.1
WM,DUDLEY,METERING,ENG041,Una Cowling,Mark Reygate,W5604460,IR,E2,2026-05-22 09:34:00,2026-05-22 14:58:00,05:24:00,5.4
NT,DERBY,REPAIR,ENG060,Barry Noon,Sue Holt,W5604461,RO,R2,2026-05-24 07:32:00,2026-05-24 23:14:00,15:42:00,15.7
WM,WALSALL,REPAIR,ENG043,Diane Hunt,Tom Avery,W5604462,EM,R2,2026-05-23 07:14:00,2026-05-23 17:56:00,10:42:00,10.7
WM,WOLVERHAMPTON,REPAIR,ENG040,Wayne Edwards,Mark Reygate,W5604463,IR,M2,2026-05-26 07:17:00,2026-05-26 20:47:00,13:30:00,13.5
EA,PETERBOROUGH,EMERGENCY,ENG022,Peter Wong,Mark Booker,W5604464,MR,M1,2026-05-27 08:35:00,2026-05-27 16:41:00,08:06:00,8.1
SC,PERTH,INSPECTION,ENG003,Catriona Stewart,Graham Loan,W5604465,RO,R2,2026-05-26 11:22:00,2026-05-26 22:04:00,10:42:00,10.7
WM,WALSALL,METERING,ENG041,Una Cowling,Mark Reygate,W5604466,RO,R2,2026-05-21 06:21:00,2026-05-21 16:21:00,10:00:00,10.0
SC,PERTH,INSPECTION,ENG003,Catriona Stewart,Graham Loan,W5604467,IR,E2,2026-05-27 11:54:00,2026-05-27 20:06:00,08:11:59,8.2
WM,BIRMINGHAM,METERING,ENG040,Wayne Edwards,Mark Reygate,W5604468,EM,M2,2026-05-27 11:21:00,2026-05-27 21:57:00,10:36:00,10.6
SC,EDINBURGH,METERING,ENG003,Catriona Stewart,Graham Loan,W5604469,MR,R1,2026-05-26 08:44:00,2026-05-26 22:08:00,13:24:00,13.4
EA,IPSWICH,INSPECTION,ENG022,Peter Wong,Mark Booker,W5604470,IR,M2,2026-05-25 09:15:00,2026-05-25 11:33:00,02:18:00,2.3
WM,WOLVERHAMPTON,EMERGENCY,ENG043,Diane Hunt,Tom Avery,W5604471,MR,R2,2026-05-27 10:05:00,2026-05-27 21:53:00,11:48:00,11.8
WM,WOLVERHAMPTON,METERING,ENG042,Steve Frost,Mark Reygate,W5604472,EM,R1,2026-05-26 09:20:00,2026-05-26 18:08:00,08:48:00,8.8
NW,MANCHESTER,EMERGENCY,ENG012,Brian Cook,Gary Williams,W5604473,EM,M1,2026-05-22 11:30:00,2026-05-23 02:12:00,14:42:00,14.7
SO,BASINGSTOKE,METERING,ENG050,Phil Hodgkins,Phil Russell,W5604474,RO,E2,2026-05-27 07:07:00,2026-05-27 15:07:00,08:00:00,8.0
NT,NOTTINGHAM,EMERGENCY,ENG061,Cathy Dean,Sue Holt,W5604475,IR,E2,2026-05-27 10:00:00,2026-05-27 14:06:00,04:05:59,4.1
NT,LINCOLN,METERING,ENG061,Cathy Dean,Sue Holt,W5604476,EM,R1,2026-05-25 09:53:00,2026-05-25 17:47:00,07:54:00,7.9
SC,PAISLEY,REPAIR,ENG002,Alistair Fraser,Steven Leckie,W5604477,RO,R2,2026-05-21 09:06:00,2026-05-21 18:30:00,09:24:00,9.4
SC,PAISLEY,REPAIR,ENG004,Douglas Reid,Graham Loan,W5604478,RO,R1,2026-05-27 10:05:00,2026-05-27 21:05:00,11:00:00,11.0
NW,WARRINGTON,ROUTINE,ENG012,Brian Cook,Gary Williams,W5604479,ME,E2,2026-05-24 10:04:00,2026-05-25 00:28:00,14:24:00,14.4
NW,BOLTON,METERING,ENG011,Karen Simmons,Gary Williams,W5604480,MR,R2,2026-05-27 07:08:00,2026-05-27 17:56:00,10:48:00,10.8
SE,BRIGHTON,EMERGENCY,ENG030,Stuart Porter,Ray Ingram,W5604481,MR,M1,2026-05-25 10:10:00,2026-05-25 16:46:00,06:36:00,6.6
SO,SOUTHAMPTON,EMERGENCY,ENG050,Phil Hodgkins,Phil Russell,W5604482,EM,E2,2026-05-26 09:40:00,2026-05-26 22:10:00,12:30:00,12.5
NE,GATESHEAD,REPAIR,ENG070,Janet Robb,Bill Tyne,W5604483,EM,M1,2026-05-22 10:49:00,2026-05-22 20:49:00,10:00:00,10.0
SE,GUILDFORD,EMERGENCY,ENG032,Colin James,Pat Nolan,W5604484,ME,M2,2026-05-25 08:06:00,2026-05-25 20:30:00,12:24:00,12.4
NT,LEICESTER,REPAIR,ENG062,Fred Archer,Sue Holt,W5604485,RO,E1,2026-05-22 11:31:00,2026-05-22 15:19:00,03:48:00,3.8
NW,MANCHESTER,EMERGENCY,ENG014,Alan Sharp,Dave Clarke,W5604486,IR,R1,2026-05-25 08:52:00,2026-05-25 16:28:00,07:36:00,7.6
SC,EDINBURGH,ROUTINE,ENG005,Fiona Cameron,Gordon Shaw,W5604487,IR,R1,2026-05-23 08:15:00,2026-05-23 12:51:00,04:36:00,4.6
SO,BASINGSTOKE,REPAIR,ENG050,Phil Hodgkins,Phil Russell,W5604488,EM,R1,2026-05-22 07:52:00,2026-05-22 10:16:00,02:24:00,2.4
SC,STIRLING,INSPECTION,ENG006,Kevin McAllister,Gordon Shaw,W5604489,ME,E2,2026-05-24 06:25:00,2026-05-24 09:31:00,03:06:00,3.1
SC,GLASGOW,INSPECTION,ENG005,Fiona Cameron,Gordon Shaw,W5604490,ME,E2,2026-05-24 11:05:00,2026-05-24 17:17:00,06:12:00,6.2
SC,GLASGOW,METERING,ENG002,Alistair Fraser,Steven Leckie,W5604491,RO,E1,2026-05-22 06:59:00,2026-05-22 16:47:00,09:48:00,9.8
EA,BEDFORD,EMERGENCY,ENG022,Peter Wong,Mark Booker,W5604492,MR,R1,2026-05-26 07:21:00,2026-05-26 11:57:00,04:36:00,4.6
SC,INVERNESS,METERING,ENG006,Kevin McAllister,Gordon Shaw,W5604493,MR,E1,2026-05-21 10:21:00,2026-05-21 19:51:00,09:30:00,9.5
NE,NEWCASTLE,METERING,ENG071,Alan Shaw,Bill Tyne,W5604494,MR,E2,2026-05-23 11:13:00,2026-05-23 20:37:00,09:24:00,9.4
SC,STIRLING,INSPECTION,ENG005,Fiona Cameron,Gordon Shaw,W5604495,MR,R2,2026-05-26 11:49:00,2026-05-26 22:01:00,10:12:00,10.2
SC,EDINBURGH,EMERGENCY,ENG002,Alistair Fraser,Steven Leckie,W5604496,IR,R2,2026-05-24 06:22:00,2026-05-24 10:34:00,04:12:00,4.2
SC,GLASGOW,REPAIR,ENG005,Fiona Cameron,Gordon Shaw,W5604497,EM,M1,2026-05-24 10:12:00,2026-05-24 15:00:00,04:48:00,4.8
NT,LEICESTER,REPAIR,ENG061,Cathy Dean,Sue Holt,W5604498,IR,R2,2026-05-24 11:46:00,2026-05-24 22:16:00,10:30:00,10.5
SC,DUNDEE,INSPECTION,ENG003,Catriona Stewart,Graham Loan,W5604499,MR,E1,2026-05-25 09:52:00,2026-05-25 12:28:00,02:36:00,2.6
NW,LIVERPOOL,EMERGENCY,ENG010,Paul Dawson,Gary Williams,W5604500,RO,R2,2026-05-25 10:55:00,2026-05-25 16:31:00,05:36:00,5.6
SC,EDINBURGH,ROUTINE,ENG001,John MacDonald,Steven Leckie,W5604501,RO,M2,2026-05-27 08:56:00,2026-05-27 21:14:00,12:18:00,12.3
NE,NEWCASTLE,METERING,ENG070,Janet Robb,Bill Tyne,W5604502,EM,M1,2026-05-22 09:21:00,2026-05-22 21:57:00,12:36:00,12.6
WM,WALSALL,INSPECTION,ENG042,Steve Frost,Mark Reygate,W5604503,MR,M2,2026-05-23 09:53:00,2026-05-23 14:41:00,04:48:00,4.8
SO,BOURNEMOUTH,REPAIR,ENG052,Chris Lamb,Phil Russell,W5604504,IR,R2,2026-05-26 10:25:00,2026-05-26 16:43:00,06:18:00,6.3
WM,WALSALL,INSPECTION,ENG042,Steve Frost,Mark Reygate,W5604505,EM,M1,2026-05-23 11:32:00,2026-05-24 00:26:00,12:54:00,12.9
NW,MANCHESTER,REPAIR,ENG011,Karen Simmons,Gary Williams,W5604506,EM,M1,2026-05-23 09:58:00,2026-05-24 01:28:00,15:30:00,15.5
WM,WALSALL,EMERGENCY,ENG040,Wayne Edwards,Mark Reygate,W5604507,EM,R1,2026-05-21 11:43:00,2026-05-21 23:49:00,12:06:00,12.1
NT,NOTTINGHAM,ROUTINE,ENG062,Fred Archer,Sue Holt,W5604508,RO,R2,2026-05-27 08:54:00,2026-05-27 20:36:00,11:42:00,11.7
NW,LIVERPOOL,EMERGENCY,ENG011,Karen Simmons,Gary Williams,W5604509,MR,E2,2026-05-22 11:20:00,2026-05-22 23:08:00,11:48:00,11.8
WM,WALSALL,REPAIR,ENG041,Una Cowling,Mark Reygate,W5604510,ME,M2,2026-05-25 11:08:00,2026-05-25 20:32:00,09:24:00,9.4
SC,DUNDEE,METERING,ENG006,Kevin McAllister,Gordon Shaw,W5604511,ME,E2,2026-05-26 11:34:00,2026-05-26 14:16:00,02:42:00,2.7
NE,DURHAM,METERING,ENG071,Alan Shaw,Bill Tyne,W5604512,EM,M1,2026-05-25 10:47:00,2026-05-25 20:35:00,09:48:00,9.8
EA,CAMBRIDGE,ROUTINE,ENG020,Mark Holloway,Mark Booker,W5604513,EM,R2,2026-05-21 11:33:00,2026-05-21 21:15:00,09:42:00,9.7
NT,NOTTINGHAM,ROUTINE,ENG061,Cathy Dean,Sue Holt,W5604514,IR,R2,2026-05-25 11:38:00,2026-05-25 23:02:00,11:24:00,11.4
NT,DERBY,REPAIR,ENG060,Barry Noon,Sue Holt,W5604515,ME,E2,2026-05-22 06:36:00,2026-05-22 10:30:00,03:54:00,3.9
SC,PAISLEY,ROUTINE,ENG004,Douglas Reid,Graham Loan,W5604516,EM,E1,2026-05-24 09:36:00,2026-05-24 12:36:00,03:00:00,3.0
SE,CROYDON,INSPECTION,ENG031,Tracey McIntyre,Ray Ingram,W5604517,RO,E1,2026-05-21 06:47:00,2026-05-21 15:05:00,08:18:00,8.3
SC,GLASGOW,REPAIR,ENG002,Alistair Fraser,Steven Leckie,W5604518,MR,M2,2026-05-25 07:22:00,2026-05-25 13:16:00,05:54:00,5.9
SC,GLASGOW,ROUTINE,ENG005,Fiona Cameron,Gordon Shaw,W5604519,MR,M2,2026-05-21 06:14:00,2026-05-21 21:38:00,15:24:00,15.4
NW,BLACKBURN,EMERGENCY,ENG014,Alan Sharp,Dave Clarke,W5604520,ME,R1,2026-05-21 11:44:00,2026-05-21 17:26:00,05:42:00,5.7
SE,GUILDFORD,METERING,ENG033,Julie Price,Pat Nolan,W5604521,ME,R1,2026-05-25 08:34:00,2026-05-25 16:34:00,08:00:00,8.0
NW,STOCKPORT,REPAIR,ENG012,Brian Cook,Gary Williams,W5604522,RO,R1,2026-05-25 06:36:00,2026-05-25 12:12:00,05:36:00,5.6
NE,NEWCASTLE,INSPECTION,ENG070,Janet Robb,Bill Tyne,W5604523,RO,R1,2026-05-21 08:06:00,2026-05-21 21:12:00,13:06:00,13.1
NE,SUNDERLAND,INSPECTION,ENG070,Janet Robb,Bill Tyne,W5604524,EM,R2,2026-05-25 11:33:00,2026-05-25 15:45:00,04:12:00,4.2
NW,BOLTON,INSPECTION,ENG014,Alan Sharp,Dave Clarke,W5604525,ME,R2,2026-05-24 08:40:00,2026-05-24 12:40:00,04:00:00,4.0
NE,SUNDERLAND,METERING,ENG072,Liz Cooke,Bill Tyne,W5604526,MR,E1,2026-05-26 06:08:00,2026-05-26 18:32:00,12:24:00,12.4
NE,SUNDERLAND,METERING,ENG072,Liz Cooke,Bill Tyne,W5604527,RO,M1,2026-05-24 09:24:00,2026-05-24 19:06:00,09:42:00,9.7
WM,WOLVERHAMPTON,INSPECTION,ENG043,Diane Hunt,Tom Avery,W5604528,EM,E1,2026-05-25 08:20:00,2026-05-26 00:14:00,15:54:00,15.9
EA,CAMBRIDGE,EMERGENCY,ENG021,Rachel Davies,Mark Booker,W5604529,RO,E2,2026-05-26 11:36:00,2026-05-26 19:06:00,07:30:00,7.5
EA,CAMBRIDGE,METERING,ENG023,Sharon King,Anne Foster,W5604530,MR,R1,2026-05-27 07:58:00,2026-05-27 23:04:00,15:06:00,15.1
EA,CAMBRIDGE,ROUTINE,ENG023,Sharon King,Anne Foster,W5604531,IR,E1,2026-05-24 06:33:00,2026-05-24 10:39:00,04:05:59,4.1
SE,GUILDFORD,EMERGENCY,ENG033,Julie Price,Pat Nolan,W5604532,IR,M1,2026-05-23 09:28:00,2026-05-24 00:46:00,15:18:00,15.3
WM,WALSALL,METERING,ENG041,Una Cowling,Mark Reygate,W5604533,MR,M2,2026-05-23 11:28:00,2026-05-24 00:16:00,12:48:00,12.8
WM,DUDLEY,EMERGENCY,ENG040,Wayne Edwards,Mark Reygate,W5604534,EM,M1,2026-05-25 06:27:00,2026-05-25 11:33:00,05:06:00,5.1
SE,EASTBOURNE,EMERGENCY,ENG031,Tracey McIntyre,Ray Ingram,W5604535,EM,M1,2026-05-26 06:37:00,2026-05-26 18:55:00,12:18:00,12.3
NT,LINCOLN,METERING,ENG060,Barry Noon,Sue Holt,W5604536,RO,R2,2026-05-23 07:56:00,2026-05-23 19:56:00,12:00:00,12.0
EA,LUTON,EMERGENCY,ENG020,Mark Holloway,Mark Booker,W5604537,ME,E2,2026-05-22 10:01:00,2026-05-22 18:25:00,08:24:00,8.4
NE,GATESHEAD,EMERGENCY,ENG072,Liz Cooke,Bill Tyne,W5604538,IR,E2,2026-05-27 11:06:00,2026-05-28 02:00:00,14:54:00,14.9
SO,BASINGSTOKE,ROUTINE,ENG051,Wendy Nash,Phil Russell,W5604539,EM,E2,2026-05-24 10:15:00,2026-05-24 20:09:00,09:54:00,9.9
SE,GUILDFORD,REPAIR,ENG031,Tracey McIntyre,Ray Ingram,W5604540,EM,E2,2026-05-23 09:52:00,2026-05-24 01:34:00,15:42:00,15.7
NW,WARRINGTON,REPAIR,ENG012,Brian Cook,Gary Williams,W5604541,IR,E1,2026-05-26 08:53:00,2026-05-26 23:29:00,14:36:00,14.6
WM,STOKE,ROUTINE,ENG043,Diane Hunt,Tom Avery,W5604542,RO,M1,2026-05-23 10:35:00,2026-05-23 13:47:00,03:12:00,3.2
SE,HORSHAM,REPAIR,ENG030,Stuart Porter,Ray Ingram,W5604543,ME,R1,2026-05-25 07:33:00,2026-05-25 15:21:00,07:48:00,7.8
SO,PORTSMOUTH,METERING,ENG052,Chris Lamb,Phil Russell,W5604544,MR,R2,2026-05-24 08:42:00,2026-05-24 22:00:00,13:18:00,13.3
EA,NORWICH,ROUTINE,ENG020,Mark Holloway,Mark Booker,W5604545,ME,R2,2026-05-22 08:01:00,2026-05-22 17:49:00,09:48:00,9.8
NW,BLACKBURN,REPAIR,ENG012,Brian Cook,Gary Williams,W5604546,MR,M1,2026-05-25 11:08:00,2026-05-25 19:02:00,07:54:00,7.9
EA,LUTON,ROUTINE,ENG020,Mark Holloway,Mark Booker,W5604547,IR,E1,2026-05-25 10:06:00,2026-05-25 23:54:00,13:48:00,13.8
SO,BOURNEMOUTH,EMERGENCY,ENG052,Chris Lamb,Phil Russell,W5604548,RO,R1,2026-05-22 06:13:00,2026-05-22 17:19:00,11:06:00,11.1
SE,CROYDON,METERING,ENG033,Julie Price,Pat Nolan,W5604549,IR,R2,2026-05-26 10:27:00,2026-05-26 17:09:00,06:42:00,6.7
SC,ABERDEEN,REPAIR,ENG005,Fiona Cameron,Gordon Shaw,W5604550,IR,R2,2026-05-24 11:50:00,2026-05-25 03:44:00,15:54:00,15.9
SC,ABERDEEN,METERING,ENG002,Alistair Fraser,Steven Leckie,W5604551,MR,M1,2026-05-22 10:07:00,2026-05-22 18:25:00,08:18:00,8.3
WM,WOLVERHAMPTON,ROUTINE,ENG040,Wayne Edwards,Mark Reygate,W5604552,EM,E2,2026-05-24 09:23:00,2026-05-25 01:05:00,15:42:00,15.7
NW,MANCHESTER,METERING,ENG013,Helen Morris,Dave Clarke,W5604553,IR,M2,2026-05-26 07:30:00,2026-05-26 15:00:00,07:30:00,7.5
WM,DUDLEY,EMERGENCY,ENG042,Steve Frost,Mark Reygate,W5604554,RO,E2,2026-05-21 08:36:00,2026-05-21 21:00:00,12:24:00,12.4
SO,BOURNEMOUTH,ROUTINE,ENG051,Wendy Nash,Phil Russell,W5604555,EM,E2,2026-05-25 09:06:00,2026-05-26 00:24:00,15:18:00,15.3
NW,WARRINGTON,ROUTINE,ENG010,Paul Dawson,Gary Williams,W5604556,IR,R2,2026-05-27 09:41:00,2026-05-27 23:05:00,13:24:00,13.4
NT,LINCOLN,EMERGENCY,ENG060,Barry Noon,Sue Holt,W5604557,MR,E1,2026-05-25 06:51:00,2026-05-25 12:39:00,05:48:00,5.8
SC,ABERDEEN,INSPECTION,ENG004,Douglas Reid,Graham Loan,W5604558,ME,M1,2026-05-24 06:29:00,2026-05-24 10:23:00,03:54:00,3.9
SE,BRIGHTON,INSPECTION,ENG031,Tracey McIntyre,Ray Ingram,W5604559,MR,R1,2026-05-21 08:08:00,2026-05-21 13:26:00,05:18:00,5.3
SO,PORTSMOUTH,REPAIR,ENG051,Wendy Nash,Phil Russell,W5604560,IR,E1,2026-05-27 07:36:00,2026-05-27 18:24:00,10:48:00,10.8
SE,EASTBOURNE,ROUTINE,ENG031,Tracey McIntyre,Ray Ingram,W5604561,RO,E2,2026-05-23 08:25:00,2026-05-23 23:55:00,15:30:00,15.5
WM,WALSALL,EMERGENCY,ENG043,Diane Hunt,Tom Avery,W5604562,RO,R2,2026-05-23 07:35:00,2026-05-23 18:11:00,10:36:00,10.6
WM,BIRMINGHAM,ROUTINE,ENG043,Diane Hunt,Tom Avery,W5604563,RO,M1,2026-05-27 10:25:00,2026-05-27 22:19:00,11:54:00,11.9
SE,HORSHAM,INSPECTION,ENG033,Julie Price,Pat Nolan,W5604564,MR,E1,2026-05-27 10:58:00,2026-05-27 13:28:00,02:30:00,2.5
NW,BOLTON,EMERGENCY,ENG012,Brian Cook,Gary Williams,W5604565,EM,E1,2026-05-23 06:56:00,2026-05-23 17:08:00,10:12:00,10.2
NT,LEICESTER,METERING,ENG062,Fred Archer,Sue Holt,W5604566,EM,M1,2026-05-23 11:04:00,2026-05-24 01:28:00,14:24:00,14.4
WM,DUDLEY,REPAIR,ENG043,Diane Hunt,Tom Avery,W5604567,ME,R1,2026-05-23 09:12:00,2026-05-24 00:30:00,15:18:00,15.3
SO,PORTSMOUTH,REPAIR,ENG051,Wendy Nash,Phil Russell,W5604568,RO,E2,2026-05-27 11:00:00,2026-05-27 18:54:00,07:54:00,7.9
SC,EDINBURGH,EMERGENCY,ENG001,John MacDonald,Steven Leckie,W5604569,IR,M2,2026-05-23 06:57:00,2026-05-23 13:15:00,06:18:00,6.3
SC,PAISLEY,REPAIR,ENG005,Fiona Cameron,Gordon Shaw,W5604570,IR,M1,2026-05-25 10:05:00,2026-05-25 13:47:00,03:42:00,3.7
NE,GATESHEAD,ROUTINE,ENG072,Liz Cooke,Bill Tyne,W5604571,MR,R1,2026-05-22 07:24:00,2026-05-22 13:00:00,05:36:00,5.6
SE,GUILDFORD,REPAIR,ENG031,Tracey McIntyre,Ray Ingram,W5604572,ME,M2,2026-05-24 10:35:00,2026-05-24 23:47:00,13:12:00,13.2
NW,LIVERPOOL,EMERGENCY,ENG011,Karen Simmons,Gary Williams,W5604573,ME,R1,2026-05-24 06:00:00,2026-05-24 14:54:00,08:54:00,8.9
EA,BEDFORD,ROUTINE,ENG020,Mark Holloway,Mark Booker,W5604574,RO,R2,2026-05-22 07:24:00,2026-05-22 11:00:00,03:36:00,3.6
EA,PETERBOROUGH,EMERGENCY,ENG023,Sharon King,Anne Foster,W5604575,RO,M1,2026-05-26 08:14:00,2026-05-26 10:20:00,02:06:00,2.1
WM,COVENTRY,METERING,ENG041,Una Cowling,Mark Reygate,W5604576,RO,E2,2026-05-27 09:23:00,2026-05-27 23:05:00,13:42:00,13.7
SE,EASTBOURNE,METERING,ENG032,Colin James,Pat Nolan,W5604577,MR,R2,2026-05-24 06:01:00,2026-05-24 11:49:00,05:48:00,5.8
SC,GLASGOW,REPAIR,ENG003,Catriona Stewart,Graham Loan,W5604578,MR,E2,2026-05-26 07:04:00,2026-05-26 09:52:00,02:48:00,2.8
EA,BEDFORD,REPAIR,ENG023,Sharon King,Anne Foster,W5604579,MR,R1,2026-05-26 06:48:00,2026-05-26 15:12:00,08:24:00,8.4
NE,MIDDLESBROUGH,ROUTINE,ENG070,Janet Robb,Bill Tyne,W5604580,RO,E2,2026-05-23 08:12:00,2026-05-23 18:30:00,10:18:00,10.3
SO,BASINGSTOKE,EMERGENCY,ENG051,Wendy Nash,Phil Russell,W5604581,ME,E2,2026-05-27 06:40:00,2026-05-27 21:04:00,14:24:00,14.4
NT,LINCOLN,INSPECTION,ENG061,Cathy Dean,Sue Holt,W5604582,RO,E1,2026-05-23 11:16:00,2026-05-23 16:28:00,05:12:00,5.2
NW,BOLTON,METERING,ENG012,Brian Cook,Gary Williams,W5604583,IR,E1,2026-05-21 10:23:00,2026-05-22 00:17:00,13:54:00,13.9
SE,CROYDON,ROUTINE,ENG030,Stuart Porter,Ray Ingram,W5604584,MR,M1,2026-05-27 08:40:00,2026-05-27 10:46:00,02:06:00,2.1
NE,MIDDLESBROUGH,METERING,ENG071,Alan Shaw,Bill Tyne,W5604585,RO,R2,2026-05-26 11:53:00,2026-05-26 21:41:00,09:48:00,9.8
WM,WALSALL,EMERGENCY,ENG041,Una Cowling,Mark Reygate,W5604586,RO,M2,2026-05-23 09:58:00,2026-05-24 00:46:00,14:48:00,14.8
WM,COVENTRY,ROUTINE,ENG041,Una Cowling,Mark Reygate,W5604587,ME,M1,2026-05-21 06:21:00,2026-05-21 16:09:00,09:48:00,9.8
NW,MANCHESTER,METERING,ENG011,Karen Simmons,Gary Williams,W5604588,EM,E2,2026-05-26 08:40:00,2026-05-26 18:10:00,09:30:00,9.5
NE,MIDDLESBROUGH,ROUTINE,ENG072,Liz Cooke,Bill Tyne,W5604589,EM,M1,2026-05-25 11:58:00,2026-05-25 22:16:00,10:18:00,10.3
WM,WALSALL,REPAIR,ENG042,Steve Frost,Mark Reygate,W5604590,EM,E1,2026-05-24 11:35:00,2026-05-24 16:47:00,05:12:00,5.2
SO,SOUTHAMPTON,EMERGENCY,ENG051,Wendy Nash,Phil Russell,W5604591,IR,R2,2026-05-25 09:54:00,2026-05-25 16:24:00,06:30:00,6.5
SE,HORSHAM,EMERGENCY,ENG031,Tracey McIntyre,Ray Ingram,W5604592,RO,M2,2026-05-25 07:53:00,2026-05-25 16:59:00,09:06:00,9.1
SO,BOURNEMOUTH,REPAIR,ENG051,Wendy Nash,Phil Russell,W5604593,RO,E2,2026-05-26 08:13:00,2026-05-26 11:01:00,02:48:00,2.8
SC,ABERDEEN,ROUTINE,ENG006,Kevin McAllister,Gordon Shaw,W5604594,RO,M1,2026-05-23 07:24:00,2026-05-23 19:30:00,12:06:00,12.1
SC,PERTH,REPAIR,ENG005,Fiona Cameron,Gordon Shaw,W5604595,EM,M1,2026-05-23 10:53:00,2026-05-23 17:53:00,07:00:00,7.0
EA,CAMBRIDGE,ROUTINE,ENG022,Peter Wong,Mark Booker,W5604596,MR,R2,2026-05-24 08:24:00,2026-05-24 15:12:00,06:48:00,6.8
NE,MIDDLESBROUGH,ROUTINE,ENG070,Janet Robb,Bill Tyne,W5604597,MR,R1,2026-05-27 07:02:00,2026-05-27 15:38:00,08:36:00,8.6
SO,BOURNEMOUTH,ROUTINE,ENG052,Chris Lamb,Phil Russell,W5604598,IR,E2,2026-05-21 06:14:00,2026-05-21 21:50:00,15:36:00,15.6
NE,MIDDLESBROUGH,REPAIR,ENG072,Liz Cooke,Bill Tyne,W5604599,EM,R1,2026-05-24 06:39:00,2026-05-24 21:03:00,14:24:00,14.4
NT,LINCOLN,METERING,ENG060,Barry Noon,Sue Holt,W5604600,ME,E2,2026-05-27 08:15:00,2026-05-27 13:27:00,05:12:00,5.2
SO,PORTSMOUTH,METERING,ENG050,Phil Hodgkins,Phil Russell,W5604601,RO,M2,2026-05-25 06:58:00,2026-05-25 09:28:00,02:30:00,2.5
SE,CROYDON,INSPECTION,ENG031,Tracey McIntyre,Ray Ingram,W5604602,ME,R1,2026-05-22 07:11:00,2026-05-22 16:53:00,09:42:00,9.7
SE,BRIGHTON,INSPECTION,ENG030,Stuart Porter,Ray Ingram,W5604603,MR,M2,2026-05-27 11:38:00,2026-05-27 23:38:00,12:00:00,12.0
SE,GUILDFORD,EMERGENCY,ENG031,Tracey McIntyre,Ray Ingram,W5604604,RO,E1,2026-05-25 10:12:00,2026-05-25 12:42:00,02:30:00,2.5
NT,DERBY,EMERGENCY,ENG062,Fred Archer,Sue Holt,W5604605,ME,M2,2026-05-25 06:03:00,2026-05-25 10:33:00,04:30:00,4.5
SC,DUNDEE,ROUTINE,ENG003,Catriona Stewart,Graham Loan,W5604606,RO,M2,2026-05-23 09:31:00,2026-05-23 17:25:00,07:54:00,7.9
NE,NEWCASTLE,INSPECTION,ENG070,Janet Robb,Bill Tyne,W5604607,RO,E2,2026-05-26 10:19:00,2026-05-27 01:19:00,15:00:00,15.0
NT,DERBY,METERING,ENG060,Barry Noon,Sue Holt,W5604608,RO,M1,2026-05-22 09:08:00,2026-05-22 15:20:00,06:12:00,6.2
SC,GLASGOW,INSPECTION,ENG004,Douglas Reid,Graham Loan,W5604609,IR,M1,2026-05-25 08:12:00,2026-05-25 13:24:00,05:12:00,5.2
SO,SALISBURY,METERING,ENG051,Wendy Nash,Phil Russell,W5604610,RO,R2,2026-05-23 09:37:00,2026-05-23 22:19:00,12:42:00,12.7
NE,GATESHEAD,METERING,ENG070,Janet Robb,Bill Tyne,W5604611,ME,R2,2026-05-27 10:20:00,2026-05-27 21:08:00,10:48:00,10.8
NW,STOCKPORT,METERING,ENG014,Alan Sharp,Dave Clarke,W5604612,IR,M2,2026-05-23 08:45:00,2026-05-23 13:09:00,04:24:00,4.4
EA,CAMBRIDGE,METERING,ENG022,Peter Wong,Mark Booker,W5604613,MR,R1,2026-05-27 08:37:00,2026-05-27 12:31:00,03:54:00,3.9
WM,COVENTRY,METERING,ENG040,Wayne Edwards,Mark Reygate,W5604614,RO,R2,2026-05-21 10:23:00,2026-05-21 16:47:00,06:24:00,6.4
SO,BASINGSTOKE,METERING,ENG050,Phil Hodgkins,Phil Russell,W5604615,IR,R1,2026-05-21 06:37:00,2026-05-21 18:25:00,11:48:00,11.8
WM,COVENTRY,METERING,ENG042,Steve Frost,Mark Reygate,W5604616,EM,R2,2026-05-23 10:07:00,2026-05-24 01:37:00,15:30:00,15.5
NW,WIGAN,REPAIR,ENG014,Alan Sharp,Dave Clarke,W5604617,EM,R2,2026-05-27 11:58:00,2026-05-28 00:10:00,12:12:00,12.2
WM,WALSALL,INSPECTION,ENG040,Wayne Edwards,Mark Reygate,W5604618,EM,M2,2026-05-27 07:43:00,2026-05-27 11:19:00,03:36:00,3.6
SO,BASINGSTOKE,REPAIR,ENG052,Chris Lamb,Phil Russell,W5604619,MR,M2,2026-05-27 11:26:00,2026-05-28 00:02:00,12:36:00,12.6
NT,MANSFIELD,METERING,ENG062,Fred Archer,Sue Holt,W5604620,IR,M1,2026-05-23 11:28:00,2026-05-23 19:58:00,08:30:00,8.5
SO,BASINGSTOKE,METERING,ENG052,Chris Lamb,Phil Russell,W5604621,IR,R1,2026-05-22 11:43:00,2026-05-22 22:55:00,11:12:00,11.2
SO,BOURNEMOUTH,EMERGENCY,ENG051,Wendy Nash,Phil Russell,W5604622,IR,M2,2026-05-23 11:46:00,2026-05-24 00:40:00,12:54:00,12.9
SC,DUNDEE,REPAIR,ENG005,Fiona Cameron,Gordon Shaw,W5604623,ME,M1,2026-05-21 09:18:00,2026-05-22 01:00:00,15:42:00,15.7
NT,DERBY,REPAIR,ENG062,Fred Archer,Sue Holt,W5604624,ME,M2,2026-05-21 10:19:00,2026-05-21 21:01:00,10:42:00,10.7
EA,LUTON,EMERGENCY,ENG023,Sharon King,Anne Foster,W5604625,IR,E1,2026-05-21 10:51:00,2026-05-21 20:33:00,09:42:00,9.7
SO,PORTSMOUTH,ROUTINE,ENG051,Wendy Nash,Phil Russell,W5604626,MR,R2,2026-05-22 06:33:00,2026-05-22 10:15:00,03:42:00,3.7
NE,DURHAM,METERING,ENG070,Janet Robb,Bill Tyne,W5604627,RO,R2,2026-05-22 10:44:00,2026-05-22 15:26:00,04:42:00,4.7
WM,WOLVERHAMPTON,EMERGENCY,ENG041,Una Cowling,Mark Reygate,W5604628,RO,R2,2026-05-26 11:59:00,2026-05-27 02:23:00,14:24:00,14.4
SC,GLASGOW,ROUTINE,ENG005,Fiona Cameron,Gordon Shaw,W5604629,IR,E1,2026-05-26 10:39:00,2026-05-26 14:27:00,03:48:00,3.8
NW,BOLTON,ROUTINE,ENG012,Brian Cook,Gary Williams,W5604630,RO,E1,2026-05-25 06:31:00,2026-05-25 10:01:00,03:30:00,3.5
EA,CAMBRIDGE,ROUTINE,ENG023,Sharon King,Anne Foster,W5604631,RO,R1,2026-05-25 11:09:00,2026-05-25 14:21:00,03:12:00,3.2
NW,WIGAN,METERING,ENG013,Helen Morris,Dave Clarke,W5604632,MR,E1,2026-05-27 07:39:00,2026-05-27 16:33:00,08:54:00,8.9
WM,WALSALL,EMERGENCY,ENG041,Una Cowling,Mark Reygate,W5604633,ME,R2,2026-05-24 07:20:00,2026-05-24 21:50:00,14:30:00,14.5
SE,MAIDSTONE,ROUTINE,ENG031,Tracey McIntyre,Ray Ingram,W5604634,RO,E1,2026-05-24 11:49:00,2026-05-25 00:37:00,12:48:00,12.8
EA,BEDFORD,INSPECTION,ENG021,Rachel Davies,Mark Booker,W5604635,MR,E2,2026-05-26 10:22:00,2026-05-26 15:52:00,05:30:00,5.5
NW,BLACKBURN,METERING,ENG010,Paul Dawson,Gary Williams,W5604636,IR,E2,2026-05-26 08:50:00,2026-05-26 18:44:00,09:54:00,9.9
SC,GLASGOW,EMERGENCY,ENG005,Fiona Cameron,Gordon Shaw,W5604637,IR,E1,2026-05-21 07:24:00,2026-05-21 19:36:00,12:12:00,12.2
NT,LEICESTER,REPAIR,ENG060,Barry Noon,Sue Holt,W5604638,MR,M2,2026-05-24 06:35:00,2026-05-24 08:59:00,02:24:00,2.4
NE,MIDDLESBROUGH,REPAIR,ENG070,Janet Robb,Bill Tyne,W5604639,RO,R1,2026-05-25 07:28:00,2026-05-25 21:40:00,14:12:00,14.2
SE,EASTBOURNE,REPAIR,ENG033,Julie Price,Pat Nolan,W5604640,IR,E2,2026-05-26 11:10:00,2026-05-26 16:34:00,05:24:00,5.4
EA,BEDFORD,METERING,ENG022,Peter Wong,Mark Booker,W5604641,IR,M2,2026-05-22 07:53:00,2026-05-22 14:47:00,06:54:00,6.9
EA,BEDFORD,REPAIR,ENG022,Peter Wong,Mark Booker,W5604642,RO,M1,2026-05-26 11:14:00,2026-05-26 22:26:00,11:12:00,11.2
NT,MANSFIELD,METERING,ENG062,Fred Archer,Sue Holt,W5604643,MR,R2,2026-05-27 10:10:00,2026-05-27 19:16:00,09:06:00,9.1
NE,DURHAM,REPAIR,ENG072,Liz Cooke,Bill Tyne,W5604644,MR,E1,2026-05-23 08:54:00,2026-05-23 12:30:00,03:36:00,3.6
SO,SALISBURY,EMERGENCY,ENG051,Wendy Nash,Phil Russell,W5604645,ME,E1,2026-05-23 10:16:00,2026-05-24 01:22:00,15:06:00,15.1
NT,LINCOLN,INSPECTION,ENG060,Barry Noon,Sue Holt,W5604646,EM,R2,2026-05-24 07:21:00,2026-05-24 11:51:00,04:30:00,4.5
NE,SUNDERLAND,EMERGENCY,ENG071,Alan Shaw,Bill Tyne,W5604647,ME,E2,2026-05-26 09:15:00,2026-05-26 16:15:00,07:00:00,7.0
EA,LUTON,METERING,ENG023,Sharon King,Anne Foster,W5604648,RO,R2,2026-05-26 08:45:00,2026-05-26 22:27:00,13:42:00,13.7
NW,WARRINGTON,INSPECTION,ENG014,Alan Sharp,Dave Clarke,W5604649,ME,R1,2026-05-25 06:02:00,2026-05-25 19:14:00,13:12:00,13.2
NT,LEICESTER,ROUTINE,ENG060,Barry Noon,Sue Holt,W5604650,RO,E2,2026-05-27 10:08:00,2026-05-27 15:38:00,05:30:00,5.5
NW,BOLTON,INSPECTION,ENG013,Helen Morris,Dave Clarke,W5604651,ME,R2,2026-05-24 11:35:00,2026-05-25 02:53:00,15:18:00,15.3
NT,MANSFIELD,REPAIR,ENG061,Cathy Dean,Sue Holt,W5604652,MR,E2,2026-05-21 08:38:00,2026-05-21 13:26:00,04:48:00,4.8
SC,INVERNESS,REPAIR,ENG002,Alistair Fraser,Steven Leckie,W5604653,EM,E2,2026-05-26 06:02:00,2026-05-26 17:56:00,11:54:00,11.9
NT,LEICESTER,INSPECTION,ENG060,Barry Noon,Sue Holt,W5604654,MR,R2,2026-05-22 11:25:00,2026-05-22 21:37:00,10:12:00,10.2
EA,BEDFORD,ROUTINE,ENG020,Mark Holloway,Mark Booker,W5604655,RO,E1,2026-05-24 06:05:00,2026-05-24 17:53:00,11:48:00,11.8
SO,BASINGSTOKE,METERING,ENG052,Chris Lamb,Phil Russell,W5604656,IR,M1,2026-05-21 09:21:00,2026-05-22 01:21:00,16:00:00,16.0
NE,MIDDLESBROUGH,EMERGENCY,ENG070,Janet Robb,Bill Tyne,W5604657,IR,R1,2026-05-23 08:09:00,2026-05-23 22:03:00,13:54:00,13.9
SC,GLASGOW,EMERGENCY,ENG003,Catriona Stewart,Graham Loan,W5604658,RO,M2,2026-05-25 11:06:00,2026-05-25 18:36:00,07:30:00,7.5
NE,DURHAM,ROUTINE,ENG072,Liz Cooke,Bill Tyne,W5604659,RO,E2,2026-05-26 10:14:00,2026-05-26 13:32:00,03:18:00,3.3
EA,CAMBRIDGE,INSPECTION,ENG021,Rachel Davies,Mark Booker,W5604660,MR,R2,2026-05-21 07:37:00,2026-05-21 22:55:00,15:18:00,15.3
NE,MIDDLESBROUGH,METERING,ENG072,Liz Cooke,Bill Tyne,W5604661,ME,M1,2026-05-27 06:11:00,2026-05-27 09:17:00,03:06:00,3.1
EA,CAMBRIDGE,METERING,ENG023,Sharon King,Anne Foster,W5604662,IR,M2,2026-05-23 08:43:00,2026-05-23 23:01:00,14:18:00,14.3
SO,BOURNEMOUTH,ROUTINE,ENG050,Phil Hodgkins,Phil Russell,W5604663,RO,R1,2026-05-21 08:20:00,2026-05-21 17:20:00,09:00:00,9.0
NT,LINCOLN,REPAIR,ENG061,Cathy Dean,Sue Holt,W5604664,ME,E1,2026-05-23 07:19:00,2026-05-23 11:25:00,04:05:59,4.1
WM,DUDLEY,INSPECTION,ENG043,Diane Hunt,Tom Avery,W5604665,RO,E1,2026-05-22 06:03:00,2026-05-22 16:39:00,10:36:00,10.6
NW,STOCKPORT,REPAIR,ENG010,Paul Dawson,Gary Williams,W5604666,MR,E2,2026-05-27 09:13:00,2026-05-27 17:13:00,08:00:00,8.0
NE,GATESHEAD,EMERGENCY,ENG070,Janet Robb,Bill Tyne,W5604667,MR,M1,2026-05-22 07:40:00,2026-05-22 22:34:00,14:54:00,14.9
SE,MAIDSTONE,METERING,ENG030,Stuart Porter,Ray Ingram,W5604668,IR,R2,2026-05-25 10:48:00,2026-05-25 16:00:00,05:12:00,5.2
SE,HORSHAM,ROUTINE,ENG032,Colin James,Pat Nolan,W5604669,RO,E1,2026-05-24 08:48:00,2026-05-24 18:12:00,09:24:00,9.4
SO,BOURNEMOUTH,INSPECTION,ENG052,Chris Lamb,Phil Russell,W5604670,IR,M2,2026-05-24 10:23:00,2026-05-24 23:05:00,12:42:00,12.7
SE,HORSHAM,ROUTINE,ENG031,Tracey McIntyre,Ray Ingram,W5604671,EM,M1,2026-05-26 07:45:00,2026-05-26 22:45:00,15:00:00,15.0
SC,PERTH,EMERGENCY,ENG005,Fiona Cameron,Gordon Shaw,W5604672,IR,E2,2026-05-27 10:29:00,2026-05-27 16:41:00,06:12:00,6.2
SC,ABERDEEN,ROUTINE,ENG006,Kevin McAllister,Gordon Shaw,W5604673,IR,E1,2026-05-23 08:11:00,2026-05-23 12:41:00,04:30:00,4.5
SO,PORTSMOUTH,REPAIR,ENG050,Phil Hodgkins,Phil Russell,W5604674,IR,R2,2026-05-21 10:21:00,2026-05-21 21:51:00,11:30:00,11.5
SO,PORTSMOUTH,METERING,ENG051,Wendy Nash,Phil Russell,W5604675,ME,E2,2026-05-21 08:55:00,2026-05-21 15:13:00,06:18:00,6.3
NW,MANCHESTER,INSPECTION,ENG010,Paul Dawson,Gary Williams,W5604676,IR,E1,2026-05-21 11:58:00,2026-05-21 18:10:00,06:12:00,6.2
EA,IPSWICH,REPAIR,ENG023,Sharon King,Anne Foster,W5604677,MR,E2,2026-05-25 10:23:00,2026-05-25 14:05:00,03:42:00,3.7
NW,BOLTON,ROUTINE,ENG010,Paul Dawson,Gary Williams,W5604678,ME,M1,2026-05-26 11:40:00,2026-05-26 14:10:00,02:30:00,2.5
WM,STOKE,REPAIR,ENG043,Diane Hunt,Tom Avery,W5604679,MR,M1,2026-05-23 08:09:00,2026-05-23 14:51:00,06:42:00,6.7
NT,DERBY,REPAIR,ENG060,Barry Noon,Sue Holt,W5604680,ME,E2,2026-05-27 09:14:00,2026-05-27 17:50:00,08:36:00,8.6
EA,BEDFORD,EMERGENCY,ENG022,Peter Wong,Mark Booker,W5604681,ME,M2,2026-05-23 08:00:00,2026-05-23 19:12:00,11:12:00,11.2
NW,WARRINGTON,INSPECTION,ENG012,Brian Cook,Gary Williams,W5604682,EM,M1,2026-05-26 06:30:00,2026-05-26 15:00:00,08:30:00,8.5
SO,PORTSMOUTH,REPAIR,ENG050,Phil Hodgkins,Phil Russell,W5604683,MR,M1,2026-05-23 08:11:00,2026-05-23 21:47:00,13:36:00,13.6
NE,SUNDERLAND,EMERGENCY,ENG072,Liz Cooke,Bill Tyne,W5604684,EM,R2,2026-05-26 11:04:00,2026-05-27 01:52:00,14:48:00,14.8
NT,DERBY,ROUTINE,ENG061,Cathy Dean,Sue Holt,W5604685,IR,R2,2026-05-25 07:17:00,2026-05-25 19:59:00,12:42:00,12.7
NW,BLACKBURN,ROUTINE,ENG012,Brian Cook,Gary Williams,W5604686,ME,E2,2026-05-25 07:05:00,2026-05-25 11:11:00,04:05:59,4.1
SO,BASINGSTOKE,METERING,ENG052,Chris Lamb,Phil Russell,W5604687,EM,E1,2026-05-25 10:58:00,2026-05-25 14:10:00,03:12:00,3.2
NE,NEWCASTLE,INSPECTION,ENG070,Janet Robb,Bill Tyne,W5604688,IR,R1,2026-05-26 08:35:00,2026-05-26 22:53:00,14:18:00,14.3
NT,LEICESTER,REPAIR,ENG060,Barry Noon,Sue Holt,W5604689,EM,R1,2026-05-22 11:25:00,2026-05-22 18:49:00,07:24:00,7.4
NT,LINCOLN,METERING,ENG061,Cathy Dean,Sue Holt,W5604690,ME,E1,2026-05-25 06:31:00,2026-05-25 10:55:00,04:24:00,4.4
SE,EASTBOURNE,METERING,ENG033,Julie Price,Pat Nolan,W5604691,RO,M2,2026-05-26 07:16:00,2026-05-26 21:16:00,14:00:00,14.0
EA,BEDFORD,REPAIR,ENG021,Rachel Davies,Mark Booker,W5604692,EM,E2,2026-05-25 11:45:00,2026-05-26 00:15:00,12:30:00,12.5
WM,WALSALL,EMERGENCY,ENG041,Una Cowling,Mark Reygate,W5604693,MR,R1,2026-05-21 09:35:00,2026-05-21 17:47:00,08:11:59,8.2
NT,MANSFIELD,REPAIR,ENG062,Fred Archer,Sue Holt,W5604694,MR,R1,2026-05-24 06:29:00,2026-05-24 16:59:00,10:30:00,10.5
SO,SOUTHAMPTON,INSPECTION,ENG051,Wendy Nash,Phil Russell,W5604695,ME,M1,2026-05-27 07:41:00,2026-05-27 19:47:00,12:06:00,12.1
NE,NEWCASTLE,REPAIR,ENG072,Liz Cooke,Bill Tyne,W5604696,EM,M1,2026-05-27 08:10:00,2026-05-27 12:04:00,03:54:00,3.9
NE,MIDDLESBROUGH,EMERGENCY,ENG072,Liz Cooke,Bill Tyne,W5604697,IR,R1,2026-05-26 11:23:00,2026-05-26 15:05:00,03:42:00,3.7
SC,ABERDEEN,INSPECTION,ENG001,John MacDonald,Steven Leckie,W5604698,IR,E2,2026-05-25 08:46:00,2026-05-25 22:16:00,13:30:00,13.5
NT,DERBY,EMERGENCY,ENG061,Cathy Dean,Sue Holt,W5604699,EM,R1,2026-05-27 06:07:00,2026-05-27 19:07:00,13:00:00,13.0
SC,PAISLEY,REPAIR,ENG002,Alistair Fraser,Steven Leckie,W5604700,ME,E2,2026-05-23 09:40:00,2026-05-23 21:58:00,12:18:00,12.3
NT,MANSFIELD,REPAIR,ENG062,Fred Archer,Sue Holt,W5604701,EM,R1,2026-05-22 07:16:00,2026-05-22 17:10:00,09:54:00,9.9
SE,MAIDSTONE,ROUTINE,ENG033,Julie Price,Pat Nolan,W5604702,EM,M2,2026-05-25 08:26:00,2026-05-25 16:32:00,08:06:00,8.1
SE,GUILDFORD,EMERGENCY,ENG033,Julie Price,Pat Nolan,W5604703,MR,R1,2026-05-25 07:24:00,2026-05-25 17:12:00,09:48:00,9.8
SE,BRIGHTON,METERING,ENG031,Tracey McIntyre,Ray Ingram,W5604704,ME,M2,2026-05-26 06:57:00,2026-05-26 16:33:00,09:36:00,9.6
NT,LINCOLN,INSPECTION,ENG061,Cathy Dean,Sue Holt,W5604705,MR,M1,2026-05-25 07:39:00,2026-05-25 18:33:00,10:54:00,10.9
NT,MANSFIELD,EMERGENCY,ENG061,Cathy Dean,Sue Holt,W5604706,MR,M2,2026-05-24 09:26:00,2026-05-24 14:14:00,04:48:00,4.8
WM,WOLVERHAMPTON,ROUTINE,ENG043,Diane Hunt,Tom Avery,W5604707,MR,E2,2026-05-22 07:50:00,2026-05-22 17:38:00,09:48:00,9.8
EA,CAMBRIDGE,EMERGENCY,ENG023,Sharon King,Anne Foster,W5604708,EM,M2,2026-05-23 08:00:00,2026-05-23 10:00:00,02:00:00,2.0
NE,GATESHEAD,ROUTINE,ENG072,Liz Cooke,Bill Tyne,W5604709,MR,E1,2026-05-25 07:19:00,2026-05-25 10:49:00,03:30:00,3.5
SC,PAISLEY,EMERGENCY,ENG003,Catriona Stewart,Graham Loan,W5604710,RO,R1,2026-05-21 07:26:00,2026-05-21 18:44:00,11:18:00,11.3
WM,BIRMINGHAM,REPAIR,ENG043,Diane Hunt,Tom Avery,W5604711,IR,R1,2026-05-23 08:37:00,2026-05-23 13:19:00,04:42:00,4.7
EA,PETERBOROUGH,REPAIR,ENG022,Peter Wong,Mark Booker,W5604712,ME,M2,2026-05-21 06:53:00,2026-05-21 21:23:00,14:30:00,14.5
NE,NEWCASTLE,INSPECTION,ENG070,Janet Robb,Bill Tyne,W5604713,MR,M1,2026-05-26 09:08:00,2026-05-26 21:32:00,12:24:00,12.4
EA,NORWICH,EMERGENCY,ENG020,Mark Holloway,Mark Booker,W5604714,MR,E2,2026-05-21 07:26:00,2026-05-21 12:38:00,05:12:00,5.2
SO,SALISBURY,METERING,ENG052,Chris Lamb,Phil Russell,W5604715,IR,E1,2026-05-26 06:39:00,2026-05-26 08:45:00,02:06:00,2.1
WM,COVENTRY,EMERGENCY,ENG043,Diane Hunt,Tom Avery,W5604716,RO,E2,2026-05-21 07:29:00,2026-05-21 11:53:00,04:24:00,4.4
NE,MIDDLESBROUGH,EMERGENCY,ENG071,Alan Shaw,Bill Tyne,W5604717,IR,M2,2026-05-22 11:45:00,2026-05-22 23:21:00,11:36:00,11.6
EA,NORWICH,INSPECTION,ENG021,Rachel Davies,Mark Booker,W5604718,IR,E2,2026-05-26 11:06:00,2026-05-26 22:12:00,11:06:00,11.1
NW,WIGAN,METERING,ENG010,Paul Dawson,Gary Williams,W5604719,ME,M1,2026-05-23 08:44:00,2026-05-23 20:56:00,12:12:00,12.2
NW,WARRINGTON,REPAIR,ENG011,Karen Simmons,Gary Williams,W5604720,EM,E1,2026-05-21 10:22:00,2026-05-21 21:28:00,11:06:00,11.1
WM,COVENTRY,EMERGENCY,ENG040,Wayne Edwards,Mark Reygate,W5604721,MR,M1,2026-05-23 11:07:00,2026-05-23 20:49:00,09:42:00,9.7
SE,CROYDON,REPAIR,ENG032,Colin James,Pat Nolan,W5604722,MR,R1,2026-05-22 08:43:00,2026-05-22 20:37:00,11:54:00,11.9
NE,NEWCASTLE,ROUTINE,ENG070,Janet Robb,Bill Tyne,W5604723,EM,R2,2026-05-26 06:30:00,2026-05-26 14:54:00,08:24:00,8.4
WM,WOLVERHAMPTON,REPAIR,ENG040,Wayne Edwards,Mark Reygate,W5604724,EM,R2,2026-05-21 11:01:00,2026-05-21 21:25:00,10:24:00,10.4
SE,CROYDON,METERING,ENG032,Colin James,Pat Nolan,W5604725,ME,E2,2026-05-23 11:40:00,2026-05-24 00:58:00,13:18:00,13.3
NT,MANSFIELD,EMERGENCY,ENG061,Cathy Dean,Sue Holt,W5604726,EM,M1,2026-05-21 08:04:00,2026-05-21 11:10:00,03:06:00,3.1
NE,DURHAM,METERING,ENG072,Liz Cooke,Bill Tyne,W5604727,EM,M1,2026-05-25 06:40:00,2026-05-25 18:34:00,11:54:00,11.9
NW,STOCKPORT,ROUTINE,ENG012,Brian Cook,Gary Williams,W5604728,ME,E2,2026-05-22 08:01:00,2026-05-22 13:19:00,05:18:00,5.3
SO,SALISBURY,REPAIR,ENG050,Phil Hodgkins,Phil Russell,W5604729,MR,E1,2026-05-21 10:55:00,2026-05-21 20:01:00,09:06:00,9.1
SO,BASINGSTOKE,REPAIR,ENG050,Phil Hodgkins,Phil Russell,W5604730,RO,M2,2026-05-21 11:56:00,2026-05-21 23:38:00,11:42:00,11.7
SO,BOURNEMOUTH,METERING,ENG052,Chris Lamb,Phil Russell,W5604731,IR,E2,2026-05-26 11:02:00,2026-05-26 20:02:00,09:00:00,9.0
NT,MANSFIELD,METERING,ENG060,Barry Noon,Sue Holt,W5604732,IR,M2,2026-05-23 06:00:00,2026-05-23 10:42:00,04:42:00,4.7
SC,DUNDEE,EMERGENCY,ENG005,Fiona Cameron,Gordon Shaw,W5604733,ME,M1,2026-05-22 07:04:00,2026-05-22 21:16:00,14:12:00,14.2
SC,GLASGOW,REPAIR,ENG002,Alistair Fraser,Steven Leckie,W5604734,EM,E1,2026-05-21 06:04:00,2026-05-21 20:34:00,14:30:00,14.5
NE,GATESHEAD,EMERGENCY,ENG070,Janet Robb,Bill Tyne,W5604735,EM,E2,2026-05-27 07:04:00,2026-05-27 21:52:00,14:48:00,14.8
WM,WALSALL,EMERGENCY,ENG040,Wayne Edwards,Mark Reygate,W5604736,RO,E1,2026-05-25 09:04:00,2026-05-26 00:58:00,15:54:00,15.9
NW,LIVERPOOL,ROUTINE,ENG014,Alan Sharp,Dave Clarke,W5604737,MR,E2,2026-05-22 08:23:00,2026-05-22 15:53:00,07:30:00,7.5
EA,IPSWICH,INSPECTION,ENG021,Rachel Davies,Mark Booker,W5604738,ME,M2,2026-05-23 08:36:00,2026-05-23 17:24:00,08:48:00,8.8
EA,PETERBOROUGH,ROUTINE,ENG023,Sharon King,Anne Foster,W5604739,EM,M2,2026-05-21 06:48:00,2026-05-21 11:18:00,04:30:00,4.5
SE,BRIGHTON,EMERGENCY,ENG033,Julie Price,Pat Nolan,W5604740,MR,E2,2026-05-21 11:59:00,2026-05-22 00:05:00,12:06:00,12.1
SE,EASTBOURNE,ROUTINE,ENG033,Julie Price,Pat Nolan,W5604741,RO,E1,2026-05-24 08:29:00,2026-05-24 18:59:00,10:30:00,10.5
WM,STOKE,INSPECTION,ENG040,Wayne Edwards,Mark Reygate,W5604742,MR,R1,2026-05-27 09:17:00,2026-05-27 11:41:00,02:24:00,2.4
NW,LIVERPOOL,INSPECTION,ENG012,Brian Cook,Gary Williams,W5604743,EM,M2,2026-05-24 07:33:00,2026-05-24 22:45:00,15:12:00,15.2
WM,BIRMINGHAM,REPAIR,ENG042,Steve Frost,Mark Reygate,W5604744,IR,M2,2026-05-25 11:39:00,2026-05-25 22:21:00,10:42:00,10.7
NT,MANSFIELD,INSPECTION,ENG061,Cathy Dean,Sue Holt,W5604745,ME,M1,2026-05-27 10:59:00,2026-05-27 15:53:00,04:54:00,4.9
SO,PORTSMOUTH,INSPECTION,ENG052,Chris Lamb,Phil Russell,W5604746,RO,M2,2026-05-23 07:12:00,2026-05-23 15:42:00,08:30:00,8.5
NW,LIVERPOOL,REPAIR,ENG013,Helen Morris,Dave Clarke,W5604747,EM,E2,2026-05-21 09:43:00,2026-05-21 15:13:00,05:30:00,5.5
NE,MIDDLESBROUGH,ROUTINE,ENG070,Janet Robb,Bill Tyne,W5604748,EM,E2,2026-05-24 06:31:00,2026-05-24 18:49:00,12:18:00,12.3
NT,MANSFIELD,EMERGENCY,ENG062,Fred Archer,Sue Holt,W5604749,RO,E1,2026-05-24 06:16:00,2026-05-24 10:28:00,04:12:00,4.2
NE,NEWCASTLE,EMERGENCY,ENG072,Liz Cooke,Bill Tyne,W5604750,MR,E1,2026-05-22 06:36:00,2026-05-22 14:06:00,07:30:00,7.5
SE,GUILDFORD,ROUTINE,ENG032,Colin James,Pat Nolan,W5604751,ME,R2,2026-05-22 09:35:00,2026-05-22 18:47:00,09:12:00,9.2
NE,NEWCASTLE,REPAIR,ENG071,Alan Shaw,Bill Tyne,W5604752,ME,M1,2026-05-27 11:37:00,2026-05-27 14:37:00,03:00:00,3.0
NT,DERBY,METERING,ENG062,Fred Archer,Sue Holt,W5604753,RO,M2,2026-05-27 11:56:00,2026-05-27 20:32:00,08:36:00,8.6
NE,MIDDLESBROUGH,INSPECTION,ENG071,Alan Shaw,Bill Tyne,W5604754,RO,E2,2026-05-22 06:56:00,2026-05-22 19:38:00,12:42:00,12.7
NW,MANCHESTER,METERING,ENG013,Helen Morris,Dave Clarke,W5604755,MR,M1,2026-05-21 11:04:00,2026-05-21 13:52:00,02:48:00,2.8
SC,GLASGOW,EMERGENCY,ENG003,Catriona Stewart,Graham Loan,W5604756,EM,M1,2026-05-21 08:06:00,2026-05-21 21:48:00,13:42:00,13.7
NT,DERBY,ROUTINE,ENG062,Fred Archer,Sue Holt,W5604757,EM,M2,2026-05-25 11:46:00,2026-05-25 19:28:00,07:42:00,7.7
NW,WARRINGTON,METERING,ENG010,Paul Dawson,Gary Williams,W5604758,IR,M2,2026-05-25 06:39:00,2026-05-25 21:57:00,15:18:00,15.3
SO,BASINGSTOKE,REPAIR,ENG051,Wendy Nash,Phil Russell,W5604759,IR,E1,2026-05-22 11:30:00,2026-05-22 19:48:00,08:18:00,8.3
WM,BIRMINGHAM,ROUTINE,ENG043,Diane Hunt,Tom Avery,W5604760,ME,E2,2026-05-21 06:49:00,2026-05-21 11:43:00,04:54:00,4.9
EA,LUTON,EMERGENCY,ENG020,Mark Holloway,Mark Booker,W5604761,MR,E2,2026-05-26 06:26:00,2026-05-26 16:20:00,09:54:00,9.9
NT,NOTTINGHAM,REPAIR,ENG060,Barry Noon,Sue Holt,W5604762,ME,R2,2026-05-26 08:01:00,2026-05-26 17:19:00,09:18:00,9.3
SC,DUNDEE,INSPECTION,ENG001,John MacDonald,Steven Leckie,W5604763,IR,E2,2026-05-26 10:27:00,2026-05-26 18:39:00,08:11:59,8.2
SC,PAISLEY,EMERGENCY,ENG005,Fiona Cameron,Gordon Shaw,W5604764,IR,M2,2026-05-22 10:30:00,2026-05-22 21:54:00,11:24:00,11.4
NW,LIVERPOOL,METERING,ENG014,Alan Sharp,Dave Clarke,W5604765,ME,E1,2026-05-26 10:15:00,2026-05-26 17:09:00,06:54:00,6.9
EA,PETERBOROUGH,METERING,ENG020,Mark Holloway,Mark Booker,W5604766,EM,E1,2026-05-24 10:29:00,2026-05-24 14:53:00,04:24:00,4.4
SE,EASTBOURNE,REPAIR,ENG031,Tracey McIntyre,Ray Ingram,W5604767,ME,E1,2026-05-21 11:00:00,2026-05-21 16:18:00,05:18:00,5.3
EA,CAMBRIDGE,ROUTINE,ENG022,Peter Wong,Mark Booker,W5604768,RO,R2,2026-05-25 10:20:00,2026-05-25 22:20:00,12:00:00,12.0
EA,LUTON,ROUTINE,ENG023,Sharon King,Anne Foster,W5604769,MR,E2,2026-05-26 09:10:00,2026-05-26 18:16:00,09:06:00,9.1
NW,LIVERPOOL,INSPECTION,ENG013,Helen Morris,Dave Clarke,W5604770,MR,R2,2026-05-23 08:58:00,2026-05-23 11:04:00,02:06:00,2.1
NT,LEICESTER,METERING,ENG061,Cathy Dean,Sue Holt,W5604771,ME,E2,2026-05-21 06:51:00,2026-05-21 18:39:00,11:48:00,11.8
SO,SOUTHAMPTON,INSPECTION,ENG051,Wendy Nash,Phil Russell,W5604772,ME,R1,2026-05-22 07:48:00,2026-05-22 13:30:00,05:42:00,5.7
SE,CROYDON,INSPECTION,ENG032,Colin James,Pat Nolan,W5604773,ME,R2,2026-05-21 06:27:00,2026-05-21 09:45:00,03:18:00,3.3
EA,NORWICH,ROUTINE,ENG023,Sharon King,Anne Foster,W5604774,RO,E2,2026-05-24 11:27:00,2026-05-24 14:15:00,02:48:00,2.8
SC,EDINBURGH,INSPECTION,ENG002,Alistair Fraser,Steven Leckie,W5604775,IR,R2,2026-05-25 10:47:00,2026-05-25 19:23:00,08:36:00,8.6
EA,PETERBOROUGH,REPAIR,ENG023,Sharon King,Anne Foster,W5604776,IR,M1,2026-05-24 09:43:00,2026-05-24 13:43:00,04:00:00,4.0
NE,DURHAM,ROUTINE,ENG072,Liz Cooke,Bill Tyne,W5604777,RO,R2,2026-05-24 06:40:00,2026-05-24 11:28:00,04:48:00,4.8
SE,CROYDON,REPAIR,ENG030,Stuart Porter,Ray Ingram,W5604778,RO,M2,2026-05-24 10:41:00,2026-05-24 19:05:00,08:24:00,8.4
NW,WIGAN,METERING,ENG014,Alan Sharp,Dave Clarke,W5604779,ME,E1,2026-05-25 10:11:00,2026-05-25 21:53:00,11:42:00,11.7
NE,NEWCASTLE,REPAIR,ENG072,Liz Cooke,Bill Tyne,W5604780,MR,M2,2026-05-23 07:05:00,2026-05-23 22:23:00,15:18:00,15.3
WM,BIRMINGHAM,METERING,ENG043,Diane Hunt,Tom Avery,W5604781,EM,M2,2026-05-25 08:57:00,2026-05-25 17:39:00,08:41:59,8.7
WM,WOLVERHAMPTON,REPAIR,ENG040,Wayne Edwards,Mark Reygate,W5604782,EM,R1,2026-05-24 10:36:00,2026-05-24 20:00:00,09:24:00,9.4
WM,COVENTRY,ROUTINE,ENG042,Steve Frost,Mark Reygate,W5604783,RO,M1,2026-05-23 10:20:00,2026-05-23 21:38:00,11:18:00,11.3
NW,WARRINGTON,ROUTINE,ENG012,Brian Cook,Gary Williams,W5604784,EM,E1,2026-05-24 08:02:00,2026-05-24 23:56:00,15:54:00,15.9
SC,ABERDEEN,REPAIR,ENG001,John MacDonald,Steven Leckie,W5604785,ME,M2,2026-05-27 09:00:00,2026-05-27 23:42:00,14:42:00,14.7
EA,IPSWICH,METERING,ENG021,Rachel Davies,Mark Booker,W5604786,MR,E2,2026-05-22 10:54:00,2026-05-23 00:00:00,13:06:00,13.1
SO,BOURNEMOUTH,ROUTINE,ENG051,Wendy Nash,Phil Russell,W5604787,EM,E1,2026-05-26 10:15:00,2026-05-26 20:15:00,10:00:00,10.0
EA,NORWICH,METERING,ENG020,Mark Holloway,Mark Booker,W5604788,RO,R1,2026-05-21 07:03:00,2026-05-21 12:39:00,05:36:00,5.6
SO,SOUTHAMPTON,METERING,ENG050,Phil Hodgkins,Phil Russell,W5604789,ME,R1,2026-05-22 07:27:00,2026-05-22 10:39:00,03:12:00,3.2
NT,NOTTINGHAM,METERING,ENG060,Barry Noon,Sue Holt,W5604790,EM,R2,2026-05-24 07:06:00,2026-05-24 13:48:00,06:42:00,6.7
SO,SALISBURY,ROUTINE,ENG051,Wendy Nash,Phil Russell,W5604791,ME,M2,2026-05-25 08:36:00,2026-05-25 14:06:00,05:30:00,5.5
NE,GATESHEAD,INSPECTION,ENG070,Janet Robb,Bill Tyne,W5604792,EM,M1,2026-05-25 10:06:00,2026-05-25 15:48:00,05:42:00,5.7
SC,PERTH,EMERGENCY,ENG005,Fiona Cameron,Gordon Shaw,W5604793,EM,E2,2026-05-26 07:17:00,2026-05-26 16:11:00,08:54:00,8.9
WM,WOLVERHAMPTON,METERING,ENG040,Wayne Edwards,Mark Reygate,W5604794,RO,E2,2026-05-25 11:28:00,2026-05-25 17:10:00,05:42:00,5.7
WM,STOKE,REPAIR,ENG043,Diane Hunt,Tom Avery,W5604795,ME,M2,2026-05-26 10:18:00,2026-05-26 17:48:00,07:30:00,7.5
EA,LUTON,INSPECTION,ENG023,Sharon King,Anne Foster,W5604796,MR,E1,2026-05-24 10:18:00,2026-05-24 18:24:00,08:06:00,8.1
WM,DUDLEY,METERING,ENG041,Una Cowling,Mark Reygate,W5604797,IR,R2,2026-05-22 11:58:00,2026-05-22 18:52:00,06:54:00,6.9
EA,CAMBRIDGE,EMERGENCY,ENG021,Rachel Davies,Mark Booker,W5604798,IR,E2,2026-05-21 06:42:00,2026-05-21 14:18:00,07:36:00,7.6
SE,HORSHAM,EMERGENCY,ENG031,Tracey McIntyre,Ray Ingram,W5604799,RO,M1,2026-05-23 09:24:00,2026-05-23 21:12:00,11:48:00,11.8
SE,HORSHAM,REPAIR,ENG032,Colin James,Pat Nolan,W5604800,IR,R2,2026-05-27 11:18:00,2026-05-27 22:06:00,10:48:00,10.8
SC,EDINBURGH,INSPECTION,ENG006,Kevin McAllister,Gordon Shaw,W5604801,ME,R1,2026-05-22 08:12:00,2026-05-22 17:24:00,09:12:00,9.2
SE,MAIDSTONE,EMERGENCY,ENG032,Colin James,Pat Nolan,W5604802,IR,E2,2026-05-22 07:28:00,2026-05-22 13:04:00,05:36:00,5.6
NE,MIDDLESBROUGH,INSPECTION,ENG072,Liz Cooke,Bill Tyne,W5604803,IR,E1,2026-05-26 07:02:00,2026-05-26 11:50:00,04:48:00,4.8
SE,CROYDON,INSPECTION,ENG031,Tracey McIntyre,Ray Ingram,W5604804,RO,R1,2026-05-23 08:30:00,2026-05-23 19:24:00,10:54:00,10.9
NW,MANCHESTER,INSPECTION,ENG012,Brian Cook,Gary Williams,W5604805,RO,R1,2026-05-21 11:39:00,2026-05-21 16:15:00,04:36:00,4.6
SO,SOUTHAMPTON,INSPECTION,ENG050,Phil Hodgkins,Phil Russell,W5604806,EM,M2,2026-05-21 11:06:00,2026-05-21 19:36:00,08:30:00,8.5
NW,BLACKBURN,ROUTINE,ENG010,Paul Dawson,Gary Williams,W5604807,EM,R2,2026-05-25 07:52:00,2026-05-25 18:40:00,10:48:00,10.8
SE,GUILDFORD,INSPECTION,ENG032,Colin James,Pat Nolan,W5604808,ME,M1,2026-05-21 08:28:00,2026-05-21 11:28:00,03:00:00,3.0
NT,DERBY,INSPECTION,ENG061,Cathy Dean,Sue Holt,W5604809,ME,M2,2026-05-27 06:03:00,2026-05-27 20:57:00,14:54:00,14.9
SO,BOURNEMOUTH,INSPECTION,ENG051,Wendy Nash,Phil Russell,W5604810,ME,E1,2026-05-22 06:08:00,2026-05-22 12:14:00,06:06:00,6.1
NE,NEWCASTLE,ROUTINE,ENG072,Liz Cooke,Bill Tyne,W5604811,MR,R2,2026-05-25 06:24:00,2026-05-25 20:36:00,14:12:00,14.2
WM,WOLVERHAMPTON,ROUTINE,ENG041,Una Cowling,Mark Reygate,W5604812,MR,E1,2026-05-26 08:06:00,2026-05-26 20:24:00,12:18:00,12.3
NE,MIDDLESBROUGH,INSPECTION,ENG071,Alan Shaw,Bill Tyne,W5604813,MR,M1,2026-05-21 07:39:00,2026-05-21 22:21:00,14:42:00,14.7
NE,DURHAM,ROUTINE,ENG072,Liz Cooke,Bill Tyne,W5604814,IR,M2,2026-05-23 11:44:00,2026-05-23 23:26:00,11:42:00,11.7
WM,WALSALL,INSPECTION,ENG040,Wayne Edwards,Mark Reygate,W5604815,MR,M1,2026-05-23 10:35:00,2026-05-23 20:53:00,10:18:00,10.3
NT,LINCOLN,METERING,ENG061,Cathy Dean,Sue Holt,W5604816,ME,M1,2026-05-27 07:46:00,2026-05-27 20:04:00,12:18:00,12.3
NT,LEICESTER,REPAIR,ENG061,Cathy Dean,Sue Holt,W5604817,RO,M1,2026-05-21 11:43:00,2026-05-22 01:01:00,13:18:00,13.3
EA,LUTON,REPAIR,ENG023,Sharon King,Anne Foster,W5604818,ME,R2,2026-05-23 10:28:00,2026-05-23 20:52:00,10:24:00,10.4
SO,BASINGSTOKE,EMERGENCY,ENG050,Phil Hodgkins,Phil Russell,W5604819,MR,R1,2026-05-24 08:28:00,2026-05-24 16:16:00,07:48:00,7.8
SE,EASTBOURNE,EMERGENCY,ENG032,Colin James,Pat Nolan,W5604820,EM,R2,2026-05-26 07:31:00,2026-05-26 15:43:00,08:11:59,8.2
NW,BLACKBURN,REPAIR,ENG013,Helen Morris,Dave Clarke,W5604821,ME,M2,2026-05-22 07:09:00,2026-05-22 15:09:00,08:00:00,8.0
NT,DERBY,EMERGENCY,ENG060,Barry Noon,Sue Holt,W5604822,EM,R2,2026-05-27 09:38:00,2026-05-27 18:26:00,08:48:00,8.8
SC,PERTH,INSPECTION,ENG006,Kevin McAllister,Gordon Shaw,W5604823,ME,M2,2026-05-24 10:09:00,2026-05-24 13:27:00,03:18:00,3.3
WM,BIRMINGHAM,INSPECTION,ENG043,Diane Hunt,Tom Avery,W5604824,RO,E2,2026-05-25 10:35:00,2026-05-25 13:29:00,02:54:00,2.9
SE,GUILDFORD,INSPECTION,ENG033,Julie Price,Pat Nolan,W5604825,MR,E2,2026-05-27 08:40:00,2026-05-27 20:52:00,12:12:00,12.2
NW,MANCHESTER,EMERGENCY,ENG012,Brian Cook,Gary Williams,W5604826,MR,R2,2026-05-27 09:00:00,2026-05-27 19:00:00,10:00:00,10.0
SE,GUILDFORD,ROUTINE,ENG031,Tracey McIntyre,Ray Ingram,W5604827,ME,E1,2026-05-26 11:16:00,2026-05-26 16:34:00,05:18:00,5.3
NT,DERBY,ROUTINE,ENG061,Cathy Dean,Sue Holt,W5604828,RO,M1,2026-05-26 06:07:00,2026-05-26 19:13:00,13:06:00,13.1
NE,SUNDERLAND,ROUTINE,ENG072,Liz Cooke,Bill Tyne,W5604829,ME,R2,2026-05-24 10:03:00,2026-05-24 22:39:00,12:36:00,12.6
SE,HORSHAM,REPAIR,ENG032,Colin James,Pat Nolan,W5604830,IR,E1,2026-05-25 06:41:00,2026-05-25 09:23:00,02:42:00,2.7
SC,ABERDEEN,INSPECTION,ENG004,Douglas Reid,Graham Loan,W5604831,ME,R1,2026-05-27 11:07:00,2026-05-27 17:25:00,06:18:00,6.3
NW,WARRINGTON,REPAIR,ENG013,Helen Morris,Dave Clarke,W5604832,MR,E2,2026-05-23 07:06:00,2026-05-23 21:48:00,14:42:00,14.7
NE,NEWCASTLE,INSPECTION,ENG071,Alan Shaw,Bill Tyne,W5604833,ME,R2,2026-05-21 10:01:00,2026-05-21 19:43:00,09:42:00,9.7
SO,SOUTHAMPTON,INSPECTION,ENG050,Phil Hodgkins,Phil Russell,W5604834,MR,M2,2026-05-22 09:46:00,2026-05-22 20:16:00,10:30:00,10.5
NE,DURHAM,EMERGENCY,ENG070,Janet Robb,Bill Tyne,W5604835,EM,R1,2026-05-21 06:14:00,2026-05-21 20:02:00,13:48:00,13.8
NT,LEICESTER,ROUTINE,ENG062,Fred Archer,Sue Holt,W5604836,IR,M2,2026-05-21 08:02:00,2026-05-21 12:50:00,04:48:00,4.8
SO,PORTSMOUTH,INSPECTION,ENG050,Phil Hodgkins,Phil Russell,W5604837,MR,M1,2026-05-24 10:38:00,2026-05-24 17:32:00,06:54:00,6.9
NE,SUNDERLAND,METERING,ENG072,Liz Cooke,Bill Tyne,W5604838,IR,R1,2026-05-21 07:11:00,2026-05-21 21:17:00,14:06:00,14.1
WM,COVENTRY,EMERGENCY,ENG043,Diane Hunt,Tom Avery,W5604839,IR,R2,2026-05-25 10:08:00,2026-05-26 00:26:00,14:18:00,14.3
NE,SUNDERLAND,REPAIR,ENG071,Alan Shaw,Bill Tyne,W5604840,EM,R1,2026-05-23 07:41:00,2026-05-23 20:47:00,13:06:00,13.1
NW,MANCHESTER,METERING,ENG011,Karen Simmons,Gary Williams,W5604841,IR,E2,2026-05-27 06:08:00,2026-05-27 13:50:00,07:42:00,7.7
SE,MAIDSTONE,ROUTINE,ENG031,Tracey McIntyre,Ray Ingram,W5604842,ME,M2,2026-05-27 10:40:00,2026-05-27 23:22:00,12:42:00,12.7
WM,STOKE,INSPECTION,ENG042,Steve Frost,Mark Reygate,W5604843,ME,R2,2026-05-26 11:06:00,2026-05-27 01:06:00,14:00:00,14.0
SE,EASTBOURNE,REPAIR,ENG031,Tracey McIntyre,Ray Ingram,W5604844,EM,E1,2026-05-27 06:15:00,2026-05-27 16:03:00,09:48:00,9.8
SE,CROYDON,EMERGENCY,ENG031,Tracey McIntyre,Ray Ingram,W5604845,EM,M2,2026-05-21 06:04:00,2026-05-21 21:28:00,15:24:00,15.4
NW,WARRINGTON,ROUTINE,ENG013,Helen Morris,Dave Clarke,W5604846,EM,E1,2026-05-22 06:27:00,2026-05-22 22:15:00,15:48:00,15.8
EA,NORWICH,EMERGENCY,ENG023,Sharon King,Anne Foster,W5604847,IR,E1,2026-05-23 08:05:00,2026-05-23 13:05:00,05:00:00,5.0
NE,DURHAM,INSPECTION,ENG072,Liz Cooke,Bill Tyne,W5604848,EM,E1,2026-05-23 10:38:00,2026-05-23 22:38:00,12:00:00,12.0
EA,BEDFORD,EMERGENCY,ENG022,Peter Wong,Mark Booker,W5604849,ME,M2,2026-05-25 07:23:00,2026-05-25 18:35:00,11:12:00,11.2
EA,BEDFORD,INSPECTION,ENG021,Rachel Davies,Mark Booker,W5604850,IR,M1,2026-05-25 08:48:00,2026-05-25 15:36:00,06:48:00,6.8
EA,LUTON,METERING,ENG022,Peter Wong,Mark Booker,W5604851,ME,M1,2026-05-27 07:42:00,2026-05-27 11:54:00,04:12:00,4.2
WM,BIRMINGHAM,REPAIR,ENG042,Steve Frost,Mark Reygate,W5604852,EM,R2,2026-05-25 06:12:00,2026-05-25 11:00:00,04:48:00,4.8
NT,NOTTINGHAM,METERING,ENG061,Cathy Dean,Sue Holt,W5604853,RO,R1,2026-05-25 09:17:00,2026-05-25 14:59:00,05:42:00,5.7
NT,LINCOLN,INSPECTION,ENG062,Fred Archer,Sue Holt,W5604854,RO,E2,2026-05-22 09:08:00,2026-05-22 16:08:00,07:00:00,7.0
SC,PAISLEY,REPAIR,ENG006,Kevin McAllister,Gordon Shaw,W5604855,MR,M2,2026-05-27 10:10:00,2026-05-27 21:52:00,11:42:00,11.7
SO,PORTSMOUTH,METERING,ENG051,Wendy Nash,Phil Russell,W5604856,IR,R2,2026-05-25 07:48:00,2026-05-25 13:12:00,05:24:00,5.4
NT,NOTTINGHAM,EMERGENCY,ENG060,Barry Noon,Sue Holt,W5604857,IR,R2,2026-05-24 09:36:00,2026-05-24 19:48:00,10:12:00,10.2
SO,PORTSMOUTH,ROUTINE,ENG050,Phil Hodgkins,Phil Russell,W5604858,IR,M1,2026-05-24 11:25:00,2026-05-25 01:49:00,14:24:00,14.4
SO,BASINGSTOKE,METERING,ENG050,Phil Hodgkins,Phil Russell,W5604859,EM,M2,2026-05-27 09:06:00,2026-05-27 18:06:00,09:00:00,9.0
SO,PORTSMOUTH,ROUTINE,ENG052,Chris Lamb,Phil Russell,W5604860,MR,R1,2026-05-23 10:45:00,2026-05-24 01:39:00,14:54:00,14.9
NT,LINCOLN,INSPECTION,ENG062,Fred Archer,Sue Holt,W5604861,ME,R1,2026-05-27 07:12:00,2026-05-27 22:30:00,15:18:00,15.3
NT,LEICESTER,METERING,ENG062,Fred Archer,Sue Holt,W5604862,ME,M2,2026-05-25 08:21:00,2026-05-25 21:39:00,13:18:00,13.3
SO,PORTSMOUTH,METERING,ENG051,Wendy Nash,Phil Russell,W5604863,RO,E2,2026-05-25 11:56:00,2026-05-26 02:20:00,14:24:00,14.4
NW,LIVERPOOL,EMERGENCY,ENG013,Helen Morris,Dave Clarke,W5604864,IR,M2,2026-05-23 08:02:00,2026-05-23 16:50:00,08:48:00,8.8
NE,MIDDLESBROUGH,REPAIR,ENG070,Janet Robb,Bill Tyne,W5604865,MR,E2,2026-05-23 10:17:00,2026-05-23 15:05:00,04:48:00,4.8
WM,DUDLEY,INSPECTION,ENG042,Steve Frost,Mark Reygate,W5604866,ME,M1,2026-05-21 08:21:00,2026-05-21 21:09:00,12:48:00,12.8
NW,BLACKBURN,INSPECTION,ENG012,Brian Cook,Gary Williams,W5604867,MR,M1,2026-05-21 06:35:00,2026-05-21 21:41:00,15:06:00,15.1
SO,BOURNEMOUTH,ROUTINE,ENG050,Phil Hodgkins,Phil Russell,W5604868,EM,E1,2026-05-27 10:53:00,2026-05-27 20:53:00,10:00:00,10.0
EA,NORWICH,ROUTINE,ENG020,Mark Holloway,Mark Booker,W5604869,RO,E1,2026-05-26 10:13:00,2026-05-26 20:13:00,10:00:00,10.0
EA,NORWICH,METERING,ENG020,Mark Holloway,Mark Booker,W5604870,ME,E1,2026-05-21 11:20:00,2026-05-21 14:50:00,03:30:00,3.5
SO,BOURNEMOUTH,ROUTINE,ENG050,Phil Hodgkins,Phil Russell,W5604871,RO,R1,2026-05-21 07:04:00,2026-05-21 10:58:00,03:54:00,3.9
WM,DUDLEY,INSPECTION,ENG042,Steve Frost,Mark Reygate,W5604872,RO,R2,2026-05-23 11:09:00,2026-05-24 01:57:00,14:48:00,14.8
SO,BASINGSTOKE,METERING,ENG052,Chris Lamb,Phil Russell,W5604873,IR,E1,2026-05-24 09:04:00,2026-05-24 20:34:00,11:30:00,11.5
NE,DURHAM,INSPECTION,ENG072,Liz Cooke,Bill Tyne,W5604874,MR,E2,2026-05-22 10:25:00,2026-05-22 16:07:00,05:42:00,5.7
NE,DURHAM,REPAIR,ENG072,Liz Cooke,Bill Tyne,W5604875,RO,R2,2026-05-25 09:13:00,2026-05-25 18:13:00,09:00:00,9.0
SC,PAISLEY,REPAIR,ENG003,Catriona Stewart,Graham Loan,W5604876,IR,E1,2026-05-25 06:06:00,2026-05-25 16:36:00,10:30:00,10.5
NE,MIDDLESBROUGH,REPAIR,ENG071,Alan Shaw,Bill Tyne,W5604877,IR,E2,2026-05-26 10:17:00,2026-05-26 22:59:00,12:42:00,12.7
NT,NOTTINGHAM,ROUTINE,ENG062,Fred Archer,Sue Holt,W5604878,ME,M2,2026-05-22 09:05:00,2026-05-22 14:29:00,05:24:00,5.4
SO,BOURNEMOUTH,INSPECTION,ENG052,Chris Lamb,Phil Russell,W5604879,EM,M1,2026-05-23 07:35:00,2026-05-23 20:05:00,12:30:00,12.5
SE,HORSHAM,REPAIR,ENG031,Tracey McIntyre,Ray Ingram,W5604880,MR,R1,2026-05-24 09:53:00,2026-05-25 00:59:00,15:06:00,15.1
NT,LINCOLN,REPAIR,ENG061,Cathy Dean,Sue Holt,W5604881,ME,R2,2026-05-22 11:24:00,2026-05-22 21:30:00,10:06:00,10.1
NW,LIVERPOOL,EMERGENCY,ENG011,Karen Simmons,Gary Williams,W5604882,MR,E2,2026-05-27 10:18:00,2026-05-27 16:36:00,06:18:00,6.3
WM,STOKE,INSPECTION,ENG043,Diane Hunt,Tom Avery,W5604883,ME,R1,2026-05-21 07:04:00,2026-05-21 10:34:00,03:30:00,3.5
SE,HORSHAM,EMERGENCY,ENG032,Colin James,Pat Nolan,W5604884,IR,M1,2026-05-27 11:07:00,2026-05-27 17:55:00,06:48:00,6.8
NE,MIDDLESBROUGH,METERING,ENG072,Liz Cooke,Bill Tyne,W5604885,IR,M1,2026-05-27 09:08:00,2026-05-27 17:44:00,08:36:00,8.6
NE,MIDDLESBROUGH,METERING,ENG072,Liz Cooke,Bill Tyne,W5604886,IR,M2,2026-05-23 11:52:00,2026-05-23 22:58:00,11:06:00,11.1
SC,DUNDEE,EMERGENCY,ENG003,Catriona Stewart,Graham Loan,W5604887,ME,R1,2026-05-21 08:15:00,2026-05-21 15:39:00,07:24:00,7.4
SO,PORTSMOUTH,REPAIR,ENG052,Chris Lamb,Phil Russell,W5604888,ME,M1,2026-05-23 11:15:00,2026-05-23 23:03:00,11:48:00,11.8
NT,MANSFIELD,ROUTINE,ENG061,Cathy Dean,Sue Holt,W5604889,ME,R1,2026-05-25 07:37:00,2026-05-25 12:37:00,05:00:00,5.0
NW,WARRINGTON,EMERGENCY,ENG011,Karen Simmons,Gary Williams,W5604890,IR,E1,2026-05-25 08:20:00,2026-05-25 13:44:00,05:24:00,5.4
EA,LUTON,METERING,ENG023,Sharon King,Anne Foster,W5604891,EM,M2,2026-05-25 10:33:00,2026-05-25 15:33:00,05:00:00,5.0
NT,MANSFIELD,INSPECTION,ENG061,Cathy Dean,Sue Holt,W5604892,MR,E1,2026-05-24 08:25:00,2026-05-24 18:25:00,10:00:00,10.0
SE,BRIGHTON,INSPECTION,ENG033,Julie Price,Pat Nolan,W5604893,EM,E2,2026-05-22 11:59:00,2026-05-22 14:17:00,02:18:00,2.3
EA,IPSWICH,ROUTINE,ENG020,Mark Holloway,Mark Booker,W5604894,ME,M1,2026-05-25 07:32:00,2026-05-25 14:08:00,06:36:00,6.6
NT,MANSFIELD,EMERGENCY,ENG061,Cathy Dean,Sue Holt,W5604895,EM,M1,2026-05-22 08:37:00,2026-05-22 15:55:00,07:18:00,7.3
SC,INVERNESS,INSPECTION,ENG001,John MacDonald,Steven Leckie,W5604896,ME,M1,2026-05-25 08:53:00,2026-05-25 18:35:00,09:42:00,9.7
NW,MANCHESTER,INSPECTION,ENG010,Paul Dawson,Gary Williams,W5604897,IR,E2,2026-05-25 11:41:00,2026-05-26 01:59:00,14:18:00,14.3
EA,CAMBRIDGE,ROUTINE,ENG022,Peter Wong,Mark Booker,W5604898,IR,R1,2026-05-27 08:24:00,2026-05-27 18:24:00,10:00:00,10.0
SE,EASTBOURNE,INSPECTION,ENG030,Stuart Porter,Ray Ingram,W5604899,RO,R2,2026-05-23 09:32:00,2026-05-24 01:02:00,15:30:00,15.5
EA,NORWICH,EMERGENCY,ENG022,Peter Wong,Mark Booker,W5604900,RO,R2,2026-05-23 11:39:00,2026-05-23 16:27:00,04:48:00,4.8
SO,SOUTHAMPTON,ROUTINE,ENG051,Wendy Nash,Phil Russell,W5604901,IR,M2,2026-05-25 10:43:00,2026-05-25 23:31:00,12:48:00,12.8
WM,DUDLEY,REPAIR,ENG043,Diane Hunt,Tom Avery,W5604902,MR,E1,2026-05-21 11:30:00,2026-05-21 16:42:00,05:12:00,5.2
NW,BOLTON,METERING,ENG013,Helen Morris,Dave Clarke,W5604903,IR,M1,2026-05-25 07:13:00,2026-05-25 20:01:00,12:48:00,12.8
NW,MANCHESTER,ROUTINE,ENG014,Alan Sharp,Dave Clarke,W5604904,RO,R2,2026-05-27 11:04:00,2026-05-27 16:28:00,05:24:00,5.4
SO,SALISBURY,EMERGENCY,ENG052,Chris Lamb,Phil Russell,W5604905,IR,M2,2026-05-23 10:38:00,2026-05-23 21:32:00,10:54:00,10.9
NW,BOLTON,ROUTINE,ENG014,Alan Sharp,Dave Clarke,W5604906,MR,R2,2026-05-21 07:57:00,2026-05-21 11:45:00,03:48:00,3.8
NE,GATESHEAD,METERING,ENG071,Alan Shaw,Bill Tyne,W5604907,IR,M2,2026-05-22 06:14:00,2026-05-22 20:14:00,14:00:00,14.0
EA,NORWICH,ROUTINE,ENG021,Rachel Davies,Mark Booker,W5604908,RO,M2,2026-05-22 10:00:00,2026-05-22 18:30:00,08:30:00,8.5
SC,STIRLING,REPAIR,ENG002,Alistair Fraser,Steven Leckie,W5604909,EM,R2,2026-05-23 08:32:00,2026-05-23 10:56:00,02:24:00,2.4
NT,LINCOLN,INSPECTION,ENG062,Fred Archer,Sue Holt,W5604910,IR,M1,2026-05-26 08:05:00,2026-05-26 13:59:00,05:54:00,5.9
NW,BOLTON,ROUTINE,ENG014,Alan Sharp,Dave Clarke,W5604911,ME,E2,2026-05-23 07:13:00,2026-05-23 17:13:00,10:00:00,10.0
NT,LEICESTER,INSPECTION,ENG062,Fred Archer,Sue Holt,W5604912,IR,E1,2026-05-21 08:16:00,2026-05-21 21:10:00,12:54:00,12.9
NW,BOLTON,METERING,ENG010,Paul Dawson,Gary Williams,W5604913,EM,M2,2026-05-24 08:54:00,2026-05-24 23:42:00,14:48:00,14.8
NE,SUNDERLAND,REPAIR,ENG071,Alan Shaw,Bill Tyne,W5604914,EM,M1,2026-05-25 06:29:00,2026-05-25 21:05:00,14:36:00,14.6
NT,LEICESTER,ROUTINE,ENG060,Barry Noon,Sue Holt,W5604915,ME,E1,2026-05-25 10:32:00,2026-05-26 00:14:00,13:42:00,13.7
SO,BOURNEMOUTH,METERING,ENG051,Wendy Nash,Phil Russell,W5604916,ME,M2,2026-05-21 09:44:00,2026-05-21 19:20:00,09:36:00,9.6
WM,STOKE,ROUTINE,ENG043,Diane Hunt,Tom Avery,W5604917,RO,R2,2026-05-21 06:17:00,2026-05-21 20:23:00,14:06:00,14.1
NW,WARRINGTON,INSPECTION,ENG010,Paul Dawson,Gary Williams,W5604918,RO,M1,2026-05-26 06:36:00,2026-05-26 19:18:00,12:42:00,12.7
SE,CROYDON,ROUTINE,ENG031,Tracey McIntyre,Ray Ingram,W5604919,RO,R2,2026-05-27 06:24:00,2026-05-27 16:00:00,09:36:00,9.6
SO,SOUTHAMPTON,INSPECTION,ENG052,Chris Lamb,Phil Russell,W5604920,ME,E2,2026-05-25 06:46:00,2026-05-25 12:10:00,05:24:00,5.4
SO,BASINGSTOKE,EMERGENCY,ENG051,Wendy Nash,Phil Russell,W5604921,EM,E2,2026-05-27 06:23:00,2026-05-27 22:23:00,16:00:00,16.0
SO,BASINGSTOKE,REPAIR,ENG051,Wendy Nash,Phil Russell,W5604922,RO,R2,2026-05-22 08:28:00,2026-05-22 18:28:00,10:00:00,10.0
WM,BIRMINGHAM,METERING,ENG042,Steve Frost,Mark Reygate,W5604923,MR,M1,2026-05-21 10:38:00,2026-05-21 15:32:00,04:54:00,4.9
NW,LIVERPOOL,EMERGENCY,ENG012,Brian Cook,Gary Williams,W5604924,IR,M2,2026-05-21 06:51:00,2026-05-21 15:09:00,08:18:00,8.3
SO,PORTSMOUTH,REPAIR,ENG051,Wendy Nash,Phil Russell,W5604925,ME,R1,2026-05-22 09:42:00,2026-05-22 20:18:00,10:36:00,10.6
NW,BLACKBURN,ROUTINE,ENG014,Alan Sharp,Dave Clarke,W5604926,RO,M2,2026-05-22 09:36:00,2026-05-22 23:00:00,13:24:00,13.4
EA,BEDFORD,ROUTINE,ENG020,Mark Holloway,Mark Booker,W5604927,ME,R1,2026-05-21 07:16:00,2026-05-21 21:16:00,14:00:00,14.0
SO,SALISBURY,INSPECTION,ENG052,Chris Lamb,Phil Russell,W5604928,ME,R2,2026-05-26 10:01:00,2026-05-26 15:25:00,05:24:00,5.4
NE,SUNDERLAND,INSPECTION,ENG071,Alan Shaw,Bill Tyne,W5604929,RO,R1,2026-05-26 08:24:00,2026-05-26 11:42:00,03:18:00,3.3
SE,CROYDON,REPAIR,ENG032,Colin James,Pat Nolan,W5604930,IR,E2,2026-05-24 10:26:00,2026-05-24 20:26:00,10:00:00,10.0
NE,NEWCASTLE,REPAIR,ENG072,Liz Cooke,Bill Tyne,W5604931,ME,E2,2026-05-24 09:29:00,2026-05-24 14:47:00,05:18:00,5.3
WM,BIRMINGHAM,METERING,ENG041,Una Cowling,Mark Reygate,W5604932,IR,M1,2026-05-22 06:30:00,2026-05-22 18:36:00,12:06:00,12.1
SO,SOUTHAMPTON,ROUTINE,ENG051,Wendy Nash,Phil Russell,W5604933,ME,M1,2026-05-21 08:52:00,2026-05-21 22:34:00,13:42:00,13.7
SE,HORSHAM,METERING,ENG031,Tracey McIntyre,Ray Ingram,W5604934,MR,M1,2026-05-27 08:50:00,2026-05-27 13:14:00,04:24:00,4.4
NT,NOTTINGHAM,METERING,ENG061,Cathy Dean,Sue Holt,W5604935,EM,E2,2026-05-23 11:43:00,2026-05-23 16:55:00,05:12:00,5.2
SO,BOURNEMOUTH,METERING,ENG051,Wendy Nash,Phil Russell,W5604936,RO,E2,2026-05-22 10:09:00,2026-05-22 14:09:00,04:00:00,4.0
SO,SOUTHAMPTON,INSPECTION,ENG052,Chris Lamb,Phil Russell,W5604937,MR,E2,2026-05-21 11:36:00,2026-05-22 02:18:00,14:42:00,14.7
NW,MANCHESTER,INSPECTION,ENG011,Karen Simmons,Gary Williams,W5604938,RO,M2,2026-05-24 06:56:00,2026-05-24 09:26:00,02:30:00,2.5
NT,LEICESTER,EMERGENCY,ENG060,Barry Noon,Sue Holt,W5604939,RO,M2,2026-05-26 09:29:00,2026-05-26 14:23:00,04:54:00,4.9
SE,GUILDFORD,INSPECTION,ENG032,Colin James,Pat Nolan,W5604940,EM,M2,2026-05-27 09:34:00,2026-05-28 00:16:00,14:42:00,14.7
WM,DUDLEY,METERING,ENG040,Wayne Edwards,Mark Reygate,W5604941,ME,M2,2026-05-22 11:33:00,2026-05-23 01:33:00,14:00:00,14.0
EA,NORWICH,EMERGENCY,ENG020,Mark Holloway,Mark Booker,W5604942,MR,R2,2026-05-21 06:23:00,2026-05-21 11:17:00,04:54:00,4.9
NW,MANCHESTER,ROUTINE,ENG011,Karen Simmons,Gary Williams,W5604943,RO,M1,2026-05-27 07:25:00,2026-05-27 11:31:00,04:05:59,4.1
WM,WOLVERHAMPTON,REPAIR,ENG040,Wayne Edwards,Mark Reygate,W5604944,EM,R2,2026-05-25 09:20:00,2026-05-25 16:38:00,07:18:00,7.3
SC,INVERNESS,METERING,ENG004,Douglas Reid,Graham Loan,W5604945,MR,R1,2026-05-24 07:41:00,2026-05-24 16:05:00,08:24:00,8.4
NE,MIDDLESBROUGH,INSPECTION,ENG072,Liz Cooke,Bill Tyne,W5604946,RO,R1,2026-05-23 11:08:00,2026-05-23 23:50:00,12:42:00,12.7
SE,GUILDFORD,INSPECTION,ENG032,Colin James,Pat Nolan,W5604947,ME,E1,2026-05-24 09:15:00,2026-05-24 23:03:00,13:48:00,13.8
NE,MIDDLESBROUGH,REPAIR,ENG072,Liz Cooke,Bill Tyne,W5604948,IR,E1,2026-05-22 07:18:00,2026-05-22 20:12:00,12:54:00,12.9
EA,LUTON,ROUTINE,ENG023,Sharon King,Anne Foster,W5604949,EM,M1,2026-05-23 09:09:00,2026-05-23 20:51:00,11:42:00,11.7
NE,NEWCASTLE,INSPECTION,ENG072,Liz Cooke,Bill Tyne,W5604950,ME,M2,2026-05-26 08:32:00,2026-05-26 23:14:00,14:42:00,14.7
NT,LEICESTER,REPAIR,ENG061,Cathy Dean,Sue Holt,W5604951,RO,E2,2026-05-23 09:58:00,2026-05-23 18:34:00,08:36:00,8.6
EA,IPSWICH,EMERGENCY,ENG021,Rachel Davies,Mark Booker,W5604952,EM,M2,2026-05-21 06:34:00,2026-05-21 19:10:00,12:36:00,12.6
SE,HORSHAM,REPAIR,ENG031,Tracey McIntyre,Ray Ingram,W5604953,EM,M2,2026-05-23 06:04:00,2026-05-23 15:04:00,09:00:00,9.0
WM,BIRMINGHAM,INSPECTION,ENG042,Steve Frost,Mark Reygate,W5604954,EM,R2,2026-05-23 09:52:00,2026-05-23 18:04:00,08:11:59,8.2
WM,STOKE,ROUTINE,ENG042,Steve Frost,Mark Reygate,W5604955,RO,M1,2026-05-21 06:31:00,2026-05-21 08:43:00,02:12:00,2.2
WM,STOKE,ROUTINE,ENG041,Una Cowling,Mark Reygate,W5604956,IR,E2,2026-05-21 07:19:00,2026-05-21 18:13:00,10:54:00,10.9
NW,LIVERPOOL,EMERGENCY,ENG012,Brian Cook,Gary Williams,W5604957,ME,M2,2026-05-22 07:57:00,2026-05-22 10:03:00,02:06:00,2.1
SC,ABERDEEN,EMERGENCY,ENG002,Alistair Fraser,Steven Leckie,W5604958,RO,M1,2026-05-22 08:08:00,2026-05-22 19:32:00,11:24:00,11.4
NW,WIGAN,REPAIR,ENG014,Alan Sharp,Dave Clarke,W5604959,IR,M1,2026-05-21 09:21:00,2026-05-21 20:51:00,11:30:00,11.5
SO,SOUTHAMPTON,METERING,ENG051,Wendy Nash,Phil Russell,W5604960,IR,E1,2026-05-24 10:00:00,2026-05-24 22:00:00,12:00:00,12.0
WM,BIRMINGHAM,EMERGENCY,ENG040,Wayne Edwards,Mark Reygate,W5604961,IR,E2,2026-05-23 07:32:00,2026-05-23 14:20:00,06:48:00,6.8
NE,SUNDERLAND,INSPECTION,ENG072,Liz Cooke,Bill Tyne,W5604962,MR,R2,2026-05-21 09:18:00,2026-05-22 00:30:00,15:12:00,15.2
SE,EASTBOURNE,EMERGENCY,ENG032,Colin James,Pat Nolan,W5604963,MR,E2,2026-05-23 11:54:00,2026-05-23 23:36:00,11:42:00,11.7
NT,DERBY,EMERGENCY,ENG062,Fred Archer,Sue Holt,W5604964,RO,M1,2026-05-24 10:56:00,2026-05-24 14:08:00,03:12:00,3.2
EA,BEDFORD,EMERGENCY,ENG023,Sharon King,Anne Foster,W5604965,RO,R1,2026-05-21 11:42:00,2026-05-21 22:48:00,11:06:00,11.1
SO,PORTSMOUTH,REPAIR,ENG052,Chris Lamb,Phil Russell,W5604966,MR,M2,2026-05-25 10:46:00,2026-05-25 23:16:00,12:30:00,12.5
NT,LEICESTER,REPAIR,ENG060,Barry Noon,Sue Holt,W5604967,EM,R1,2026-05-24 10:43:00,2026-05-24 12:55:00,02:12:00,2.2
WM,COVENTRY,ROUTINE,ENG042,Steve Frost,Mark Reygate,W5604968,RO,R2,2026-05-22 07:38:00,2026-05-22 12:50:00,05:12:00,5.2
EA,LUTON,METERING,ENG023,Sharon King,Anne Foster,W5604969,ME,R1,2026-05-23 10:39:00,2026-05-23 17:03:00,06:24:00,6.4
EA,BEDFORD,REPAIR,ENG022,Peter Wong,Mark Booker,W5604970,RO,M1,2026-05-27 11:12:00,2026-05-27 23:18:00,12:06:00,12.1
SC,ABERDEEN,METERING,ENG004,Douglas Reid,Graham Loan,W5604971,ME,E1,2026-05-27 10:24:00,2026-05-27 13:48:00,03:24:00,3.4
SO,SALISBURY,METERING,ENG050,Phil Hodgkins,Phil Russell,W5604972,MR,R2,2026-05-24 07:07:00,2026-05-24 15:19:00,08:11:59,8.2
SO,BASINGSTOKE,INSPECTION,ENG051,Wendy Nash,Phil Russell,W5604973,ME,R1,2026-05-26 06:40:00,2026-05-26 17:52:00,11:12:00,11.2
SE,MAIDSTONE,METERING,ENG033,Julie Price,Pat Nolan,W5604974,RO,E1,2026-05-21 09:11:00,2026-05-21 17:47:00,08:36:00,8.6
NT,DERBY,INSPECTION,ENG060,Barry Noon,Sue Holt,W5604975,IR,M1,2026-05-24 08:03:00,2026-05-24 16:03:00,08:00:00,8.0
EA,PETERBOROUGH,REPAIR,ENG021,Rachel Davies,Mark Booker,W5604976,RO,M1,2026-05-27 06:25:00,2026-05-27 15:37:00,09:12:00,9.2
EA,CAMBRIDGE,ROUTINE,ENG020,Mark Holloway,Mark Booker,W5604977,EM,E1,2026-05-23 10:03:00,2026-05-23 15:09:00,05:06:00,5.1
NE,MIDDLESBROUGH,EMERGENCY,ENG072,Liz Cooke,Bill Tyne,W5604978,EM,E2,2026-05-27 06:58:00,2026-05-27 21:22:00,14:24:00,14.4
EA,IPSWICH,METERING,ENG022,Peter Wong,Mark Booker,W5604979,MR,M2,2026-05-22 08:41:00,2026-05-22 10:41:00,02:00:00,2.0
SO,BASINGSTOKE,REPAIR,ENG050,Phil Hodgkins,Phil Russell,W5604980,IR,R2,2026-05-21 09:00:00,2026-05-21 16:24:00,07:24:00,7.4
NE,MIDDLESBROUGH,ROUTINE,ENG070,Janet Robb,Bill Tyne,W5604981,EM,R1,2026-05-25 07:06:00,2026-05-25 18:36:00,11:30:00,11.5
NW,BOLTON,INSPECTION,ENG013,Helen Morris,Dave Clarke,W5604982,EM,R2,2026-05-26 08:36:00,2026-05-26 23:06:00,14:30:00,14.5
SE,BRIGHTON,REPAIR,ENG031,Tracey McIntyre,Ray Ingram,W5604983,EM,M1,2026-05-22 08:59:00,2026-05-23 00:41:00,15:42:00,15.7
SC,PAISLEY,EMERGENCY,ENG006,Kevin McAllister,Gordon Shaw,W5604984,RO,R1,2026-05-24 08:04:00,2026-05-24 14:34:00,06:30:00,6.5
EA,LUTON,ROUTINE,ENG023,Sharon King,Anne Foster,W5604985,MR,M1,2026-05-25 06:27:00,2026-05-25 09:09:00,02:42:00,2.7
EA,CAMBRIDGE,METERING,ENG023,Sharon King,Anne Foster,W5604986,RO,M1,2026-05-23 10:24:00,2026-05-23 23:54:00,13:30:00,13.5
NE,MIDDLESBROUGH,ROUTINE,ENG072,Liz Cooke,Bill Tyne,W5604987,EM,R2,2026-05-22 09:00:00,2026-05-22 12:42:00,03:42:00,3.7
WM,DUDLEY,INSPECTION,ENG043,Diane Hunt,Tom Avery,W5604988,EM,E2,2026-05-25 08:23:00,2026-05-25 22:29:00,14:06:00,14.1
SE,MAIDSTONE,METERING,ENG030,Stuart Porter,Ray Ingram,W5604989,MR,E2,2026-05-24 10:37:00,2026-05-24 14:43:00,04:05:59,4.1
SE,HORSHAM,METERING,ENG032,Colin James,Pat Nolan,W5604990,ME,E2,2026-05-24 06:13:00,2026-05-24 10:01:00,03:48:00,3.8
NE,DURHAM,ROUTINE,ENG070,Janet Robb,Bill Tyne,W5604991,RO,M1,2026-05-25 11:06:00,2026-05-25 18:18:00,07:12:00,7.2
SC,PAISLEY,ROUTINE,ENG006,Kevin McAllister,Gordon Shaw,W5604992,MR,M2,2026-05-24 06:22:00,2026-05-24 19:28:00,13:06:00,13.1
SC,INVERNESS,METERING,ENG005,Fiona Cameron,Gordon Shaw,W5604993,RO,M2,2026-05-26 10:22:00,2026-05-26 14:22:00,04:00:00,4.0
EA,PETERBOROUGH,METERING,ENG023,Sharon King,Anne Foster,W5604994,EM,E2,2026-05-24 07:25:00,2026-05-24 23:25:00,16:00:00,16.0
NE,SUNDERLAND,EMERGENCY,ENG071,Alan Shaw,Bill Tyne,W5604995,IR,M2,2026-05-24 11:05:00,2026-05-24 14:53:00,03:48:00,3.8
EA,IPSWICH,ROUTINE,ENG020,Mark Holloway,Mark Booker,W5604996,MR,M2,2026-05-27 08:10:00,2026-05-27 15:58:00,07:48:00,7.8
SO,BASINGSTOKE,REPAIR,ENG052,Chris Lamb,Phil Russell,W5604997,EM,E1,2026-05-22 09:10:00,2026-05-22 18:34:00,09:24:00,9.4
SE,BRIGHTON,REPAIR,ENG030,Stuart Porter,Ray Ingram,W5604998,MR,M2,2026-05-22 09:24:00,2026-05-22 13:48:00,04:24:00,4.4
EA,PETERBOROUGH,INSPECTION,ENG023,Sharon King,Anne Foster,W5604999,ME,E2,2026-05-24 06:08:00,2026-05-24 20:50:00,14:42:00,14.7
WM,WOLVERHAMPTON,ROUTINE,ENG041,Una Cowling,Mark Reygate,W5605000,ME,E2,2026-05-27 07:00:00,2026-05-27 12:00:00,05:00:00,5.0
NW,BOLTON,REPAIR,ENG012,Brian Cook,Gary Williams,W5605001,MR,E2,2026-05-25 07:20:00,2026-05-25 19:38:00,12:18:00,12.3
NT,DERBY,METERING,ENG061,Cathy Dean,Sue Holt,W5605002,MR,E1,2026-05-24 09:03:00,2026-05-24 13:15:00,04:12:00,4.2
NW,BOLTON,ROUTINE,ENG013,Helen Morris,Dave Clarke,W5605003,MR,E2,2026-05-23 11:24:00,2026-05-24 00:18:00,12:54:00,12.9
NW,LIVERPOOL,ROUTINE,ENG011,Karen Simmons,Gary Williams,W5605004,EM,R2,2026-05-23 08:41:00,2026-05-23 23:29:00,14:48:00,14.8
NW,BLACKBURN,METERING,ENG014,Alan Sharp,Dave Clarke,W5605005,IR,R1,2026-05-23 06:45:00,2026-05-23 09:51:00,03:06:00,3.1
NT,DERBY,REPAIR,ENG060,Barry Noon,Sue Holt,W5605006,EM,M2,2026-05-25 10:28:00,2026-05-26 00:46:00,14:18:00,14.3
NW,WARRINGTON,ROUTINE,ENG010,Paul Dawson,Gary Williams,W5605007,EM,M1,2026-05-24 10:05:00,2026-05-25 01:53:00,15:48:00,15.8
SO,SOUTHAMPTON,ROUTINE,ENG051,Wendy Nash,Phil Russell,W5605008,MR,E2,2026-05-25 07:58:00,2026-05-25 21:16:00,13:18:00,13.3
SE,CROYDON,REPAIR,ENG032,Colin James,Pat Nolan,W5605009,EM,R1,2026-05-22 09:35:00,2026-05-22 16:41:00,07:06:00,7.1
SO,PORTSMOUTH,METERING,ENG050,Phil Hodgkins,Phil Russell,W5605010,EM,E1,2026-05-22 06:29:00,2026-05-22 11:35:00,05:06:00,5.1
NT,LEICESTER,METERING,ENG061,Cathy Dean,Sue Holt,W5605011,RO,M1,2026-05-21 08:52:00,2026-05-21 18:46:00,09:54:00,9.9
NE,DURHAM,INSPECTION,ENG072,Liz Cooke,Bill Tyne,W5605012,RO,E2,2026-05-26 07:31:00,2026-05-26 19:13:00,11:42:00,11.7
SO,BASINGSTOKE,REPAIR,ENG051,Wendy Nash,Phil Russell,W5605013,RO,E1,2026-05-22 06:14:00,2026-05-22 13:50:00,07:36:00,7.6
NE,SUNDERLAND,INSPECTION,ENG071,Alan Shaw,Bill Tyne,W5605014,MR,R2,2026-05-24 11:07:00,2026-05-24 19:25:00,08:18:00,8.3
SE,BRIGHTON,EMERGENCY,ENG032,Colin James,Pat Nolan,W5605015,MR,M1,2026-05-23 08:44:00,2026-05-23 12:14:00,03:30:00,3.5
NW,WIGAN,METERING,ENG011,Karen Simmons,Gary Williams,W5605016,ME,E2,2026-05-23 07:23:00,2026-05-23 20:41:00,13:18:00,13.3
NE,NEWCASTLE,INSPECTION,ENG071,Alan Shaw,Bill Tyne,W5605017,MR,E2,2026-05-23 06:09:00,2026-05-23 16:27:00,10:18:00,10.3
NW,LIVERPOOL,METERING,ENG010,Paul Dawson,Gary Williams,W5605018,EM,M1,2026-05-27 06:37:00,2026-05-27 09:49:00,03:12:00,3.2
NT,DERBY,EMERGENCY,ENG061,Cathy Dean,Sue Holt,W5605019,MR,M2,2026-05-26 11:21:00,2026-05-26 20:15:00,08:54:00,8.9
NE,GATESHEAD,INSPECTION,ENG072,Liz Cooke,Bill Tyne,W5605020,RO,E1,2026-05-25 06:12:00,2026-05-25 15:42:00,09:30:00,9.5
SO,SALISBURY,ROUTINE,ENG051,Wendy Nash,Phil Russell,W5605021,MR,M1,2026-05-24 10:28:00,2026-05-24 16:52:00,06:24:00,6.4
NT,DERBY,METERING,ENG061,Cathy Dean,Sue Holt,W5605022,EM,M1,2026-05-25 07:39:00,2026-05-25 19:03:00,11:24:00,11.4
SO,SALISBURY,REPAIR,ENG051,Wendy Nash,Phil Russell,W5605023,MR,M2,2026-05-21 06:25:00,2026-05-21 16:07:00,09:42:00,9.7
EA,CAMBRIDGE,ROUTINE,ENG020,Mark Holloway,Mark Booker,W5605024,ME,E1,2026-05-23 06:22:00,2026-05-23 17:34:00,11:12:00,11.2
NW,BOLTON,INSPECTION,ENG014,Alan Sharp,Dave Clarke,W5605025,ME,R1,2026-05-21 09:20:00,2026-05-21 19:56:00,10:36:00,10.6
NT,NOTTINGHAM,EMERGENCY,ENG060,Barry Noon,Sue Holt,W5605026,EM,M2,2026-05-21 09:41:00,2026-05-21 23:05:00,13:24:00,13.4
NW,WARRINGTON,REPAIR,ENG010,Paul Dawson,Gary Williams,W5605027,IR,M1,2026-05-22 09:23:00,2026-05-22 16:41:00,07:18:00,7.3
SE,GUILDFORD,INSPECTION,ENG031,Tracey McIntyre,Ray Ingram,W5605028,IR,M1,2026-05-27 07:39:00,2026-05-27 23:21:00,15:42:00,15.7
NW,BLACKBURN,INSPECTION,ENG010,Paul Dawson,Gary Williams,W5605029,ME,M2,2026-05-25 06:37:00,2026-05-25 20:25:00,13:48:00,13.8
EA,BEDFORD,METERING,ENG023,Sharon King,Anne Foster,W5605030,ME,E2,2026-05-26 10:59:00,2026-05-26 13:11:00,02:12:00,2.2
NT,DERBY,EMERGENCY,ENG060,Barry Noon,Sue Holt,W5605031,IR,M2,2026-05-22 11:18:00,2026-05-22 23:36:00,12:18:00,12.3
SE,CROYDON,ROUTINE,ENG033,Julie Price,Pat Nolan,W5605032,MR,R2,2026-05-24 11:51:00,2026-05-24 20:33:00,08:41:59,8.7
SO,PORTSMOUTH,REPAIR,ENG050,Phil Hodgkins,Phil Russell,W5605033,EM,R1,2026-05-24 07:11:00,2026-05-24 23:05:00,15:54:00,15.9
SE,GUILDFORD,EMERGENCY,ENG030,Stuart Porter,Ray Ingram,W5605034,ME,R2,2026-05-26 10:47:00,2026-05-26 17:47:00,07:00:00,7.0
SE,CROYDON,EMERGENCY,ENG030,Stuart Porter,Ray Ingram,W5605035,MR,R2,2026-05-26 08:35:00,2026-05-26 18:05:00,09:30:00,9.5
SO,BASINGSTOKE,ROUTINE,ENG052,Chris Lamb,Phil Russell,W5605036,MR,R1,2026-05-25 07:21:00,2026-05-25 15:15:00,07:54:00,7.9
NE,DURHAM,METERING,ENG070,Janet Robb,Bill Tyne,W5605037,MR,E1,2026-05-21 06:39:00,2026-05-21 15:57:00,09:18:00,9.3
SC,GLASGOW,INSPECTION,ENG004,Douglas Reid,Graham Loan,W5605038,IR,E2,2026-05-21 06:42:00,2026-05-21 19:42:00,13:00:00,13.0
NW,WARRINGTON,INSPECTION,ENG014,Alan Sharp,Dave Clarke,W5605039,IR,E1,2026-05-25 09:38:00,2026-05-25 22:38:00,13:00:00,13.0
NE,SUNDERLAND,METERING,ENG071,Alan Shaw,Bill Tyne,W5605040,EM,R2,2026-05-24 07:11:00,2026-05-24 17:41:00,10:30:00,10.5
SC,DUNDEE,EMERGENCY,ENG006,Kevin McAllister,Gordon Shaw,W5605041,MR,M2,2026-05-26 10:53:00,2026-05-26 16:23:00,05:30:00,5.5
WM,STOKE,METERING,ENG041,Una Cowling,Mark Reygate,W5605042,EM,E1,2026-05-26 11:31:00,2026-05-26 15:31:00,04:00:00,4.0
NT,LEICESTER,REPAIR,ENG062,Fred Archer,Sue Holt,W5605043,ME,E2,2026-05-25 06:23:00,2026-05-25 20:23:00,14:00:00,14.0
SO,BASINGSTOKE,INSPECTION,ENG051,Wendy Nash,Phil Russell,W5605044,ME,E2,2026-05-27 08:07:00,2026-05-27 20:25:00,12:18:00,12.3
NT,NOTTINGHAM,ROUTINE,ENG060,Barry Noon,Sue Holt,W5605045,ME,R2,2026-05-23 08:43:00,2026-05-23 13:25:00,04:42:00,4.7
WM,BIRMINGHAM,REPAIR,ENG041,Una Cowling,Mark Reygate,W5605046,MR,R2,2026-05-25 11:56:00,2026-05-25 15:50:00,03:54:00,3.9
NE,SUNDERLAND,ROUTINE,ENG070,Janet Robb,Bill Tyne,W5605047,IR,R1,2026-05-22 06:12:00,2026-05-22 21:12:00,15:00:00,15.0
SE,HORSHAM,EMERGENCY,ENG031,Tracey McIntyre,Ray Ingram,W5605048,ME,M2,2026-05-26 11:34:00,2026-05-26 18:34:00,07:00:00,7.0
SC,PAISLEY,REPAIR,ENG005,Fiona Cameron,Gordon Shaw,W5605049,RO,R2,2026-05-21 10:24:00,2026-05-21 14:54:00,04:30:00,4.5
NW,MANCHESTER,EMERGENCY,ENG012,Brian Cook,Gary Williams,W5605050,MR,R1,2026-05-22 11:37:00,2026-05-23 01:19:00,13:42:00,13.7
EA,BEDFORD,REPAIR,ENG020,Mark Holloway,Mark Booker,W5605051,EM,E1,2026-05-27 07:09:00,2026-05-27 15:39:00,08:30:00,8.5
NW,STOCKPORT,ROUTINE,ENG014,Alan Sharp,Dave Clarke,W5605052,ME,M2,2026-05-26 10:27:00,2026-05-26 13:45:00,03:18:00,3.3
WM,STOKE,INSPECTION,ENG043,Diane Hunt,Tom Avery,W5605053,EM,E1,2026-05-26 09:50:00,2026-05-27 01:14:00,15:24:00,15.4
EA,LUTON,EMERGENCY,ENG021,Rachel Davies,Mark Booker,W5605054,ME,E2,2026-05-22 06:02:00,2026-05-22 19:32:00,13:30:00,13.5
SE,BRIGHTON,INSPECTION,ENG032,Colin James,Pat Nolan,W5605055,ME,E2,2026-05-21 09:43:00,2026-05-21 18:55:00,09:12:00,9.2
SO,SOUTHAMPTON,REPAIR,ENG050,Phil Hodgkins,Phil Russell,W5605056,EM,E2,2026-05-27 07:49:00,2026-05-27 10:43:00,02:54:00,2.9
SO,PORTSMOUTH,EMERGENCY,ENG050,Phil Hodgkins,Phil Russell,W5605057,IR,E2,2026-05-22 09:02:00,2026-05-22 12:50:00,03:48:00,3.8
SE,EASTBOURNE,REPAIR,ENG033,Julie Price,Pat Nolan,W5605058,MR,R2,2026-05-23 08:36:00,2026-05-23 23:54:00,15:18:00,15.3
NE,NEWCASTLE,INSPECTION,ENG072,Liz Cooke,Bill Tyne,W5605059,RO,E2,2026-05-21 07:22:00,2026-05-21 15:16:00,07:54:00,7.9
EA,CAMBRIDGE,ROUTINE,ENG023,Sharon King,Anne Foster,W5605060,MR,E2,2026-05-27 09:08:00,2026-05-27 23:02:00,13:54:00,13.9
NW,MANCHESTER,EMERGENCY,ENG014,Alan Sharp,Dave Clarke,W5605061,EM,R2,2026-05-26 09:01:00,2026-05-26 15:01:00,06:00:00,6.0
WM,STOKE,EMERGENCY,ENG043,Diane Hunt,Tom Avery,W5605062,EM,R2,2026-05-21 11:27:00,2026-05-21 20:39:00,09:12:00,9.2
SE,HORSHAM,METERING,ENG033,Julie Price,Pat Nolan,W5605063,RO,R1,2026-05-23 07:17:00,2026-05-23 10:59:00,03:42:00,3.7
EA,IPSWICH,METERING,ENG021,Rachel Davies,Mark Booker,W5605064,MR,E1,2026-05-24 06:34:00,2026-05-24 15:40:00,09:06:00,9.1
SE,MAIDSTONE,METERING,ENG032,Colin James,Pat Nolan,W5605065,IR,M2,2026-05-23 07:59:00,2026-05-23 21:29:00,13:30:00,13.5
NT,DERBY,REPAIR,ENG060,Barry Noon,Sue Holt,W5605066,EM,M1,2026-05-23 11:27:00,2026-05-23 19:09:00,07:42:00,7.7
SE,HORSHAM,INSPECTION,ENG031,Tracey McIntyre,Ray Ingram,W5605067,EM,R1,2026-05-22 10:20:00,2026-05-22 16:32:00,06:12:00,6.2
SE,MAIDSTONE,REPAIR,ENG030,Stuart Porter,Ray Ingram,W5605068,ME,M1,2026-05-25 06:25:00,2026-05-25 20:49:00,14:24:00,14.4
NW,WARRINGTON,INSPECTION,ENG010,Paul Dawson,Gary Williams,W5605069,MR,E1,2026-05-24 08:17:00,2026-05-24 12:53:00,04:36:00,4.6
NE,SUNDERLAND,INSPECTION,ENG071,Alan Shaw,Bill Tyne,W5605070,MR,R2,2026-05-25 08:14:00,2026-05-25 13:08:00,04:54:00,4.9
NT,DERBY,REPAIR,ENG060,Barry Noon,Sue Holt,W5605071,MR,M1,2026-05-26 09:04:00,2026-05-26 15:04:00,06:00:00,6.0
WM,WALSALL,REPAIR,ENG040,Wayne Edwards,Mark Reygate,W5605072,RO,M2,2026-05-24 09:03:00,2026-05-24 18:57:00,09:54:00,9.9
NW,WIGAN,REPAIR,ENG012,Brian Cook,Gary Williams,W5605073,RO,M2,2026-05-26 06:04:00,2026-05-26 08:52:00,02:48:00,2.8
SE,MAIDSTONE,METERING,ENG031,Tracey McIntyre,Ray Ingram,W5605074,MR,M1,2026-05-21 11:49:00,2026-05-21 15:55:00,04:05:59,4.1
SE,CROYDON,REPAIR,ENG031,Tracey McIntyre,Ray Ingram,W5605075,EM,R1,2026-05-25 09:54:00,2026-05-25 13:18:00,03:24:00,3.4
NW,LIVERPOOL,METERING,ENG013,Helen Morris,Dave Clarke,W5605076,RO,M2,2026-05-23 11:43:00,2026-05-23 21:13:00,09:30:00,9.5
NE,MIDDLESBROUGH,REPAIR,ENG072,Liz Cooke,Bill Tyne,W5605077,ME,R2,2026-05-21 08:55:00,2026-05-21 22:55:00,14:00:00,14.0
NT,MANSFIELD,METERING,ENG060,Barry Noon,Sue Holt,W5605078,EM,E1,2026-05-25 06:51:00,2026-05-25 17:39:00,10:48:00,10.8
SE,BRIGHTON,INSPECTION,ENG032,Colin James,Pat Nolan,W5605079,MR,R1,2026-05-27 08:07:00,2026-05-27 13:07:00,05:00:00,5.0
NT,MANSFIELD,EMERGENCY,ENG061,Cathy Dean,Sue Holt,W5605080,EM,M2,2026-05-25 07:31:00,2026-05-25 13:25:00,05:54:00,5.9
NE,DURHAM,METERING,ENG071,Alan Shaw,Bill Tyne,W5605081,EM,R2,2026-05-26 09:25:00,2026-05-27 00:43:00,15:18:00,15.3
WM,WALSALL,EMERGENCY,ENG043,Diane Hunt,Tom Avery,W5605082,RO,E2,2026-05-22 06:40:00,2026-05-22 12:04:00,05:24:00,5.4
WM,COVENTRY,REPAIR,ENG042,Steve Frost,Mark Reygate,W5605083,MR,R1,2026-05-21 07:12:00,2026-05-21 12:00:00,04:48:00,4.8
NT,LEICESTER,EMERGENCY,ENG061,Cathy Dean,Sue Holt,W5605084,RO,M2,2026-05-21 08:51:00,2026-05-21 12:33:00,03:42:00,3.7
NW,BLACKBURN,EMERGENCY,ENG011,Karen Simmons,Gary Williams,W5605085,EM,E1,2026-05-27 10:40:00,2026-05-27 17:16:00,06:36:00,6.6
NT,LINCOLN,METERING,ENG060,Barry Noon,Sue Holt,W5605086,EM,R2,2026-05-25 09:41:00,2026-05-25 15:29:00,05:48:00,5.8
SE,EASTBOURNE,REPAIR,ENG033,Julie Price,Pat Nolan,W5605087,RO,R1,2026-05-21 09:41:00,2026-05-21 17:17:00,07:36:00,7.6
SE,MAIDSTONE,INSPECTION,ENG033,Julie Price,Pat Nolan,W5605088,ME,M2,2026-05-25 09:58:00,2026-05-25 14:46:00,04:48:00,4.8
SC,PERTH,ROUTINE,ENG001,John MacDonald,Steven Leckie,W5605089,EM,E2,2026-05-26 10:45:00,2026-05-26 16:57:00,06:12:00,6.2
SO,BASINGSTOKE,METERING,ENG052,Chris Lamb,Phil Russell,W5605090,IR,R1,2026-05-26 11:27:00,2026-05-26 21:45:00,10:18:00,10.3
SE,GUILDFORD,INSPECTION,ENG031,Tracey McIntyre,Ray Ingram,W5605091,EM,E1,2026-05-21 08:51:00,2026-05-21 14:51:00,06:00:00,6.0
NE,NEWCASTLE,ROUTINE,ENG072,Liz Cooke,Bill Tyne,W5605092,RO,M2,2026-05-24 08:43:00,2026-05-24 17:55:00,09:12:00,9.2
EA,BEDFORD,ROUTINE,ENG021,Rachel Davies,Mark Booker,W5605093,RO,M2,2026-05-26 11:48:00,2026-05-26 21:18:00,09:30:00,9.5
WM,WALSALL,INSPECTION,ENG040,Wayne Edwards,Mark Reygate,W5605094,MR,E2,2026-05-21 08:49:00,2026-05-21 17:49:00,09:00:00,9.0
WM,COVENTRY,METERING,ENG041,Una Cowling,Mark Reygate,W5605095,IR,E1,2026-05-21 09:25:00,2026-05-21 20:55:00,11:30:00,11.5
NT,DERBY,METERING,ENG061,Cathy Dean,Sue Holt,W5605096,MR,E2,2026-05-24 11:32:00,2026-05-24 23:14:00,11:42:00,11.7
NW,LIVERPOOL,METERING,ENG014,Alan Sharp,Dave Clarke,W5605097,MR,E2,2026-05-26 07:44:00,2026-05-26 10:44:00,03:00:00,3.0
NE,GATESHEAD,REPAIR,ENG071,Alan Shaw,Bill Tyne,W5605098,IR,M2,2026-05-21 09:09:00,2026-05-21 12:51:00,03:42:00,3.7
NW,LIVERPOOL,REPAIR,ENG011,Karen Simmons,Gary Williams,W5605099,IR,M1,2026-05-26 08:34:00,2026-05-27 00:28:00,15:54:00,15.9
SO,BASINGSTOKE,EMERGENCY,ENG050,Phil Hodgkins,Phil Russell,W5605100,EM,E1,2026-05-25 09:57:00,2026-05-25 15:57:00,06:00:00,6.0
SE,BRIGHTON,ROUTINE,ENG031,Tracey McIntyre,Ray Ingram,W5605101,RO,E1,2026-05-21 09:37:00,2026-05-21 13:07:00,03:30:00,3.5
SO,PORTSMOUTH,ROUTINE,ENG052,Chris Lamb,Phil Russell,W5605102,RO,M1,2026-05-23 07:19:00,2026-05-23 12:55:00,05:36:00,5.6
WM,WOLVERHAMPTON,ROUTINE,ENG043,Diane Hunt,Tom Avery,W5605103,MR,R1,2026-05-27 09:29:00,2026-05-27 14:29:00,05:00:00,5.0
NT,LEICESTER,EMERGENCY,ENG062,Fred Archer,Sue Holt,W5605104,EM,R2,2026-05-26 07:08:00,2026-05-26 11:38:00,04:30:00,4.5
EA,NORWICH,ROUTINE,ENG022,Peter Wong,Mark Booker,W5605105,MR,E1,2026-05-23 06:19:00,2026-05-23 16:01:00,09:42:00,9.7
SE,HORSHAM,METERING,ENG030,Stuart Porter,Ray Ingram,W5605106,RO,M2,2026-05-24 06:09:00,2026-05-24 13:57:00,07:48:00,7.8
NT,DERBY,INSPECTION,ENG061,Cathy Dean,Sue Holt,W5605107,IR,M1,2026-05-27 11:47:00,2026-05-27 17:11:00,05:24:00,5.4
SO,PORTSMOUTH,ROUTINE,ENG050,Phil Hodgkins,Phil Russell,W5605108,EM,E1,2026-05-21 07:36:00,2026-05-21 14:30:00,06:54:00,6.9
NT,LEICESTER,REPAIR,ENG061,Cathy Dean,Sue Holt,W5605109,EM,M2,2026-05-25 09:16:00,2026-05-25 11:34:00,02:18:00,2.3
SC,EDINBURGH,ROUTINE,ENG001,John MacDonald,Steven Leckie,W5605110,ME,M1,2026-05-21 06:55:00,2026-05-21 18:01:00,11:06:00,11.1
NT,MANSFIELD,EMERGENCY,ENG061,Cathy Dean,Sue Holt,W5605111,MR,M2,2026-05-27 07:02:00,2026-05-27 22:50:00,15:48:00,15.8
NT,DERBY,ROUTINE,ENG061,Cathy Dean,Sue Holt,W5605112,ME,M1,2026-05-22 08:43:00,2026-05-22 20:13:00,11:30:00,11.5
EA,CAMBRIDGE,METERING,ENG023,Sharon King,Anne Foster,W5605113,IR,M2,2026-05-25 08:07:00,2026-05-25 19:19:00,11:12:00,11.2
NW,STOCKPORT,ROUTINE,ENG010,Paul Dawson,Gary Williams,W5605114,RO,M1,2026-05-27 09:33:00,2026-05-27 16:15:00,06:42:00,6.7
WM,WOLVERHAMPTON,ROUTINE,ENG042,Steve Frost,Mark Reygate,W5605115,RO,M1,2026-05-27 08:08:00,2026-05-27 16:20:00,08:11:59,8.2
NW,BOLTON,ROUTINE,ENG014,Alan Sharp,Dave Clarke,W5605116,EM,M2,2026-05-26 08:42:00,2026-05-26 14:54:00,06:12:00,6.2
NE,MIDDLESBROUGH,ROUTINE,ENG071,Alan Shaw,Bill Tyne,W5605117,EM,R1,2026-05-21 07:13:00,2026-05-21 15:55:00,08:41:59,8.7
EA,BEDFORD,REPAIR,ENG022,Peter Wong,Mark Booker,W5605118,IR,E1,2026-05-22 11:05:00,2026-05-22 14:05:00,03:00:00,3.0
NE,DURHAM,INSPECTION,ENG071,Alan Shaw,Bill Tyne,W5605119,EM,M2,2026-05-25 07:35:00,2026-05-25 23:17:00,15:42:00,15.7
SC,DUNDEE,ROUTINE,ENG004,Douglas Reid,Graham Loan,W5605120,EM,E1,2026-05-25 11:21:00,2026-05-25 21:15:00,09:54:00,9.9
WM,WOLVERHAMPTON,ROUTINE,ENG040,Wayne Edwards,Mark Reygate,W5605121,ME,M1,2026-05-25 07:04:00,2026-05-25 16:16:00,09:12:00,9.2
SC,ABERDEEN,ROUTINE,ENG001,John MacDonald,Steven Leckie,W5605122,MR,R1,2026-05-27 07:10:00,2026-05-27 14:10:00,07:00:00,7.0
SC,PAISLEY,METERING,ENG001,John MacDonald,Steven Leckie,W5605123,RO,M2,2026-05-25 10:44:00,2026-05-25 18:44:00,08:00:00,8.0
EA,CAMBRIDGE,EMERGENCY,ENG022,Peter Wong,Mark Booker,W5605124,ME,E2,2026-05-25 10:22:00,2026-05-25 21:10:00,10:48:00,10.8
NE,SUNDERLAND,ROUTINE,ENG071,Alan Shaw,Bill Tyne,W5605125,EM,R1,2026-05-23 07:07:00,2026-05-23 22:07:00,15:00:00,15.0
EA,NORWICH,ROUTINE,ENG020,Mark Holloway,Mark Booker,W5605126,IR,R1,2026-05-23 08:45:00,2026-05-23 14:33:00,05:48:00,5.8
SO,BOURNEMOUTH,REPAIR,ENG052,Chris Lamb,Phil Russell,W5605127,ME,E2,2026-05-27 08:34:00,2026-05-27 10:58:00,02:24:00,2.4
SO,BASINGSTOKE,REPAIR,ENG051,Wendy Nash,Phil Russell,W5605128,RO,R1,2026-05-26 06:22:00,2026-05-26 21:16:00,14:54:00,14.9
NW,WARRINGTON,METERING,ENG010,Paul Dawson,Gary Williams,W5605129,ME,R2,2026-05-24 07:10:00,2026-05-24 16:16:00,09:06:00,9.1
WM,WOLVERHAMPTON,REPAIR,ENG041,Una Cowling,Mark Reygate,W5605130,MR,R2,2026-05-26 09:48:00,2026-05-26 13:06:00,03:18:00,3.3
SC,PERTH,EMERGENCY,ENG005,Fiona Cameron,Gordon Shaw,W5605131,MR,R2,2026-05-21 10:55:00,2026-05-22 01:43:00,14:48:00,14.8
SC,DUNDEE,INSPECTION,ENG005,Fiona Cameron,Gordon Shaw,W5605132,ME,R1,2026-05-27 06:21:00,2026-05-27 11:45:00,05:24:00,5.4
SC,INVERNESS,METERING,ENG003,Catriona Stewart,Graham Loan,W5605133,EM,E1,2026-05-25 09:13:00,2026-05-25 21:49:00,12:36:00,12.6
EA,NORWICH,REPAIR,ENG021,Rachel Davies,Mark Booker,W5605134,ME,R2,2026-05-22 08:59:00,2026-05-22 19:05:00,10:06:00,10.1
SO,BASINGSTOKE,ROUTINE,ENG050,Phil Hodgkins,Phil Russell,W5605135,RO,R2,2026-05-25 06:04:00,2026-05-25 13:04:00,07:00:00,7.0
SE,GUILDFORD,INSPECTION,ENG030,Stuart Porter,Ray Ingram,W5605136,RO,E1,2026-05-21 06:31:00,2026-05-21 18:55:00,12:24:00,12.4
NW,BLACKBURN,EMERGENCY,ENG011,Karen Simmons,Gary Williams,W5605137,ME,E1,2026-05-27 09:41:00,2026-05-27 21:35:00,11:54:00,11.9
NE,MIDDLESBROUGH,ROUTINE,ENG070,Janet Robb,Bill Tyne,W5605138,ME,R1,2026-05-25 06:37:00,2026-05-25 11:49:00,05:12:00,5.2
SE,EASTBOURNE,METERING,ENG032,Colin James,Pat Nolan,W5605139,EM,M1,2026-05-23 09:56:00,2026-05-23 19:26:00,09:30:00,9.5
NW,BOLTON,EMERGENCY,ENG014,Alan Sharp,Dave Clarke,W5605140,ME,M1,2026-05-27 09:14:00,2026-05-27 19:50:00,10:36:00,10.6
NE,SUNDERLAND,EMERGENCY,ENG072,Liz Cooke,Bill Tyne,W5605141,EM,R2,2026-05-23 11:46:00,2026-05-23 18:28:00,06:42:00,6.7
EA,PETERBOROUGH,EMERGENCY,ENG020,Mark Holloway,Mark Booker,W5605142,IR,R2,2026-05-21 11:56:00,2026-05-22 01:26:00,13:30:00,13.5
EA,LUTON,REPAIR,ENG020,Mark Holloway,Mark Booker,W5605143,EM,E2,2026-05-22 07:26:00,2026-05-22 11:50:00,04:24:00,4.4
SE,EASTBOURNE,INSPECTION,ENG030,Stuart Porter,Ray Ingram,W5605144,EM,R2,2026-05-26 08:20:00,2026-05-26 15:20:00,07:00:00,7.0
NE,MIDDLESBROUGH,ROUTINE,ENG072,Liz Cooke,Bill Tyne,W5605145,RO,E1,2026-05-25 09:49:00,2026-05-25 16:01:00,06:12:00,6.2
NE,SUNDERLAND,EMERGENCY,ENG071,Alan Shaw,Bill Tyne,W5605146,RO,R2,2026-05-23 10:03:00,2026-05-24 00:03:00,14:00:00,14.0
NT,MANSFIELD,INSPECTION,ENG060,Barry Noon,Sue Holt,W5605147,EM,M2,2026-05-21 09:41:00,2026-05-21 17:41:00,08:00:00,8.0
NT,DERBY,EMERGENCY,ENG060,Barry Noon,Sue Holt,W5605148,EM,M2,2026-05-27 08:00:00,2026-05-27 10:24:00,02:24:00,2.4
WM,DUDLEY,REPAIR,ENG041,Una Cowling,Mark Reygate,W5605149,MR,R1,2026-05-23 11:26:00,2026-05-24 01:02:00,13:36:00,13.6
WM,WOLVERHAMPTON,ROUTINE,ENG042,Steve Frost,Mark Reygate,W5605150,IR,R1,2026-05-27 07:17:00,2026-05-27 16:47:00,09:30:00,9.5
SE,CROYDON,ROUTINE,ENG030,Stuart Porter,Ray Ingram,W5605151,EM,E1,2026-05-26 08:15:00,2026-05-26 17:57:00,09:42:00,9.7
EA,PETERBOROUGH,ROUTINE,ENG022,Peter Wong,Mark Booker,W5605152,MR,E1,2026-05-22 10:16:00,2026-05-23 00:04:00,13:48:00,13.8
EA,IPSWICH,ROUTINE,ENG023,Sharon King,Anne Foster,W5605153,ME,M1,2026-05-22 06:36:00,2026-05-22 11:30:00,04:54:00,4.9
NW,LIVERPOOL,METERING,ENG011,Karen Simmons,Gary Williams,W5605154,EM,R1,2026-05-22 10:39:00,2026-05-23 00:33:00,13:54:00,13.9
NE,NEWCASTLE,ROUTINE,ENG072,Liz Cooke,Bill Tyne,W5605155,EM,E1,2026-05-22 10:33:00,2026-05-22 15:03:00,04:30:00,4.5
WM,DUDLEY,METERING,ENG040,Wayne Edwards,Mark Reygate,W5605156,MR,R2,2026-05-26 09:53:00,2026-05-26 15:29:00,05:36:00,5.6
NW,WARRINGTON,REPAIR,ENG012,Brian Cook,Gary Williams,W5605157,RO,E1,2026-05-23 08:38:00,2026-05-23 22:38:00,14:00:00,14.0
NE,MIDDLESBROUGH,METERING,ENG072,Liz Cooke,Bill Tyne,W5605158,EM,M1,2026-05-21 07:12:00,2026-05-21 22:30:00,15:18:00,15.3
NT,NOTTINGHAM,METERING,ENG062,Fred Archer,Sue Holt,W5605159,EM,E1,2026-05-27 08:24:00,2026-05-27 19:24:00,11:00:00,11.0
NT,LINCOLN,ROUTINE,ENG060,Barry Noon,Sue Holt,W5605160,EM,E1,2026-05-21 07:15:00,2026-05-21 09:21:00,02:06:00,2.1
NW,BOLTON,METERING,ENG013,Helen Morris,Dave Clarke,W5605161,IR,M1,2026-05-25 09:19:00,2026-05-25 15:19:00,06:00:00,6.0
NE,NEWCASTLE,REPAIR,ENG072,Liz Cooke,Bill Tyne,W5605162,EM,E1,2026-05-24 08:04:00,2026-05-24 21:10:00,13:06:00,13.1
SO,SOUTHAMPTON,REPAIR,ENG051,Wendy Nash,Phil Russell,W5605163,MR,E1,2026-05-21 09:37:00,2026-05-21 20:49:00,11:12:00,11.2
WM,WALSALL,EMERGENCY,ENG041,Una Cowling,Mark Reygate,W5605164,IR,R1,2026-05-23 10:31:00,2026-05-23 14:31:00,04:00:00,4.0
SC,DUNDEE,ROUTINE,ENG001,John MacDonald,Steven Leckie,W5605165,ME,M1,2026-05-23 08:10:00,2026-05-23 19:34:00,11:24:00,11.4
NE,MIDDLESBROUGH,METERING,ENG070,Janet Robb,Bill Tyne,W5605166,MR,E1,2026-05-26 07:33:00,2026-05-26 16:27:00,08:54:00,8.9
SC,STIRLING,ROUTINE,ENG004,Douglas Reid,Graham Loan,W5605167,EM,R2,2026-05-27 11:39:00,2026-05-28 03:09:00,15:30:00,15.5
NE,MIDDLESBROUGH,METERING,ENG070,Janet Robb,Bill Tyne,W5605168,MR,E2,2026-05-26 10:36:00,2026-05-27 00:18:00,13:42:00,13.7
SO,BASINGSTOKE,REPAIR,ENG050,Phil Hodgkins,Phil Russell,W5605169,EM,M2,2026-05-22 10:08:00,2026-05-22 13:56:00,03:48:00,3.8
NT,DERBY,INSPECTION,ENG061,Cathy Dean,Sue Holt,W5605170,RO,E2,2026-05-22 07:30:00,2026-05-22 20:54:00,13:24:00,13.4
SE,HORSHAM,EMERGENCY,ENG031,Tracey McIntyre,Ray Ingram,W5605171,ME,E2,2026-05-25 10:13:00,2026-05-25 21:01:00,10:48:00,10.8
NT,LEICESTER,REPAIR,ENG062,Fred Archer,Sue Holt,W5605172,MR,E2,2026-05-27 07:52:00,2026-05-27 21:04:00,13:12:00,13.2
SE,CROYDON,EMERGENCY,ENG032,Colin James,Pat Nolan,W5605173,EM,R2,2026-05-21 09:48:00,2026-05-21 18:12:00,08:24:00,8.4
SO,BOURNEMOUTH,INSPECTION,ENG052,Chris Lamb,Phil Russell,W5605174,EM,M2,2026-05-27 11:17:00,2026-05-28 00:35:00,13:18:00,13.3
NT,MANSFIELD,INSPECTION,ENG061,Cathy Dean,Sue Holt,W5605175,RO,R2,2026-05-23 07:14:00,2026-05-23 11:44:00,04:30:00,4.5
SE,GUILDFORD,ROUTINE,ENG033,Julie Price,Pat Nolan,W5605176,EM,E2,2026-05-24 07:11:00,2026-05-24 15:23:00,08:11:59,8.2
SC,ABERDEEN,METERING,ENG002,Alistair Fraser,Steven Leckie,W5605177,RO,E2,2026-05-26 11:38:00,2026-05-27 01:50:00,14:12:00,14.2
EA,IPSWICH,INSPECTION,ENG020,Mark Holloway,Mark Booker,W5605178,RO,R2,2026-05-25 10:02:00,2026-05-25 23:44:00,13:42:00,13.7
NE,MIDDLESBROUGH,ROUTINE,ENG072,Liz Cooke,Bill Tyne,W5605179,EM,M2,2026-05-25 08:48:00,2026-05-25 13:18:00,04:30:00,4.5
NT,LEICESTER,ROUTINE,ENG060,Barry Noon,Sue Holt,W5605180,ME,R1,2026-05-24 06:57:00,2026-05-24 09:03:00,02:06:00,2.1
SO,BASINGSTOKE,INSPECTION,ENG050,Phil Hodgkins,Phil Russell,W5605181,EM,M2,2026-05-24 11:16:00,2026-05-24 19:16:00,08:00:00,8.0
SE,MAIDSTONE,ROUTINE,ENG031,Tracey McIntyre,Ray Ingram,W5605182,IR,R1,2026-05-21 07:55:00,2026-05-21 19:19:00,11:24:00,11.4
NW,STOCKPORT,INSPECTION,ENG014,Alan Sharp,Dave Clarke,W5605183,RO,E2,2026-05-23 11:10:00,2026-05-24 00:22:00,13:12:00,13.2
NE,SUNDERLAND,REPAIR,ENG070,Janet Robb,Bill Tyne,W5605184,RO,E2,2026-05-24 10:03:00,2026-05-24 20:03:00,10:00:00,10.0
NE,GATESHEAD,METERING,ENG072,Liz Cooke,Bill Tyne,W5605185,IR,R2,2026-05-25 10:14:00,2026-05-25 14:56:00,04:42:00,4.7
NW,STOCKPORT,ROUTINE,ENG011,Karen Simmons,Gary Williams,W5605186,ME,E2,2026-05-21 10:25:00,2026-05-21 17:31:00,07:06:00,7.1
EA,IPSWICH,INSPECTION,ENG023,Sharon King,Anne Foster,W5605187,MR,M1,2026-05-21 11:31:00,2026-05-21 15:55:00,04:24:00,4.4
SC,STIRLING,REPAIR,ENG003,Catriona Stewart,Graham Loan,W5605188,IR,E1,2026-05-21 11:11:00,2026-05-22 00:53:00,13:42:00,13.7
SE,HORSHAM,METERING,ENG030,Stuart Porter,Ray Ingram,W5605189,MR,E2,2026-05-26 07:07:00,2026-05-26 11:07:00,04:00:00,4.0
EA,BEDFORD,REPAIR,ENG021,Rachel Davies,Mark Booker,W5605190,ME,M2,2026-05-21 06:12:00,2026-05-21 18:00:00,11:48:00,11.8
SO,SOUTHAMPTON,REPAIR,ENG050,Phil Hodgkins,Phil Russell,W5605191,RO,E2,2026-05-23 11:54:00,2026-05-24 03:48:00,15:54:00,15.9
WM,WOLVERHAMPTON,ROUTINE,ENG042,Steve Frost,Mark Reygate,W5605192,RO,R2,2026-05-24 11:44:00,2026-05-24 18:08:00,06:24:00,6.4
SE,MAIDSTONE,EMERGENCY,ENG031,Tracey McIntyre,Ray Ingram,W5605193,ME,M2,2026-05-23 07:56:00,2026-05-23 16:38:00,08:41:59,8.7
NW,MANCHESTER,INSPECTION,ENG011,Karen Simmons,Gary Williams,W5605194,MR,E1,2026-05-22 10:49:00,2026-05-22 14:43:00,03:54:00,3.9
NE,DURHAM,INSPECTION,ENG070,Janet Robb,Bill Tyne,W5605195,IR,E1,2026-05-27 10:32:00,2026-05-27 17:50:00,07:18:00,7.3
NT,LEICESTER,REPAIR,ENG062,Fred Archer,Sue Holt,W5605196,MR,R1,2026-05-26 06:48:00,2026-05-26 09:36:00,02:48:00,2.8
SE,CROYDON,METERING,ENG031,Tracey McIntyre,Ray Ingram,W5605197,RO,E2,2026-05-25 09:15:00,2026-05-25 23:51:00,14:36:00,14.6
WM,WOLVERHAMPTON,INSPECTION,ENG040,Wayne Edwards,Mark Reygate,W5605198,EM,E2,2026-05-26 07:42:00,2026-05-26 20:18:00,12:36:00,12.6
NE,DURHAM,ROUTINE,ENG071,Alan Shaw,Bill Tyne,W5605199,EM,E2,2026-05-24 06:46:00,2026-05-24 15:28:00,08:41:59,8.7
EA,LUTON,INSPECTION,ENG022,Peter Wong,Mark Booker,W5605200,EM,E2,2026-05-24 07:53:00,2026-05-24 20:35:00,12:42:00,12.7
WM,STOKE,ROUTINE,ENG043,Diane Hunt,Tom Avery,W5605201,EM,M1,2026-05-27 06:13:00,2026-05-27 21:55:00,15:42:00,15.7
NW,LIVERPOOL,METERING,ENG013,Helen Morris,Dave Clarke,W5605202,RO,M1,2026-05-21 07:12:00,2026-05-21 22:00:00,14:48:00,14.8
SO,SALISBURY,METERING,ENG052,Chris Lamb,Phil Russell,W5605203,MR,M1,2026-05-23 08:06:00,2026-05-23 23:42:00,15:36:00,15.6
SE,EASTBOURNE,REPAIR,ENG032,Colin James,Pat Nolan,W5605204,RO,M1,2026-05-26 11:10:00,2026-05-26 23:22:00,12:12:00,12.2
WM,COVENTRY,EMERGENCY,ENG041,Una Cowling,Mark Reygate,W5605205,RO,R1,2026-05-26 09:05:00,2026-05-27 00:17:00,15:12:00,15.2
NT,LEICESTER,METERING,ENG060,Barry Noon,Sue Holt,W5605206,RO,R2,2026-05-21 10:19:00,2026-05-21 20:25:00,10:06:00,10.1
WM,COVENTRY,EMERGENCY,ENG040,Wayne Edwards,Mark Reygate,W5605207,EM,E1,2026-05-27 10:36:00,2026-05-27 20:06:00,09:30:00,9.5
EA,BEDFORD,REPAIR,ENG021,Rachel Davies,Mark Booker,W5605208,IR,E2,2026-05-25 11:55:00,2026-05-26 00:49:00,12:54:00,12.9
EA,NORWICH,METERING,ENG021,Rachel Davies,Mark Booker,W5605209,MR,M1,2026-05-24 09:20:00,2026-05-24 23:20:00,14:00:00,14.0
SO,PORTSMOUTH,METERING,ENG052,Chris Lamb,Phil Russell,W5605210,IR,M2,2026-05-21 07:35:00,2026-05-21 17:47:00,10:12:00,10.2
NT,LEICESTER,METERING,ENG062,Fred Archer,Sue Holt,W5605211,EM,E2,2026-05-25 11:51:00,2026-05-26 01:57:00,14:06:00,14.1
NE,SUNDERLAND,EMERGENCY,ENG070,Janet Robb,Bill Tyne,W5605212,MR,R2,2026-05-25 10:41:00,2026-05-25 17:23:00,06:42:00,6.7
WM,WALSALL,METERING,ENG043,Diane Hunt,Tom Avery,W5605213,MR,E2,2026-05-24 11:08:00,2026-05-24 18:14:00,07:06:00,7.1
SO,SALISBURY,METERING,ENG052,Chris Lamb,Phil Russell,W5605214,EM,E1,2026-05-23 08:57:00,2026-05-23 19:39:00,10:42:00,10.7
SO,PORTSMOUTH,REPAIR,ENG052,Chris Lamb,Phil Russell,W5605215,EM,M2,2026-05-23 06:38:00,2026-05-23 20:32:00,13:54:00,13.9
SC,DUNDEE,INSPECTION,ENG001,John MacDonald,Steven Leckie,W5605216,EM,E2,2026-05-22 10:58:00,2026-05-23 00:52:00,13:54:00,13.9
EA,PETERBOROUGH,INSPECTION,ENG020,Mark Holloway,Mark Booker,W5605217,EM,M2,2026-05-24 09:13:00,2026-05-25 00:31:00,15:18:00,15.3
WM,WOLVERHAMPTON,INSPECTION,ENG043,Diane Hunt,Tom Avery,W5605218,EM,E1,2026-05-23 11:27:00,2026-05-24 01:09:00,13:42:00,13.7
NW,WARRINGTON,ROUTINE,ENG010,Paul Dawson,Gary Williams,W5605219,EM,E2,2026-05-22 08:13:00,2026-05-22 14:25:00,06:12:00,6.2
WM,WALSALL,METERING,ENG040,Wayne Edwards,Mark Reygate,W5605220,RO,M1,2026-05-25 11:17:00,2026-05-26 00:11:00,12:54:00,12.9
NE,NEWCASTLE,METERING,ENG071,Alan Shaw,Bill Tyne,W5605221,MR,M2,2026-05-27 10:50:00,2026-05-28 00:44:00,13:54:00,13.9
NW,MANCHESTER,METERING,ENG014,Alan Sharp,Dave Clarke,W5605222,EM,R2,2026-05-24 09:15:00,2026-05-24 19:57:00,10:42:00,10.7
NW,WIGAN,ROUTINE,ENG014,Alan Sharp,Dave Clarke,W5605223,ME,R2,2026-05-25 10:33:00,2026-05-25 15:03:00,04:30:00,4.5
EA,BEDFORD,INSPECTION,ENG023,Sharon King,Anne Foster,W5605224,EM,E1,2026-05-27 10:48:00,2026-05-27 22:06:00,11:18:00,11.3
NW,BOLTON,INSPECTION,ENG014,Alan Sharp,Dave Clarke,W5605225,RO,M1,2026-05-25 10:25:00,2026-05-26 01:31:00,15:06:00,15.1
SO,BOURNEMOUTH,INSPECTION,ENG050,Phil Hodgkins,Phil Russell,W5605226,ME,M1,2026-05-25 06:37:00,2026-05-25 13:01:00,06:24:00,6.4
SO,SALISBURY,METERING,ENG050,Phil Hodgkins,Phil Russell,W5605227,EM,R1,2026-05-22 06:36:00,2026-05-22 20:18:00,13:42:00,13.7
WM,WALSALL,METERING,ENG043,Diane Hunt,Tom Avery,W5605228,IR,M2,2026-05-25 06:29:00,2026-05-25 12:47:00,06:18:00,6.3
NW,WARRINGTON,REPAIR,ENG014,Alan Sharp,Dave Clarke,W5605229,IR,M1,2026-05-26 06:25:00,2026-05-26 19:19:00,12:54:00,12.9
SC,INVERNESS,EMERGENCY,ENG006,Kevin McAllister,Gordon Shaw,W5605230,ME,R1,2026-05-23 09:37:00,2026-05-23 23:49:00,14:12:00,14.2
NE,MIDDLESBROUGH,INSPECTION,ENG072,Liz Cooke,Bill Tyne,W5605231,ME,M2,2026-05-24 08:12:00,2026-05-24 14:00:00,05:48:00,5.8
SE,HORSHAM,REPAIR,ENG032,Colin James,Pat Nolan,W5605232,MR,E2,2026-05-24 10:31:00,2026-05-24 13:13:00,02:42:00,2.7
NW,WIGAN,REPAIR,ENG012,Brian Cook,Gary Williams,W5605233,ME,R2,2026-05-27 11:33:00,2026-05-27 21:57:00,10:24:00,10.4
WM,COVENTRY,METERING,ENG040,Wayne Edwards,Mark Reygate,W5605234,EM,E1,2026-05-27 10:33:00,2026-05-28 02:27:00,15:54:00,15.9
NT,MANSFIELD,ROUTINE,ENG061,Cathy Dean,Sue Holt,W5605235,IR,R2,2026-05-25 08:32:00,2026-05-25 10:56:00,02:24:00,2.4
EA,LUTON,EMERGENCY,ENG023,Sharon King,Anne Foster,W5605236,IR,R1,2026-05-22 08:14:00,2026-05-22 12:56:00,04:42:00,4.7
SC,EDINBURGH,METERING,ENG003,Catriona Stewart,Graham Loan,W5605237,RO,E1,2026-05-27 08:50:00,2026-05-27 22:32:00,13:42:00,13.7
SO,SALISBURY,EMERGENCY,ENG050,Phil Hodgkins,Phil Russell,W5605238,EM,M2,2026-05-25 11:45:00,2026-05-26 01:51:00,14:06:00,14.1
NW,BOLTON,METERING,ENG013,Helen Morris,Dave Clarke,W5605239,MR,E1,2026-05-25 11:33:00,2026-05-25 20:09:00,08:36:00,8.6
NT,DERBY,REPAIR,ENG062,Fred Archer,Sue Holt,W5605240,EM,R1,2026-05-21 08:32:00,2026-05-21 21:50:00,13:18:00,13.3
WM,WALSALL,EMERGENCY,ENG042,Steve Frost,Mark Reygate,W5605241,IR,R2,2026-05-22 10:11:00,2026-05-22 17:11:00,07:00:00,7.0
SC,PERTH,ROUTINE,ENG002,Alistair Fraser,Steven Leckie,W5605242,EM,E1,2026-05-25 11:34:00,2026-05-25 19:52:00,08:18:00,8.3
NT,MANSFIELD,EMERGENCY,ENG061,Cathy Dean,Sue Holt,W5605243,RO,M1,2026-05-25 10:57:00,2026-05-26 01:57:00,15:00:00,15.0
EA,NORWICH,EMERGENCY,ENG020,Mark Holloway,Mark Booker,W5605244,ME,R2,2026-05-25 08:10:00,2026-05-25 15:34:00,07:24:00,7.4
SO,SALISBURY,INSPECTION,ENG052,Chris Lamb,Phil Russell,W5605245,IR,R2,2026-05-23 09:12:00,2026-05-23 21:00:00,11:48:00,11.8
NT,DERBY,METERING,ENG062,Fred Archer,Sue Holt,W5605246,EM,E2,2026-05-26 09:08:00,2026-05-26 11:08:00,02:00:00,2.0
SO,BASINGSTOKE,REPAIR,ENG052,Chris Lamb,Phil Russell,W5605247,MR,E2,2026-05-27 10:25:00,2026-05-27 12:55:00,02:30:00,2.5
NW,STOCKPORT,INSPECTION,ENG014,Alan Sharp,Dave Clarke,W5605248,IR,E1,2026-05-26 10:25:00,2026-05-26 14:55:00,04:30:00,4.5
NT,LEICESTER,METERING,ENG062,Fred Archer,Sue Holt,W5605249,RO,R2,2026-05-21 09:19:00,2026-05-21 21:55:00,12:36:00,12.6
SE,CROYDON,METERING,ENG033,Julie Price,Pat Nolan,W5605250,IR,R2,2026-05-24 07:22:00,2026-05-24 12:22:00,05:00:00,5.0
NW,LIVERPOOL,ROUTINE,ENG013,Helen Morris,Dave Clarke,W5605251,IR,M2,2026-05-25 10:36:00,2026-05-25 22:06:00,11:30:00,11.5
NW,STOCKPORT,METERING,ENG011,Karen Simmons,Gary Williams,W5605252,RO,E2,2026-05-21 09:25:00,2026-05-22 00:43:00,15:18:00,15.3
EA,IPSWICH,INSPECTION,ENG021,Rachel Davies,Mark Booker,W5605253,RO,R2,2026-05-25 06:42:00,2026-05-25 14:54:00,08:11:59,8.2
SE,MAIDSTONE,ROUTINE,ENG031,Tracey McIntyre,Ray Ingram,W5605254,EM,R2,2026-05-24 07:08:00,2026-05-24 09:20:00,02:12:00,2.2
SE,MAIDSTONE,EMERGENCY,ENG030,Stuart Porter,Ray Ingram,W5605255,RO,M2,2026-05-24 11:05:00,2026-05-24 21:59:00,10:54:00,10.9
NT,NOTTINGHAM,ROUTINE,ENG060,Barry Noon,Sue Holt,W5605256,IR,R1,2026-05-23 06:11:00,2026-05-23 16:47:00,10:36:00,10.6
SC,EDINBURGH,ROUTINE,ENG001,John MacDonald,Steven Leckie,W5605257,MR,E1,2026-05-23 09:54:00,2026-05-23 20:42:00,10:48:00,10.8
WM,WALSALL,ROUTINE,ENG041,Una Cowling,Mark Reygate,W5605258,EM,E1,2026-05-23 07:57:00,2026-05-23 19:51:00,11:54:00,11.9
SO,SOUTHAMPTON,METERING,ENG052,Chris Lamb,Phil Russell,W5605259,IR,R1,2026-05-22 07:13:00,2026-05-22 22:55:00,15:42:00,15.7
WM,BIRMINGHAM,REPAIR,ENG043,Diane Hunt,Tom Avery,W5605260,RO,R2,2026-05-25 08:23:00,2026-05-25 14:35:00,06:12:00,6.2
WM,WOLVERHAMPTON,ROUTINE,ENG043,Diane Hunt,Tom Avery,W5605261,ME,E2,2026-05-22 07:14:00,2026-05-22 15:50:00,08:36:00,8.6
NE,DURHAM,INSPECTION,ENG071,Alan Shaw,Bill Tyne,W5605262,IR,R2,2026-05-27 10:18:00,2026-05-27 21:36:00,11:18:00,11.3
SO,BOURNEMOUTH,REPAIR,ENG050,Phil Hodgkins,Phil Russell,W5605263,EM,R2,2026-05-27 06:09:00,2026-05-27 21:21:00,15:12:00,15.2
NW,MANCHESTER,INSPECTION,ENG014,Alan Sharp,Dave Clarke,W5605264,IR,R1,2026-05-25 09:53:00,2026-05-25 16:53:00,07:00:00,7.0
NW,BOLTON,ROUTINE,ENG014,Alan Sharp,Dave Clarke,W5605265,RO,E1,2026-05-23 07:29:00,2026-05-23 20:23:00,12:54:00,12.9
EA,PETERBOROUGH,EMERGENCY,ENG022,Peter Wong,Mark Booker,W5605266,RO,M1,2026-05-25 06:59:00,2026-05-25 11:35:00,04:36:00,4.6
SC,EDINBURGH,ROUTINE,ENG006,Kevin McAllister,Gordon Shaw,W5605267,MR,M2,2026-05-24 08:50:00,2026-05-24 23:02:00,14:12:00,14.2
NW,STOCKPORT,REPAIR,ENG013,Helen Morris,Dave Clarke,W5605268,RO,E1,2026-05-27 09:45:00,2026-05-27 19:03:00,09:18:00,9.3
EA,PETERBOROUGH,ROUTINE,ENG022,Peter Wong,Mark Booker,W5605269,EM,M1,2026-05-25 08:22:00,2026-05-25 15:34:00,07:12:00,7.2
NT,NOTTINGHAM,METERING,ENG060,Barry Noon,Sue Holt,W5605270,ME,E2,2026-05-24 11:27:00,2026-05-25 00:21:00,12:54:00,12.9
SO,SOUTHAMPTON,EMERGENCY,ENG052,Chris Lamb,Phil Russell,W5605271,IR,R1,2026-05-26 09:28:00,2026-05-26 11:46:00,02:18:00,2.3
SE,CROYDON,EMERGENCY,ENG032,Colin James,Pat Nolan,W5605272,EM,R2,2026-05-24 08:12:00,2026-05-24 21:36:00,13:24:00,13.4
SO,BASINGSTOKE,ROUTINE,ENG052,Chris Lamb,Phil Russell,W5605273,ME,M1,2026-05-24 09:20:00,2026-05-24 14:20:00,05:00:00,5.0
SE,GUILDFORD,EMERGENCY,ENG031,Tracey McIntyre,Ray Ingram,W5605274,EM,R2,2026-05-21 11:54:00,2026-05-22 03:12:00,15:18:00,15.3
SC,EDINBURGH,ROUTINE,ENG001,John MacDonald,Steven Leckie,W5605275,MR,E1,2026-05-26 11:35:00,2026-05-27 00:53:00,13:18:00,13.3
NW,BLACKBURN,EMERGENCY,ENG010,Paul Dawson,Gary Williams,W5605276,MR,R2,2026-05-25 08:21:00,2026-05-26 00:03:00,15:42:00,15.7
NT,NOTTINGHAM,INSPECTION,ENG061,Cathy Dean,Sue Holt,W5605277,EM,E1,2026-05-23 10:52:00,2026-05-23 22:52:00,12:00:00,12.0
NW,STOCKPORT,EMERGENCY,ENG012,Brian Cook,Gary Williams,W5605278,ME,M2,2026-05-25 08:20:00,2026-05-25 22:32:00,14:12:00,14.2
NW,BLACKBURN,ROUTINE,ENG014,Alan Sharp,Dave Clarke,W5605279,EM,R2,2026-05-25 11:23:00,2026-05-25 17:47:00,06:24:00,6.4
NE,MIDDLESBROUGH,EMERGENCY,ENG072,Liz Cooke,Bill Tyne,W5605280,MR,R1,2026-05-26 08:33:00,2026-05-26 15:03:00,06:30:00,6.5
EA,IPSWICH,ROUTINE,ENG022,Peter Wong,Mark Booker,W5605281,EM,R2,2026-05-26 07:43:00,2026-05-26 15:13:00,07:30:00,7.5
EA,PETERBOROUGH,ROUTINE,ENG020,Mark Holloway,Mark Booker,W5605282,EM,M1,2026-05-27 06:39:00,2026-05-27 17:15:00,10:36:00,10.6
SO,BOURNEMOUTH,EMERGENCY,ENG052,Chris Lamb,Phil Russell,W5605283,MR,M2,2026-05-24 07:09:00,2026-05-24 17:09:00,10:00:00,10.0
SE,GUILDFORD,REPAIR,ENG031,Tracey McIntyre,Ray Ingram,W5605284,RO,E2,2026-05-23 09:07:00,2026-05-23 18:55:00,09:48:00,9.8
NW,LIVERPOOL,ROUTINE,ENG012,Brian Cook,Gary Williams,W5605285,IR,R2,2026-05-23 09:53:00,2026-05-23 22:35:00,12:42:00,12.7
NW,STOCKPORT,METERING,ENG010,Paul Dawson,Gary Williams,W5605286,ME,E2,2026-05-22 06:50:00,2026-05-22 22:14:00,15:24:00,15.4
SE,GUILDFORD,REPAIR,ENG033,Julie Price,Pat Nolan,W5605287,ME,R1,2026-05-25 06:37:00,2026-05-25 11:31:00,04:54:00,4.9
NT,DERBY,ROUTINE,ENG062,Fred Archer,Sue Holt,W5605288,IR,E2,2026-05-27 06:03:00,2026-05-27 15:03:00,09:00:00,9.0
SC,DUNDEE,INSPECTION,ENG002,Alistair Fraser,Steven Leckie,W5605289,RO,E2,2026-05-24 08:36:00,2026-05-24 17:12:00,08:36:00,8.6
NW,MANCHESTER,ROUTINE,ENG011,Karen Simmons,Gary Williams,W5605290,RO,R2,2026-05-24 08:35:00,2026-05-24 20:29:00,11:54:00,11.9
NW,BOLTON,METERING,ENG011,Karen Simmons,Gary Williams,W5605291,MR,R1,2026-05-23 09:27:00,2026-05-23 19:03:00,09:36:00,9.6
WM,DUDLEY,ROUTINE,ENG040,Wayne Edwards,Mark Reygate,W5605292,IR,E1,2026-05-22 11:14:00,2026-05-23 02:14:00,15:00:00,15.0
WM,WOLVERHAMPTON,INSPECTION,ENG043,Diane Hunt,Tom Avery,W5605293,EM,E1,2026-05-23 08:01:00,2026-05-23 17:49:00,09:48:00,9.8
SC,PAISLEY,METERING,ENG002,Alistair Fraser,Steven Leckie,W5605294,ME,R2,2026-05-24 11:45:00,2026-05-24 19:09:00,07:24:00,7.4
NE,SUNDERLAND,INSPECTION,ENG071,Alan Shaw,Bill Tyne,W5605295,MR,R1,2026-05-22 10:40:00,2026-05-22 19:16:00,08:36:00,8.6
NW,LIVERPOOL,METERING,ENG014,Alan Sharp,Dave Clarke,W5605296,MR,M1,2026-05-26 11:03:00,2026-05-26 19:51:00,08:48:00,8.8
NT,MANSFIELD,REPAIR,ENG061,Cathy Dean,Sue Holt,W5605297,ME,R2,2026-05-22 11:48:00,2026-05-22 19:36:00,07:48:00,7.8
NT,LEICESTER,EMERGENCY,ENG062,Fred Archer,Sue Holt,W5605298,EM,E1,2026-05-24 07:02:00,2026-05-24 10:56:00,03:54:00,3.9
SC,STIRLING,ROUTINE,ENG006,Kevin McAllister,Gordon Shaw,W5605299,MR,R2,2026-05-25 08:34:00,2026-05-25 12:52:00,04:18:00,4.3
EA,LUTON,INSPECTION,ENG022,Peter Wong,Mark Booker,W5605300,RO,M1,2026-05-25 09:00:00,2026-05-25 22:30:00,13:30:00,13.5
SO,PORTSMOUTH,EMERGENCY,ENG052,Chris Lamb,Phil Russell,W5605301,MR,M2,2026-05-24 07:27:00,2026-05-24 13:39:00,06:12:00,6.2
SE,CROYDON,ROUTINE,ENG030,Stuart Porter,Ray Ingram,W5605302,RO,R1,2026-05-26 11:04:00,2026-05-26 13:10:00,02:06:00,2.1
SO,SOUTHAMPTON,REPAIR,ENG050,Phil Hodgkins,Phil Russell,W5605303,MR,E1,2026-05-27 11:39:00,2026-05-27 23:39:00,12:00:00,12.0
NW,WIGAN,METERING,ENG013,Helen Morris,Dave Clarke,W5605304,EM,R1,2026-05-21 10:56:00,2026-05-21 13:38:00,02:42:00,2.7
WM,WALSALL,METERING,ENG041,Una Cowling,Mark Reygate,W5605305,ME,R1,2026-05-22 06:58:00,2026-05-22 09:34:00,02:36:00,2.6
SE,MAIDSTONE,EMERGENCY,ENG032,Colin James,Pat Nolan,W5605306,EM,E1,2026-05-26 08:37:00,2026-05-26 20:01:00,11:24:00,11.4
SE,CROYDON,REPAIR,ENG032,Colin James,Pat Nolan,W5605307,EM,R2,2026-05-23 08:21:00,2026-05-23 17:45:00,09:24:00,9.4
NE,GATESHEAD,METERING,ENG071,Alan Shaw,Bill Tyne,W5605308,RO,M1,2026-05-27 11:51:00,2026-05-27 16:15:00,04:24:00,4.4
NT,DERBY,INSPECTION,ENG062,Fred Archer,Sue Holt,W5605309,MR,E1,2026-05-21 08:33:00,2026-05-21 10:51:00,02:18:00,2.3
SC,DUNDEE,EMERGENCY,ENG004,Douglas Reid,Graham Loan,W5605310,IR,E1,2026-05-22 07:37:00,2026-05-22 21:13:00,13:36:00,13.6
NW,LIVERPOOL,EMERGENCY,ENG011,Karen Simmons,Gary Williams,W5605311,IR,R2,2026-05-23 08:43:00,2026-05-23 16:55:00,08:11:59,8.2
SE,BRIGHTON,METERING,ENG031,Tracey McIntyre,Ray Ingram,W5605312,EM,M1,2026-05-22 08:15:00,2026-05-22 20:57:00,12:42:00,12.7
SO,SOUTHAMPTON,INSPECTION,ENG051,Wendy Nash,Phil Russell,W5605313,MR,M2,2026-05-24 11:50:00,2026-05-24 23:44:00,11:54:00,11.9
NE,SUNDERLAND,METERING,ENG072,Liz Cooke,Bill Tyne,W5605314,MR,R1,2026-05-27 07:41:00,2026-05-27 17:53:00,10:12:00,10.2
NE,DURHAM,INSPECTION,ENG071,Alan Shaw,Bill Tyne,W5605315,MR,R1,2026-05-23 08:09:00,2026-05-23 22:03:00,13:54:00,13.9
NE,NEWCASTLE,INSPECTION,ENG070,Janet Robb,Bill Tyne,W5605316,MR,R2,2026-05-27 10:33:00,2026-05-27 15:21:00,04:48:00,4.8
SC,PAISLEY,ROUTINE,ENG001,John MacDonald,Steven Leckie,W5605317,ME,E1,2026-05-23 11:39:00,2026-05-23 16:21:00,04:42:00,4.7
NW,WIGAN,INSPECTION,ENG013,Helen Morris,Dave Clarke,W5605318,IR,E2,2026-05-22 09:49:00,2026-05-22 16:49:00,07:00:00,7.0
SC,PAISLEY,METERING,ENG003,Catriona Stewart,Graham Loan,W5605319,MR,R1,2026-05-23 08:02:00,2026-05-23 11:32:00,03:30:00,3.5
WM,COVENTRY,REPAIR,ENG040,Wayne Edwards,Mark Reygate,W5605320,IR,M2,2026-05-23 07:07:00,2026-05-23 17:01:00,09:54:00,9.9
NT,DERBY,EMERGENCY,ENG061,Cathy Dean,Sue Holt,W5605321,EM,R2,2026-05-27 10:50:00,2026-05-27 22:56:00,12:06:00,12.1
WM,DUDLEY,ROUTINE,ENG040,Wayne Edwards,Mark Reygate,W5605322,EM,M1,2026-05-24 07:23:00,2026-05-24 16:29:00,09:06:00,9.1
SO,BASINGSTOKE,INSPECTION,ENG050,Phil Hodgkins,Phil Russell,W5605323,MR,R2,2026-05-26 09:49:00,2026-05-26 22:25:00,12:36:00,12.6
NE,SUNDERLAND,ROUTINE,ENG071,Alan Shaw,Bill Tyne,W5605324,IR,M1,2026-05-25 08:55:00,2026-05-25 17:19:00,08:24:00,8.4
SE,MAIDSTONE,METERING,ENG032,Colin James,Pat Nolan,W5605325,EM,M2,2026-05-27 07:57:00,2026-05-27 23:15:00,15:18:00,15.3
WM,COVENTRY,REPAIR,ENG042,Steve Frost,Mark Reygate,W5605326,IR,M2,2026-05-24 09:45:00,2026-05-24 17:27:00,07:42:00,7.7
SO,SALISBURY,EMERGENCY,ENG051,Wendy Nash,Phil Russell,W5605327,IR,R2,2026-05-25 10:34:00,2026-05-25 13:28:00,02:54:00,2.9
SO,SALISBURY,EMERGENCY,ENG050,Phil Hodgkins,Phil Russell,W5605328,EM,E2,2026-05-23 10:15:00,2026-05-23 18:51:00,08:36:00,8.6
EA,IPSWICH,INSPECTION,ENG020,Mark Holloway,Mark Booker,W5605329,IR,M1,2026-05-22 09:31:00,2026-05-22 12:55:00,03:24:00,3.4
EA,PETERBOROUGH,ROUTINE,ENG022,Peter Wong,Mark Booker,W5605330,IR,E2,2026-05-27 11:39:00,2026-05-27 23:39:00,12:00:00,12.0
NW,WARRINGTON,INSPECTION,ENG014,Alan Sharp,Dave Clarke,W5605331,ME,E2,2026-05-24 11:42:00,2026-05-24 22:12:00,10:30:00,10.5
EA,IPSWICH,REPAIR,ENG023,Sharon King,Anne Foster,W5605332,MR,E1,2026-05-27 07:39:00,2026-05-27 18:03:00,10:24:00,10.4
NT,LINCOLN,REPAIR,ENG060,Barry Noon,Sue Holt,W5605333,IR,R2,2026-05-26 08:24:00,2026-05-26 15:12:00,06:48:00,6.8
WM,WOLVERHAMPTON,INSPECTION,ENG042,Steve Frost,Mark Reygate,W5605334,EM,M2,2026-05-23 09:43:00,2026-05-23 20:13:00,10:30:00,10.5
NW,BOLTON,EMERGENCY,ENG014,Alan Sharp,Dave Clarke,W5605335,MR,R2,2026-05-25 11:49:00,2026-05-25 15:13:00,03:24:00,3.4
EA,PETERBOROUGH,EMERGENCY,ENG021,Rachel Davies,Mark Booker,W5605336,ME,E2,2026-05-27 10:33:00,2026-05-27 16:51:00,06:18:00,6.3
NE,MIDDLESBROUGH,ROUTINE,ENG070,Janet Robb,Bill Tyne,W5605337,RO,R1,2026-05-25 09:47:00,2026-05-25 17:05:00,07:18:00,7.3
WM,WALSALL,EMERGENCY,ENG040,Wayne Edwards,Mark Reygate,W5605338,IR,E1,2026-05-27 07:55:00,2026-05-27 15:07:00,07:12:00,7.2
NT,DERBY,ROUTINE,ENG061,Cathy Dean,Sue Holt,W5605339,RO,R1,2026-05-26 06:00:00,2026-05-26 12:30:00,06:30:00,6.5
WM,WALSALL,METERING,ENG043,Diane Hunt,Tom Avery,W5605340,RO,R2,2026-05-25 06:45:00,2026-05-25 13:09:00,06:24:00,6.4
WM,COVENTRY,ROUTINE,ENG041,Una Cowling,Mark Reygate,W5605341,RO,M1,2026-05-23 06:31:00,2026-05-23 17:13:00,10:42:00,10.7
SO,SOUTHAMPTON,EMERGENCY,ENG051,Wendy Nash,Phil Russell,W5605342,ME,E1,2026-05-23 11:47:00,2026-05-24 03:17:00,15:30:00,15.5
NT,NOTTINGHAM,ROUTINE,ENG061,Cathy Dean,Sue Holt,W5605343,EM,M1,2026-05-26 10:10:00,2026-05-26 23:22:00,13:12:00,13.2
WM,WALSALL,INSPECTION,ENG043,Diane Hunt,Tom Avery,W5605344,RO,E1,2026-05-23 08:58:00,2026-05-23 20:46:00,11:48:00,11.8
EA,LUTON,INSPECTION,ENG021,Rachel Davies,Mark Booker,W5605345,MR,M1,2026-05-27 10:31:00,2026-05-28 01:55:00,15:24:00,15.4
NT,MANSFIELD,METERING,ENG060,Barry Noon,Sue Holt,W5605346,ME,M1,2026-05-21 06:32:00,2026-05-21 09:14:00,02:42:00,2.7
SO,SALISBURY,ROUTINE,ENG051,Wendy Nash,Phil Russell,W5605347,RO,M1,2026-05-22 06:43:00,2026-05-22 09:49:00,03:06:00,3.1
NT,LINCOLN,METERING,ENG060,Barry Noon,Sue Holt,W5605348,IR,M1,2026-05-25 06:28:00,2026-05-25 15:16:00,08:48:00,8.8
NT,DERBY,EMERGENCY,ENG062,Fred Archer,Sue Holt,W5605349,IR,R2,2026-05-27 07:07:00,2026-05-27 09:19:00,02:12:00,2.2
WM,BIRMINGHAM,INSPECTION,ENG041,Una Cowling,Mark Reygate,W5605350,ME,R2,2026-05-22 06:48:00,2026-05-22 18:36:00,11:48:00,11.8
WM,STOKE,EMERGENCY,ENG041,Una Cowling,Mark Reygate,W5605351,RO,E1,2026-05-27 11:05:00,2026-05-28 00:59:00,13:54:00,13.9
WM,STOKE,EMERGENCY,ENG041,Una Cowling,Mark Reygate,W5605352,ME,M1,2026-05-24 06:15:00,2026-05-24 21:51:00,15:36:00,15.6
NT,MANSFIELD,INSPECTION,ENG062,Fred Archer,Sue Holt,W5605353,IR,R2,2026-05-23 07:19:00,2026-05-23 22:55:00,15:36:00,15.6
NE,SUNDERLAND,REPAIR,ENG070,Janet Robb,Bill Tyne,W5605354,IR,M2,2026-05-22 07:12:00,2026-05-22 20:00:00,12:48:00,12.8
WM,DUDLEY,EMERGENCY,ENG041,Una Cowling,Mark Reygate,W5605355,EM,E1,2026-05-21 08:39:00,2026-05-21 20:39:00,12:00:00,12.0
NW,MANCHESTER,EMERGENCY,ENG010,Paul Dawson,Gary Williams,W5605356,IR,E2,2026-05-25 10:03:00,2026-05-25 17:27:00,07:24:00,7.4
NW,STOCKPORT,ROUTINE,ENG011,Karen Simmons,Gary Williams,W5605357,ME,R2,2026-05-24 06:56:00,2026-05-24 16:02:00,09:06:00,9.1
WM,DUDLEY,METERING,ENG041,Una Cowling,Mark Reygate,W5605358,MR,R2,2026-05-25 10:01:00,2026-05-25 23:37:00,13:36:00,13.6
SC,PERTH,METERING,ENG006,Kevin McAllister,Gordon Shaw,W5605359,EM,R1,2026-05-26 11:17:00,2026-05-26 21:23:00,10:06:00,10.1
NW,WARRINGTON,EMERGENCY,ENG012,Brian Cook,Gary Williams,W5605360,IR,E2,2026-05-23 07:28:00,2026-05-23 12:52:00,05:24:00,5.4
SC,PERTH,INSPECTION,ENG001,John MacDonald,Steven Leckie,W5605361,ME,R2,2026-05-24 08:12:00,2026-05-24 23:36:00,15:24:00,15.4
SO,SALISBURY,METERING,ENG050,Phil Hodgkins,Phil Russell,W5605362,ME,R2,2026-05-26 09:22:00,2026-05-26 23:34:00,14:12:00,14.2
SO,SALISBURY,METERING,ENG050,Phil Hodgkins,Phil Russell,W5605363,RO,E2,2026-05-23 10:08:00,2026-05-23 18:38:00,08:30:00,8.5
WM,WALSALL,METERING,ENG043,Diane Hunt,Tom Avery,W5605364,MR,R1,2026-05-24 11:04:00,2026-05-24 16:40:00,05:36:00,5.6
WM,DUDLEY,EMERGENCY,ENG042,Steve Frost,Mark Reygate,W5605365,RO,M1,2026-05-23 09:00:00,2026-05-23 11:54:00,02:54:00,2.9
SE,GUILDFORD,ROUTINE,ENG031,Tracey McIntyre,Ray Ingram,W5605366,MR,M2,2026-05-24 08:43:00,2026-05-24 18:07:00,09:24:00,9.4
WM,WALSALL,INSPECTION,ENG040,Wayne Edwards,Mark Reygate,W5605367,EM,M2,2026-05-22 10:43:00,2026-05-22 14:01:00,03:18:00,3.3
NE,MIDDLESBROUGH,REPAIR,ENG071,Alan Shaw,Bill Tyne,W5605368,EM,R1,2026-05-27 06:10:00,2026-05-27 19:58:00,13:48:00,13.8
EA,BEDFORD,EMERGENCY,ENG021,Rachel Davies,Mark Booker,W5605369,IR,M1,2026-05-25 06:22:00,2026-05-25 09:58:00,03:36:00,3.6
WM,WALSALL,REPAIR,ENG042,Steve Frost,Mark Reygate,W5605370,RO,R1,2026-05-27 11:30:00,2026-05-27 17:48:00,06:18:00,6.3
SC,STIRLING,EMERGENCY,ENG005,Fiona Cameron,Gordon Shaw,W5605371,RO,M1,2026-05-22 09:53:00,2026-05-22 15:29:00,05:36:00,5.6
SE,GUILDFORD,INSPECTION,ENG030,Stuart Porter,Ray Ingram,W5605372,EM,R1,2026-05-26 07:18:00,2026-05-26 10:54:00,03:36:00,3.6
EA,NORWICH,EMERGENCY,ENG023,Sharon King,Anne Foster,W5605373,MR,R1,2026-05-25 11:39:00,2026-05-26 02:45:00,15:06:00,15.1
NT,LEICESTER,METERING,ENG061,Cathy Dean,Sue Holt,W5605374,ME,M1,2026-05-23 07:04:00,2026-05-23 22:52:00,15:48:00,15.8
SO,SOUTHAMPTON,ROUTINE,ENG050,Phil Hodgkins,Phil Russell,W5605375,MR,M2,2026-05-26 07:11:00,2026-05-26 21:53:00,14:42:00,14.7
NW,WIGAN,EMERGENCY,ENG013,Helen Morris,Dave Clarke,W5605376,ME,E1,2026-05-26 09:18:00,2026-05-27 00:36:00,15:18:00,15.3
NT,MANSFIELD,METERING,ENG061,Cathy Dean,Sue Holt,W5605377,MR,M1,2026-05-21 08:52:00,2026-05-21 14:58:00,06:06:00,6.1
SO,SALISBURY,ROUTINE,ENG051,Wendy Nash,Phil Russell,W5605378,IR,E2,2026-05-22 09:34:00,2026-05-22 18:10:00,08:36:00,8.6
WM,DUDLEY,METERING,ENG043,Diane Hunt,Tom Avery,W5605379,ME,R1,2026-05-27 08:58:00,2026-05-28 00:04:00,15:06:00,15.1
NE,SUNDERLAND,METERING,ENG072,Liz Cooke,Bill Tyne,W5605380,IR,M2,2026-05-24 10:42:00,2026-05-24 17:00:00,06:18:00,6.3
SC,INVERNESS,EMERGENCY,ENG006,Kevin McAllister,Gordon Shaw,W5605381,RO,M1,2026-05-25 09:48:00,2026-05-25 15:24:00,05:36:00,5.6
EA,PETERBOROUGH,REPAIR,ENG022,Peter Wong,Mark Booker,W5605382,IR,R2,2026-05-27 08:51:00,2026-05-27 19:39:00,10:48:00,10.8
SO,SOUTHAMPTON,ROUTINE,ENG051,Wendy Nash,Phil Russell,W5605383,EM,M2,2026-05-25 07:56:00,2026-05-25 16:26:00,08:30:00,8.5
SO,PORTSMOUTH,METERING,ENG051,Wendy Nash,Phil Russell,W5605384,EM,M2,2026-05-21 08:14:00,2026-05-21 14:26:00,06:12:00,6.2
NE,GATESHEAD,REPAIR,ENG072,Liz Cooke,Bill Tyne,W5605385,ME,E1,2026-05-27 10:46:00,2026-05-27 21:34:00,10:48:00,10.8
NW,BOLTON,EMERGENCY,ENG013,Helen Morris,Dave Clarke,W5605386,IR,E2,2026-05-26 07:33:00,2026-05-26 23:27:00,15:54:00,15.9
NW,BOLTON,EMERGENCY,ENG014,Alan Sharp,Dave Clarke,W5605387,IR,E1,2026-05-21 06:09:00,2026-05-21 15:09:00,09:00:00,9.0
EA,IPSWICH,ROUTINE,ENG021,Rachel Davies,Mark Booker,W5605388,IR,E2,2026-05-21 10:37:00,2026-05-21 18:07:00,07:30:00,7.5
NW,WIGAN,EMERGENCY,ENG010,Paul Dawson,Gary Williams,W5605389,IR,E1,2026-05-23 09:55:00,2026-05-23 12:49:00,02:54:00,2.9
SE,HORSHAM,EMERGENCY,ENG031,Tracey McIntyre,Ray Ingram,W5605390,ME,E2,2026-05-23 08:41:00,2026-05-23 18:53:00,10:12:00,10.2
NT,MANSFIELD,EMERGENCY,ENG061,Cathy Dean,Sue Holt,W5605391,MR,R2,2026-05-23 10:14:00,2026-05-23 18:14:00,08:00:00,8.0
NW,BLACKBURN,METERING,ENG014,Alan Sharp,Dave Clarke,W5605392,RO,E2,2026-05-24 09:09:00,2026-05-24 21:03:00,11:54:00,11.9
SE,EASTBOURNE,ROUTINE,ENG033,Julie Price,Pat Nolan,W5605393,MR,R2,2026-05-26 08:04:00,2026-05-26 12:40:00,04:36:00,4.6
WM,WOLVERHAMPTON,INSPECTION,ENG040,Wayne Edwards,Mark Reygate,W5605394,ME,E2,2026-05-22 07:57:00,2026-05-22 17:51:00,09:54:00,9.9
EA,NORWICH,INSPECTION,ENG023,Sharon King,Anne Foster,W5605395,MR,M1,2026-05-26 09:41:00,2026-05-26 13:29:00,03:48:00,3.8
NE,DURHAM,METERING,ENG072,Liz Cooke,Bill Tyne,W5605396,ME,R2,2026-05-24 10:19:00,2026-05-24 17:01:00,06:42:00,6.7
EA,NORWICH,METERING,ENG021,Rachel Davies,Mark Booker,W5605397,RO,E2,2026-05-25 10:38:00,2026-05-25 18:26:00,07:48:00,7.8
WM,COVENTRY,METERING,ENG043,Diane Hunt,Tom Avery,W5605398,RO,R2,2026-05-25 09:15:00,2026-05-25 21:57:00,12:42:00,12.7
SE,HORSHAM,EMERGENCY,ENG030,Stuart Porter,Ray Ingram,W5605399,ME,R1,2026-05-22 06:30:00,2026-05-22 13:24:00,06:54:00,6.9
SO,BOURNEMOUTH,INSPECTION,ENG050,Phil Hodgkins,Phil Russell,W5605400,MR,M1,2026-05-24 08:36:00,2026-05-24 13:48:00,05:12:00,5.2
SO,BASINGSTOKE,EMERGENCY,ENG051,Wendy Nash,Phil Russell,W5605401,ME,E2,2026-05-27 07:06:00,2026-05-27 09:48:00,02:42:00,2.7
NW,WARRINGTON,METERING,ENG012,Brian Cook,Gary Williams,W5605402,EM,R1,2026-05-25 11:20:00,2026-05-25 21:14:00,09:54:00,9.9
NW,WARRINGTON,INSPECTION,ENG012,Brian Cook,Gary Williams,W5605403,IR,E1,2026-05-22 11:44:00,2026-05-22 18:02:00,06:18:00,6.3
SE,GUILDFORD,REPAIR,ENG033,Julie Price,Pat Nolan,W5605404,EM,R2,2026-05-21 06:16:00,2026-05-21 17:28:00,11:12:00,11.2
NE,NEWCASTLE,INSPECTION,ENG072,Liz Cooke,Bill Tyne,W5605405,ME,E2,2026-05-25 10:33:00,2026-05-25 23:03:00,12:30:00,12.5
EA,CAMBRIDGE,EMERGENCY,ENG022,Peter Wong,Mark Booker,W5605406,IR,M1,2026-05-25 11:24:00,2026-05-25 17:30:00,06:06:00,6.1
SC,PERTH,EMERGENCY,ENG004,Douglas Reid,Graham Loan,W5605407,RO,M1,2026-05-26 09:49:00,2026-05-26 21:19:00,11:30:00,11.5
NW,MANCHESTER,REPAIR,ENG013,Helen Morris,Dave Clarke,W5605408,EM,R1,2026-05-27 11:31:00,2026-05-27 18:25:00,06:54:00,6.9
SO,PORTSMOUTH,ROUTINE,ENG050,Phil Hodgkins,Phil Russell,W5605409,EM,E2,2026-05-25 06:22:00,2026-05-25 17:34:00,11:12:00,11.2
EA,LUTON,ROUTINE,ENG020,Mark Holloway,Mark Booker,W5605410,IR,R2,2026-05-27 11:13:00,2026-05-27 15:37:00,04:24:00,4.4
WM,BIRMINGHAM,INSPECTION,ENG040,Wayne Edwards,Mark Reygate,W5605411,ME,E2,2026-05-22 07:37:00,2026-05-22 22:37:00,15:00:00,15.0
NT,DERBY,METERING,ENG062,Fred Archer,Sue Holt,W5605412,MR,M2,2026-05-23 06:04:00,2026-05-23 09:46:00,03:42:00,3.7
SO,BASINGSTOKE,METERING,ENG050,Phil Hodgkins,Phil Russell,W5605413,EM,M1,2026-05-26 11:15:00,2026-05-27 00:39:00,13:24:00,13.4
NE,SUNDERLAND,REPAIR,ENG071,Alan Shaw,Bill Tyne,W5605414,ME,E1,2026-05-22 07:21:00,2026-05-22 22:51:00,15:30:00,15.5
NW,BOLTON,ROUTINE,ENG011,Karen Simmons,Gary Williams,W5605415,IR,R1,2026-05-21 10:09:00,2026-05-21 13:45:00,03:36:00,3.6
WM,DUDLEY,METERING,ENG040,Wayne Edwards,Mark Reygate,W5605416,IR,R2,2026-05-26 10:08:00,2026-05-26 15:08:00,05:00:00,5.0
WM,WOLVERHAMPTON,EMERGENCY,ENG042,Steve Frost,Mark Reygate,W5605417,EM,R2,2026-05-21 08:37:00,2026-05-21 16:43:00,08:06:00,8.1
SC,GLASGOW,ROUTINE,ENG002,Alistair Fraser,Steven Leckie,W5605418,ME,M2,2026-05-23 10:13:00,2026-05-23 14:01:00,03:48:00,3.8
NT,NOTTINGHAM,ROUTINE,ENG062,Fred Archer,Sue Holt,W5605419,IR,E1,2026-05-26 07:38:00,2026-05-26 16:32:00,08:54:00,8.9
EA,NORWICH,EMERGENCY,ENG020,Mark Holloway,Mark Booker,W5605420,ME,R2,2026-05-23 07:17:00,2026-05-23 11:23:00,04:05:59,4.1
SC,STIRLING,EMERGENCY,ENG006,Kevin McAllister,Gordon Shaw,W5605421,IR,R1,2026-05-21 09:32:00,2026-05-21 21:26:00,11:54:00,11.9
EA,CAMBRIDGE,METERING,ENG021,Rachel Davies,Mark Booker,W5605422,MR,M2,2026-05-24 10:05:00,2026-05-25 00:23:00,14:18:00,14.3
NT,LEICESTER,EMERGENCY,ENG062,Fred Archer,Sue Holt,W5605423,ME,E1,2026-05-21 09:10:00,2026-05-21 21:16:00,12:06:00,12.1
SO,SOUTHAMPTON,METERING,ENG050,Phil Hodgkins,Phil Russell,W5605424,EM,E1,2026-05-23 09:00:00,2026-05-23 22:36:00,13:36:00,13.6
SE,BRIGHTON,EMERGENCY,ENG033,Julie Price,Pat Nolan,W5605425,IR,R2,2026-05-22 11:00:00,2026-05-22 20:00:00,09:00:00,9.0
NT,LEICESTER,EMERGENCY,ENG060,Barry Noon,Sue Holt,W5605426,ME,M1,2026-05-22 07:51:00,2026-05-22 14:27:00,06:36:00,6.6
SO,BASINGSTOKE,ROUTINE,ENG050,Phil Hodgkins,Phil Russell,W5605427,ME,E2,2026-05-23 09:28:00,2026-05-23 23:16:00,13:48:00,13.8
WM,COVENTRY,EMERGENCY,ENG040,Wayne Edwards,Mark Reygate,W5605428,IR,M2,2026-05-21 09:21:00,2026-05-21 21:39:00,12:18:00,12.3
NE,MIDDLESBROUGH,INSPECTION,ENG072,Liz Cooke,Bill Tyne,W5605429,MR,R1,2026-05-26 07:58:00,2026-05-26 14:10:00,06:12:00,6.2
NE,GATESHEAD,INSPECTION,ENG071,Alan Shaw,Bill Tyne,W5605430,ME,E2,2026-05-25 10:19:00,2026-05-25 22:43:00,12:24:00,12.4
SE,MAIDSTONE,ROUTINE,ENG033,Julie Price,Pat Nolan,W5605431,EM,E2,2026-05-25 09:55:00,2026-05-25 14:43:00,04:48:00,4.8
EA,IPSWICH,METERING,ENG021,Rachel Davies,Mark Booker,W5605432,IR,E2,2026-05-23 09:37:00,2026-05-23 20:55:00,11:18:00,11.3
SE,BRIGHTON,METERING,ENG030,Stuart Porter,Ray Ingram,W5605433,ME,M1,2026-05-21 09:14:00,2026-05-21 15:56:00,06:42:00,6.7
WM,WALSALL,REPAIR,ENG041,Una Cowling,Mark Reygate,W5605434,IR,M1,2026-05-27 09:52:00,2026-05-27 20:10:00,10:18:00,10.3
NT,MANSFIELD,ROUTINE,ENG060,Barry Noon,Sue Holt,W5605435,EM,E2,2026-05-21 06:52:00,2026-05-21 16:40:00,09:48:00,9.8
EA,IPSWICH,REPAIR,ENG023,Sharon King,Anne Foster,W5605436,ME,E2,2026-05-26 07:44:00,2026-05-26 09:56:00,02:12:00,2.2
EA,PETERBOROUGH,INSPECTION,ENG021,Rachel Davies,Mark Booker,W5605437,ME,E2,2026-05-22 06:50:00,2026-05-22 15:02:00,08:11:59,8.2
WM,COVENTRY,INSPECTION,ENG041,Una Cowling,Mark Reygate,W5605438,ME,R1,2026-05-22 09:39:00,2026-05-23 00:45:00,15:06:00,15.1
EA,LUTON,ROUTINE,ENG023,Sharon King,Anne Foster,W5605439,EM,E2,2026-05-26 09:37:00,2026-05-27 00:55:00,15:18:00,15.3
NT,LEICESTER,REPAIR,ENG060,Barry Noon,Sue Holt,W5605440,EM,M1,2026-05-27 11:10:00,2026-05-28 01:52:00,14:42:00,14.7
SE,GUILDFORD,ROUTINE,ENG033,Julie Price,Pat Nolan,W5605441,MR,M2,2026-05-27 11:05:00,2026-05-27 20:59:00,09:54:00,9.9
NE,MIDDLESBROUGH,EMERGENCY,ENG071,Alan Shaw,Bill Tyne,W5605442,MR,M2,2026-05-24 11:56:00,2026-05-24 15:02:00,03:06:00,3.1
WM,WOLVERHAMPTON,INSPECTION,ENG041,Una Cowling,Mark Reygate,W5605443,IR,E2,2026-05-27 08:00:00,2026-05-27 13:54:00,05:54:00,5.9
SE,HORSHAM,REPAIR,ENG030,Stuart Porter,Ray Ingram,W5605444,EM,M1,2026-05-23 09:32:00,2026-05-23 22:38:00,13:06:00,13.1
NW,BOLTON,ROUTINE,ENG010,Paul Dawson,Gary Williams,W5605445,EM,M2,2026-05-26 11:36:00,2026-05-27 02:48:00,15:12:00,15.2
SC,GLASGOW,EMERGENCY,ENG003,Catriona Stewart,Graham Loan,W5605446,MR,R2,2026-05-22 07:37:00,2026-05-22 13:49:00,06:12:00,6.2
NW,BOLTON,REPAIR,ENG013,Helen Morris,Dave Clarke,W5605447,MR,R2,2026-05-26 11:39:00,2026-05-27 03:09:00,15:30:00,15.5
EA,NORWICH,ROUTINE,ENG022,Peter Wong,Mark Booker,W5605448,RO,R2,2026-05-22 10:18:00,2026-05-23 01:36:00,15:18:00,15.3
SC,PAISLEY,ROUTINE,ENG002,Alistair Fraser,Steven Leckie,W5605449,IR,R2,2026-05-25 09:40:00,2026-05-25 16:04:00,06:24:00,6.4
NW,STOCKPORT,EMERGENCY,ENG012,Brian Cook,Gary Williams,W5605450,IR,R1,2026-05-24 07:25:00,2026-05-24 22:43:00,15:18:00,15.3
SE,GUILDFORD,ROUTINE,ENG030,Stuart Porter,Ray Ingram,W5605451,EM,M1,2026-05-24 06:20:00,2026-05-24 13:20:00,07:00:00,7.0
NW,BOLTON,EMERGENCY,ENG013,Helen Morris,Dave Clarke,W5605452,ME,M1,2026-05-21 06:09:00,2026-05-21 10:51:00,04:42:00,4.7
WM,BIRMINGHAM,INSPECTION,ENG042,Steve Frost,Mark Reygate,W5605453,ME,E2,2026-05-21 06:37:00,2026-05-21 18:49:00,12:12:00,12.2
NE,DURHAM,METERING,ENG072,Liz Cooke,Bill Tyne,W5605454,ME,R2,2026-05-27 08:08:00,2026-05-27 12:08:00,04:00:00,4.0
NT,LINCOLN,METERING,ENG061,Cathy Dean,Sue Holt,W5605455,RO,E2,2026-05-26 11:51:00,2026-05-27 03:39:00,15:48:00,15.8
SO,BOURNEMOUTH,METERING,ENG050,Phil Hodgkins,Phil Russell,W5605456,EM,E2,2026-05-27 06:15:00,2026-05-27 12:45:00,06:30:00,6.5
SO,BOURNEMOUTH,INSPECTION,ENG052,Chris Lamb,Phil Russell,W5605457,MR,E2,2026-05-27 09:13:00,2026-05-27 14:13:00,05:00:00,5.0
NT,LINCOLN,EMERGENCY,ENG060,Barry Noon,Sue Holt,W5605458,RO,E2,2026-05-24 10:02:00,2026-05-24 15:26:00,05:24:00,5.4
SE,GUILDFORD,ROUTINE,ENG033,Julie Price,Pat Nolan,W5605459,MR,E1,2026-05-21 10:00:00,2026-05-21 19:06:00,09:06:00,9.1
SE,HORSHAM,METERING,ENG033,Julie Price,Pat Nolan,W5605460,MR,M1,2026-05-27 09:59:00,2026-05-27 19:41:00,09:42:00,9.7
WM,DUDLEY,INSPECTION,ENG041,Una Cowling,Mark Reygate,W5605461,MR,R2,2026-05-23 09:07:00,2026-05-23 17:43:00,08:36:00,8.6
EA,LUTON,METERING,ENG023,Sharon King,Anne Foster,W5605462,ME,E2,2026-05-27 09:12:00,2026-05-27 23:24:00,14:12:00,14.2
WM,STOKE,REPAIR,ENG042,Steve Frost,Mark Reygate,W5605463,RO,E2,2026-05-24 10:47:00,2026-05-24 16:35:00,05:48:00,5.8
NE,MIDDLESBROUGH,EMERGENCY,ENG071,Alan Shaw,Bill Tyne,W5605464,IR,E2,2026-05-22 11:23:00,2026-05-22 23:17:00,11:54:00,11.9
SE,EASTBOURNE,METERING,ENG031,Tracey McIntyre,Ray Ingram,W5605465,MR,E2,2026-05-25 09:15:00,2026-05-25 19:03:00,09:48:00,9.8
EA,CAMBRIDGE,ROUTINE,ENG021,Rachel Davies,Mark Booker,W5605466,ME,R1,2026-05-23 09:36:00,2026-05-23 12:48:00,03:12:00,3.2
WM,WALSALL,EMERGENCY,ENG042,Steve Frost,Mark Reygate,W5605467,MR,E2,2026-05-26 06:19:00,2026-05-26 17:07:00,10:48:00,10.8
SE,MAIDSTONE,EMERGENCY,ENG030,Stuart Porter,Ray Ingram,W5605468,EM,E1,2026-05-27 08:04:00,2026-05-27 10:28:00,02:24:00,2.4
NE,NEWCASTLE,METERING,ENG071,Alan Shaw,Bill Tyne,W5605469,MR,E1,2026-05-25 11:53:00,2026-05-25 17:29:00,05:36:00,5.6
SE,EASTBOURNE,METERING,ENG030,Stuart Porter,Ray Ingram,W5605470,IR,E1,2026-05-22 10:44:00,2026-05-22 15:50:00,05:06:00,5.1
NT,MANSFIELD,ROUTINE,ENG060,Barry Noon,Sue Holt,W5605471,ME,E1,2026-05-25 10:03:00,2026-05-25 14:33:00,04:30:00,4.5
NW,MANCHESTER,ROUTINE,ENG010,Paul Dawson,Gary Williams,W5605472,ME,E1,2026-05-23 07:16:00,2026-05-23 09:28:00,02:12:00,2.2
NE,MIDDLESBROUGH,REPAIR,ENG071,Alan Shaw,Bill Tyne,W5605473,RO,E1,2026-05-21 07:26:00,2026-05-21 21:56:00,14:30:00,14.5
NW,BOLTON,EMERGENCY,ENG011,Karen Simmons,Gary Williams,W5605474,ME,M1,2026-05-25 07:55:00,2026-05-25 19:31:00,11:36:00,11.6
NT,NOTTINGHAM,METERING,ENG060,Barry Noon,Sue Holt,W5605475,MR,M2,2026-05-22 07:04:00,2026-05-22 13:52:00,06:48:00,6.8
NT,LEICESTER,INSPECTION,ENG061,Cathy Dean,Sue Holt,W5605476,IR,E2,2026-05-21 06:06:00,2026-05-21 18:30:00,12:24:00,12.4
NW,BOLTON,EMERGENCY,ENG013,Helen Morris,Dave Clarke,W5605477,EM,E1,2026-05-22 07:10:00,2026-05-22 19:46:00,12:36:00,12.6
WM,DUDLEY,ROUTINE,ENG041,Una Cowling,Mark Reygate,W5605478,ME,R1,2026-05-21 09:07:00,2026-05-21 23:13:00,14:06:00,14.1
NE,GATESHEAD,INSPECTION,ENG071,Alan Shaw,Bill Tyne,W5605479,IR,M1,2026-05-23 09:15:00,2026-05-24 01:09:00,15:54:00,15.9
SE,CROYDON,REPAIR,ENG033,Julie Price,Pat Nolan,W5605480,EM,M2,2026-05-26 09:48:00,2026-05-26 15:54:00,06:06:00,6.1
EA,PETERBOROUGH,METERING,ENG022,Peter Wong,Mark Booker,W5605481,MR,E2,2026-05-25 08:51:00,2026-05-25 18:45:00,09:54:00,9.9
NE,NEWCASTLE,ROUTINE,ENG072,Liz Cooke,Bill Tyne,W5605482,ME,R2,2026-05-26 11:06:00,2026-05-26 22:36:00,11:30:00,11.5
NT,LEICESTER,INSPECTION,ENG060,Barry Noon,Sue Holt,W5605483,ME,M2,2026-05-26 08:18:00,2026-05-26 13:48:00,05:30:00,5.5
NT,LEICESTER,ROUTINE,ENG061,Cathy Dean,Sue Holt,W5605484,RO,R1,2026-05-27 07:55:00,2026-05-27 20:43:00,12:48:00,12.8
NT,NOTTINGHAM,ROUTINE,ENG061,Cathy Dean,Sue Holt,W5605485,IR,R1,2026-05-21 09:34:00,2026-05-21 23:58:00,14:24:00,14.4
EA,IPSWICH,EMERGENCY,ENG021,Rachel Davies,Mark Booker,W5605486,ME,R1,2026-05-26 11:02:00,2026-05-26 17:50:00,06:48:00,6.8
EA,BEDFORD,EMERGENCY,ENG022,Peter Wong,Mark Booker,W5605487,EM,R1,2026-05-25 10:34:00,2026-05-25 21:40:00,11:06:00,11.1
EA,IPSWICH,METERING,ENG023,Sharon King,Anne Foster,W5605488,IR,R1,2026-05-24 11:46:00,2026-05-24 17:52:00,06:06:00,6.1
SC,ABERDEEN,METERING,ENG003,Catriona Stewart,Graham Loan,W5605489,IR,M1,2026-05-24 06:19:00,2026-05-24 14:25:00,08:06:00,8.1
NW,WIGAN,REPAIR,ENG013,Helen Morris,Dave Clarke,W5605490,ME,E1,2026-05-22 08:28:00,2026-05-22 13:34:00,05:06:00,5.1
NW,BLACKBURN,EMERGENCY,ENG011,Karen Simmons,Gary Williams,W5605491,EM,M1,2026-05-22 11:18:00,2026-05-22 18:18:00,07:00:00,7.0
NE,GATESHEAD,EMERGENCY,ENG071,Alan Shaw,Bill Tyne,W5605492,RO,R2,2026-05-22 10:10:00,2026-05-22 15:16:00,05:06:00,5.1
NT,LEICESTER,ROUTINE,ENG061,Cathy Dean,Sue Holt,W5605493,IR,R2,2026-05-25 08:34:00,2026-05-25 13:10:00,04:36:00,4.6
NE,MIDDLESBROUGH,EMERGENCY,ENG070,Janet Robb,Bill Tyne,W5605494,MR,R2,2026-05-21 11:58:00,2026-05-21 14:52:00,02:54:00,2.9
SO,PORTSMOUTH,EMERGENCY,ENG051,Wendy Nash,Phil Russell,W5605495,ME,M1,2026-05-23 06:22:00,2026-05-23 11:34:00,05:12:00,5.2
SC,DUNDEE,ROUTINE,ENG006,Kevin McAllister,Gordon Shaw,W5605496,IR,E1,2026-05-26 09:26:00,2026-05-26 22:20:00,12:54:00,12.9
NW,WARRINGTON,REPAIR,ENG013,Helen Morris,Dave Clarke,W5605497,IR,R2,2026-05-21 11:08:00,2026-05-21 18:38:00,07:30:00,7.5
EA,IPSWICH,ROUTINE,ENG022,Peter Wong,Mark Booker,W5605498,RO,R1,2026-05-22 11:02:00,2026-05-22 14:32:00,03:30:00,3.5
NW,MANCHESTER,INSPECTION,ENG012,Brian Cook,Gary Williams,W5605499,MR,E1,2026-05-21 11:19:00,2026-05-21 15:25:00,04:05:59,4.1
NW,BOLTON,INSPECTION,ENG014,Alan Sharp,Dave Clarke,W5605500,IR,E1,2026-05-21 06:59:00,2026-05-21 15:05:00,08:06:00,8.1
WM,WOLVERHAMPTON,METERING,ENG042,Steve Frost,Mark Reygate,W5605501,RO,M1,2026-05-23 06:10:00,2026-05-23 18:10:00,12:00:00,12.0
NT,LINCOLN,ROUTINE,ENG062,Fred Archer,Sue Holt,W5605502,MR,R2,2026-05-24 10:06:00,2026-05-24 22:12:00,12:06:00,12.1
SC,STIRLING,EMERGENCY,ENG006,Kevin McAllister,Gordon Shaw,W5605503,ME,M2,2026-05-22 10:51:00,2026-05-23 00:33:00,13:42:00,13.7
NE,MIDDLESBROUGH,ROUTINE,ENG072,Liz Cooke,Bill Tyne,W5605504,ME,R1,2026-05-23 07:23:00,2026-05-23 21:23:00,14:00:00,14.0
SE,CROYDON,INSPECTION,ENG032,Colin James,Pat Nolan,W5605505,RO,M1,2026-05-23 06:34:00,2026-05-23 12:28:00,05:54:00,5.9
SC,PAISLEY,EMERGENCY,ENG006,Kevin McAllister,Gordon Shaw,W5605506,ME,M1,2026-05-24 06:12:00,2026-05-24 17:54:00,11:42:00,11.7
SE,HORSHAM,METERING,ENG033,Julie Price,Pat Nolan,W5605507,EM,R1,2026-05-25 06:16:00,2026-05-25 10:52:00,04:36:00,4.6
SC,STIRLING,METERING,ENG003,Catriona Stewart,Graham Loan,W5605508,MR,M1,2026-05-27 11:18:00,2026-05-27 14:42:00,03:24:00,3.4
SO,SALISBURY,METERING,ENG051,Wendy Nash,Phil Russell,W5605509,ME,R1,2026-05-25 09:06:00,2026-05-25 11:42:00,02:36:00,2.6
NT,NOTTINGHAM,ROUTINE,ENG061,Cathy Dean,Sue Holt,W5605510,ME,M1,2026-05-27 08:26:00,2026-05-27 18:44:00,10:18:00,10.3
SE,CROYDON,EMERGENCY,ENG031,Tracey McIntyre,Ray Ingram,W5605511,RO,R2,2026-05-27 08:48:00,2026-05-27 19:12:00,10:24:00,10.4
SO,BASINGSTOKE,ROUTINE,ENG052,Chris Lamb,Phil Russell,W5605512,RO,M1,2026-05-25 09:00:00,2026-05-25 13:18:00,04:18:00,4.3
SC,PAISLEY,METERING,ENG006,Kevin McAllister,Gordon Shaw,W5605513,RO,E2,2026-05-27 06:07:00,2026-05-27 14:13:00,08:06:00,8.1
EA,BEDFORD,INSPECTION,ENG022,Peter Wong,Mark Booker,W5605514,MR,M1,2026-05-22 08:48:00,2026-05-22 18:42:00,09:54:00,9.9
SC,STIRLING,REPAIR,ENG001,John MacDonald,Steven Leckie,W5605515,ME,E2,2026-05-24 07:57:00,2026-05-24 12:21:00,04:24:00,4.4
EA,PETERBOROUGH,INSPECTION,ENG023,Sharon King,Anne Foster,W5605516,ME,E2,2026-05-22 06:44:00,2026-05-22 17:32:00,10:48:00,10.8
EA,LUTON,EMERGENCY,ENG022,Peter Wong,Mark Booker,W5605517,ME,E2,2026-05-26 07:32:00,2026-05-26 09:32:00,02:00:00,2.0
SO,SALISBURY,EMERGENCY,ENG051,Wendy Nash,Phil Russell,W5605518,EM,M2,2026-05-24 10:34:00,2026-05-24 14:16:00,03:42:00,3.7
WM,STOKE,EMERGENCY,ENG042,Steve Frost,Mark Reygate,W5605519,RO,R2,2026-05-21 08:41:00,2026-05-21 22:05:00,13:24:00,13.4
NW,STOCKPORT,EMERGENCY,ENG012,Brian Cook,Gary Williams,W5605520,EM,E2,2026-05-25 10:31:00,2026-05-25 19:31:00,09:00:00,9.0
SC,INVERNESS,INSPECTION,ENG002,Alistair Fraser,Steven Leckie,W5605521,IR,M2,2026-05-27 09:28:00,2026-05-28 00:16:00,14:48:00,14.8
EA,NORWICH,INSPECTION,ENG022,Peter Wong,Mark Booker,W5605522,ME,M1,2026-05-22 08:29:00,2026-05-22 22:29:00,14:00:00,14.0
WM,COVENTRY,INSPECTION,ENG041,Una Cowling,Mark Reygate,W5605523,EM,E1,2026-05-23 06:04:00,2026-05-23 11:28:00,05:24:00,5.4
SC,PAISLEY,INSPECTION,ENG001,John MacDonald,Steven Leckie,W5605524,RO,M2,2026-05-26 08:13:00,2026-05-26 20:01:00,11:48:00,11.8
WM,WOLVERHAMPTON,EMERGENCY,ENG040,Wayne Edwards,Mark Reygate,W5605525,ME,M1,2026-05-25 09:26:00,2026-05-25 16:02:00,06:36:00,6.6
NT,NOTTINGHAM,INSPECTION,ENG062,Fred Archer,Sue Holt,W5605526,ME,M1,2026-05-23 08:06:00,2026-05-23 19:18:00,11:12:00,11.2
SE,EASTBOURNE,REPAIR,ENG033,Julie Price,Pat Nolan,W5605527,IR,R1,2026-05-27 08:43:00,2026-05-27 18:07:00,09:24:00,9.4
NT,LINCOLN,METERING,ENG060,Barry Noon,Sue Holt,W5605528,ME,E2,2026-05-23 08:52:00,2026-05-23 22:46:00,13:54:00,13.9
WM,BIRMINGHAM,ROUTINE,ENG042,Steve Frost,Mark Reygate,W5605529,ME,M1,2026-05-22 09:19:00,2026-05-22 19:49:00,10:30:00,10.5
SE,GUILDFORD,METERING,ENG033,Julie Price,Pat Nolan,W5605530,EM,E1,2026-05-24 07:02:00,2026-05-24 16:02:00,09:00:00,9.0
SO,SOUTHAMPTON,METERING,ENG052,Chris Lamb,Phil Russell,W5605531,IR,E2,2026-05-22 06:07:00,2026-05-22 19:19:00,13:12:00,13.2
EA,LUTON,ROUTINE,ENG022,Peter Wong,Mark Booker,W5605532,IR,R1,2026-05-23 09:15:00,2026-05-23 22:45:00,13:30:00,13.5
NT,LEICESTER,REPAIR,ENG062,Fred Archer,Sue Holt,W5605533,MR,E2,2026-05-22 08:40:00,2026-05-22 10:46:00,02:06:00,2.1
EA,PETERBOROUGH,REPAIR,ENG022,Peter Wong,Mark Booker,W5605534,RO,E1,2026-05-27 06:09:00,2026-05-27 10:15:00,04:05:59,4.1
SO,PORTSMOUTH,ROUTINE,ENG051,Wendy Nash,Phil Russell,W5605535,IR,R2,2026-05-23 06:29:00,2026-05-23 15:23:00,08:54:00,8.9
WM,WALSALL,REPAIR,ENG041,Una Cowling,Mark Reygate,W5605536,ME,R2,2026-05-27 09:26:00,2026-05-27 19:50:00,10:24:00,10.4
SE,GUILDFORD,REPAIR,ENG032,Colin James,Pat Nolan,W5605537,MR,R1,2026-05-23 07:06:00,2026-05-23 22:36:00,15:30:00,15.5
SO,BASINGSTOKE,INSPECTION,ENG052,Chris Lamb,Phil Russell,W5605538,EM,R2,2026-05-25 09:25:00,2026-05-25 22:13:00,12:48:00,12.8
SO,BASINGSTOKE,ROUTINE,ENG052,Chris Lamb,Phil Russell,W5605539,MR,R1,2026-05-21 09:43:00,2026-05-21 14:43:00,05:00:00,5.0
NE,MIDDLESBROUGH,EMERGENCY,ENG071,Alan Shaw,Bill Tyne,W5605540,RO,M2,2026-05-23 06:18:00,2026-05-23 15:12:00,08:54:00,8.9
NE,MIDDLESBROUGH,METERING,ENG071,Alan Shaw,Bill Tyne,W5605541,EM,E2,2026-05-22 07:09:00,2026-05-22 13:51:00,06:42:00,6.7
NW,STOCKPORT,REPAIR,ENG010,Paul Dawson,Gary Williams,W5605542,EM,R2,2026-05-27 08:57:00,2026-05-27 13:15:00,04:18:00,4.3
WM,BIRMINGHAM,REPAIR,ENG043,Diane Hunt,Tom Avery,W5605543,EM,E1,2026-05-24 07:45:00,2026-05-24 14:09:00,06:24:00,6.4
WM,STOKE,INSPECTION,ENG042,Steve Frost,Mark Reygate,W5605544,RO,R1,2026-05-21 11:12:00,2026-05-21 21:42:00,10:30:00,10.5
EA,LUTON,REPAIR,ENG023,Sharon King,Anne Foster,W5605545,EM,E1,2026-05-26 07:52:00,2026-05-26 10:52:00,03:00:00,3.0
NT,LINCOLN,EMERGENCY,ENG060,Barry Noon,Sue Holt,W5605546,MR,R2,2026-05-26 08:05:00,2026-05-26 12:17:00,04:12:00,4.2
SE,MAIDSTONE,INSPECTION,ENG033,Julie Price,Pat Nolan,W5605547,IR,M1,2026-05-22 06:49:00,2026-05-22 09:55:00,03:06:00,3.1
EA,BEDFORD,EMERGENCY,ENG023,Sharon King,Anne Foster,W5605548,ME,R2,2026-05-26 11:56:00,2026-05-27 03:38:00,15:42:00,15.7
NW,BOLTON,ROUTINE,ENG012,Brian Cook,Gary Williams,W5605549,MR,R1,2026-05-21 09:33:00,2026-05-22 00:51:00,15:18:00,15.3
SO,PORTSMOUTH,METERING,ENG050,Phil Hodgkins,Phil Russell,W5605550,EM,M1,2026-05-21 10:33:00,2026-05-21 16:27:00,05:54:00,5.9
SE,HORSHAM,REPAIR,ENG031,Tracey McIntyre,Ray Ingram,W5605551,MR,E1,2026-05-24 07:33:00,2026-05-24 23:21:00,15:48:00,15.8
NT,LINCOLN,INSPECTION,ENG060,Barry Noon,Sue Holt,W5605552,IR,E2,2026-05-25 07:26:00,2026-05-25 10:02:00,02:36:00,2.6
NE,NEWCASTLE,REPAIR,ENG072,Liz Cooke,Bill Tyne,W5605553,IR,M2,2026-05-23 10:06:00,2026-05-23 15:48:00,05:42:00,5.7
NW,STOCKPORT,REPAIR,ENG010,Paul Dawson,Gary Williams,W5605554,ME,M2,2026-05-22 07:48:00,2026-05-22 17:54:00,10:06:00,10.1
EA,CAMBRIDGE,ROUTINE,ENG021,Rachel Davies,Mark Booker,W5605555,RO,R2,2026-05-21 07:13:00,2026-05-21 15:37:00,08:24:00,8.4
SO,BASINGSTOKE,METERING,ENG051,Wendy Nash,Phil Russell,W5605556,IR,E2,2026-05-27 10:27:00,2026-05-27 21:51:00,11:24:00,11.4
NE,SUNDERLAND,EMERGENCY,ENG072,Liz Cooke,Bill Tyne,W5605557,IR,E1,2026-05-26 08:25:00,2026-05-26 20:37:00,12:12:00,12.2
SC,INVERNESS,REPAIR,ENG003,Catriona Stewart,Graham Loan,W5605558,RO,M1,2026-05-21 11:49:00,2026-05-21 14:01:00,02:12:00,2.2
SC,ABERDEEN,REPAIR,ENG001,John MacDonald,Steven Leckie,W5605559,EM,R1,2026-05-25 09:03:00,2026-05-25 19:45:00,10:42:00,10.7
NW,LIVERPOOL,REPAIR,ENG012,Brian Cook,Gary Williams,W5605560,MR,M1,2026-05-27 09:49:00,2026-05-28 01:43:00,15:54:00,15.9
SC,ABERDEEN,EMERGENCY,ENG006,Kevin McAllister,Gordon Shaw,W5605561,RO,E1,2026-05-27 10:07:00,2026-05-27 19:01:00,08:54:00,8.9
NE,MIDDLESBROUGH,ROUTINE,ENG071,Alan Shaw,Bill Tyne,W5605562,ME,E1,2026-05-26 09:27:00,2026-05-26 14:21:00,04:54:00,4.9
SC,INVERNESS,METERING,ENG005,Fiona Cameron,Gordon Shaw,W5605563,ME,E2,2026-05-22 06:58:00,2026-05-22 22:28:00,15:30:00,15.5
SO,PORTSMOUTH,REPAIR,ENG051,Wendy Nash,Phil Russell,W5605564,MR,R1,2026-05-25 06:55:00,2026-05-25 15:19:00,08:24:00,8.4
WM,DUDLEY,ROUTINE,ENG043,Diane Hunt,Tom Avery,W5605565,RO,M1,2026-05-22 06:13:00,2026-05-22 17:37:00,11:24:00,11.4
SE,GUILDFORD,REPAIR,ENG033,Julie Price,Pat Nolan,W5605566,RO,M1,2026-05-25 06:14:00,2026-05-25 13:44:00,07:30:00,7.5
WM,STOKE,REPAIR,ENG042,Steve Frost,Mark Reygate,W5605567,IR,E2,2026-05-25 07:28:00,2026-05-25 10:22:00,02:54:00,2.9
NW,STOCKPORT,INSPECTION,ENG012,Brian Cook,Gary Williams,W5605568,RO,R2,2026-05-27 06:04:00,2026-05-27 21:34:00,15:30:00,15.5
SO,SALISBURY,METERING,ENG051,Wendy Nash,Phil Russell,W5605569,ME,M1,2026-05-22 06:46:00,2026-05-22 20:40:00,13:54:00,13.9
WM,WOLVERHAMPTON,METERING,ENG043,Diane Hunt,Tom Avery,W5605570,MR,E1,2026-05-23 11:13:00,2026-05-24 00:43:00,13:30:00,13.5
EA,PETERBOROUGH,EMERGENCY,ENG021,Rachel Davies,Mark Booker,W5605571,ME,R1,2026-05-27 09:05:00,2026-05-27 16:23:00,07:18:00,7.3
NE,MIDDLESBROUGH,METERING,ENG070,Janet Robb,Bill Tyne,W5605572,ME,M2,2026-05-27 11:32:00,2026-05-28 02:26:00,14:54:00,14.9
SE,MAIDSTONE,METERING,ENG031,Tracey McIntyre,Ray Ingram,W5605573,EM,M2,2026-05-21 08:14:00,2026-05-21 14:26:00,06:12:00,6.2
NE,DURHAM,REPAIR,ENG072,Liz Cooke,Bill Tyne,W5605574,EM,R2,2026-05-25 06:44:00,2026-05-25 13:08:00,06:24:00,6.4
NW,BLACKBURN,EMERGENCY,ENG012,Brian Cook,Gary Williams,W5605575,RO,M2,2026-05-22 07:41:00,2026-05-22 12:05:00,04:24:00,4.4
NW,LIVERPOOL,REPAIR,ENG011,Karen Simmons,Gary Williams,W5605576,EM,R2,2026-05-25 09:54:00,2026-05-25 22:36:00,12:42:00,12.7
EA,PETERBOROUGH,REPAIR,ENG022,Peter Wong,Mark Booker,W5605577,EM,M1,2026-05-22 10:51:00,2026-05-22 20:39:00,09:48:00,9.8
SO,PORTSMOUTH,REPAIR,ENG050,Phil Hodgkins,Phil Russell,W5605578,EM,R1,2026-05-21 08:54:00,2026-05-21 23:54:00,15:00:00,15.0
NE,GATESHEAD,REPAIR,ENG071,Alan Shaw,Bill Tyne,W5605579,MR,R1,2026-05-23 10:35:00,2026-05-23 14:17:00,03:42:00,3.7
NT,LEICESTER,REPAIR,ENG062,Fred Archer,Sue Holt,W5605580,ME,E1,2026-05-23 08:34:00,2026-05-23 16:04:00,07:30:00,7.5
NE,DURHAM,ROUTINE,ENG072,Liz Cooke,Bill Tyne,W5605581,RO,M2,2026-05-23 07:47:00,2026-05-23 12:53:00,05:06:00,5.1
EA,BEDFORD,METERING,ENG021,Rachel Davies,Mark Booker,W5605582,MR,R1,2026-05-25 10:07:00,2026-05-25 16:07:00,06:00:00,6.0
NT,LEICESTER,METERING,ENG060,Barry Noon,Sue Holt,W5605583,EM,M2,2026-05-27 09:53:00,2026-05-28 01:23:00,15:30:00,15.5
EA,CAMBRIDGE,REPAIR,ENG021,Rachel Davies,Mark Booker,W5605584,ME,E2,2026-05-26 08:04:00,2026-05-26 22:40:00,14:36:00,14.6
SE,MAIDSTONE,ROUTINE,ENG031,Tracey McIntyre,Ray Ingram,W5605585,ME,R2,2026-05-25 08:44:00,2026-05-25 17:38:00,08:54:00,8.9
WM,DUDLEY,EMERGENCY,ENG041,Una Cowling,Mark Reygate,W5605586,RO,E1,2026-05-27 08:21:00,2026-05-27 19:27:00,11:06:00,11.1
NT,LINCOLN,INSPECTION,ENG060,Barry Noon,Sue Holt,W5605587,RO,R2,2026-05-25 08:41:00,2026-05-25 20:35:00,11:54:00,11.9
NW,WARRINGTON,REPAIR,ENG012,Brian Cook,Gary Williams,W5605588,ME,E1,2026-05-22 08:08:00,2026-05-22 21:20:00,13:12:00,13.2
EA,CAMBRIDGE,ROUTINE,ENG021,Rachel Davies,Mark Booker,W5605589,ME,R1,2026-05-23 08:25:00,2026-05-23 17:01:00,08:36:00,8.6
NT,NOTTINGHAM,EMERGENCY,ENG060,Barry Noon,Sue Holt,W5605590,MR,M1,2026-05-27 10:02:00,2026-05-27 21:08:00,11:06:00,11.1
SE,CROYDON,INSPECTION,ENG031,Tracey McIntyre,Ray Ingram,W5605591,EM,M2,2026-05-23 10:49:00,2026-05-23 18:19:00,07:30:00,7.5
NE,NEWCASTLE,METERING,ENG071,Alan Shaw,Bill Tyne,W5605592,IR,M1,2026-05-25 08:00:00,2026-05-25 15:48:00,07:48:00,7.8
EA,LUTON,INSPECTION,ENG023,Sharon King,Anne Foster,W5605593,EM,E2,2026-05-21 08:19:00,2026-05-21 14:13:00,05:54:00,5.9
SO,BOURNEMOUTH,INSPECTION,ENG051,Wendy Nash,Phil Russell,W5605594,IR,R1,2026-05-26 09:22:00,2026-05-26 15:46:00,06:24:00,6.4
SC,PAISLEY,ROUTINE,ENG004,Douglas Reid,Graham Loan,W5605595,IR,R1,2026-05-22 06:03:00,2026-05-22 20:51:00,14:48:00,14.8
SE,CROYDON,METERING,ENG030,Stuart Porter,Ray Ingram,W5605596,ME,E2,2026-05-26 08:42:00,2026-05-26 17:00:00,08:18:00,8.3
EA,NORWICH,ROUTINE,ENG022,Peter Wong,Mark Booker,W5605597,IR,E1,2026-05-27 08:23:00,2026-05-27 19:47:00,11:24:00,11.4
NW,STOCKPORT,ROUTINE,ENG014,Alan Sharp,Dave Clarke,W5605598,RO,E2,2026-05-23 06:18:00,2026-05-23 14:06:00,07:48:00,7.8
NW,MANCHESTER,ROUTINE,ENG014,Alan Sharp,Dave Clarke,W5605599,EM,M1,2026-05-23 06:05:00,2026-05-23 08:11:00,02:06:00,2.1
EA,PETERBOROUGH,EMERGENCY,ENG022,Peter Wong,Mark Booker,W5605600,EM,R1,2026-05-21 06:59:00,2026-05-21 16:47:00,09:48:00,9.8
WM,STOKE,METERING,ENG043,Diane Hunt,Tom Avery,W5605601,IR,M1,2026-05-25 07:28:00,2026-05-25 21:34:00,14:06:00,14.1
NT,MANSFIELD,ROUTINE,ENG062,Fred Archer,Sue Holt,W5605602,RO,E2,2026-05-26 09:22:00,2026-05-26 22:40:00,13:18:00,13.3
EA,BEDFORD,METERING,ENG022,Peter Wong,Mark Booker,W5605603,RO,R2,2026-05-25 11:56:00,2026-05-25 23:02:00,11:06:00,11.1
NT,NOTTINGHAM,REPAIR,ENG060,Barry Noon,Sue Holt,W5605604,ME,R1,2026-05-23 09:02:00,2026-05-23 15:08:00,06:06:00,6.1
EA,NORWICH,METERING,ENG021,Rachel Davies,Mark Booker,W5605605,RO,M1,2026-05-21 06:08:00,2026-05-21 14:08:00,08:00:00,8.0
NW,STOCKPORT,EMERGENCY,ENG012,Brian Cook,Gary Williams,W5605606,RO,M1,2026-05-22 09:48:00,2026-05-22 14:00:00,04:12:00,4.2
EA,NORWICH,ROUTINE,ENG020,Mark Holloway,Mark Booker,W5605607,MR,M1,2026-05-23 09:17:00,2026-05-23 19:23:00,10:06:00,10.1
SC,INVERNESS,REPAIR,ENG002,Alistair Fraser,Steven Leckie,W5605608,EM,M2,2026-05-24 10:45:00,2026-05-24 14:45:00,04:00:00,4.0
SO,SALISBURY,INSPECTION,ENG051,Wendy Nash,Phil Russell,W5605609,RO,M1,2026-05-23 08:30:00,2026-05-23 22:24:00,13:54:00,13.9
NW,BLACKBURN,ROUTINE,ENG014,Alan Sharp,Dave Clarke,W5605610,MR,M1,2026-05-26 09:47:00,2026-05-26 15:05:00,05:18:00,5.3
NE,SUNDERLAND,METERING,ENG070,Janet Robb,Bill Tyne,W5605611,IR,M1,2026-05-24 10:52:00,2026-05-24 23:34:00,12:42:00,12.7
EA,CAMBRIDGE,INSPECTION,ENG023,Sharon King,Anne Foster,W5605612,RO,R1,2026-05-26 11:02:00,2026-05-26 13:26:00,02:24:00,2.4
NT,DERBY,ROUTINE,ENG062,Fred Archer,Sue Holt,W5605613,EM,R1,2026-05-23 09:16:00,2026-05-23 19:34:00,10:18:00,10.3
EA,LUTON,REPAIR,ENG022,Peter Wong,Mark Booker,W5605614,MR,M1,2026-05-24 10:46:00,2026-05-25 01:46:00,15:00:00,15.0
SE,BRIGHTON,EMERGENCY,ENG033,Julie Price,Pat Nolan,W5605615,MR,R2,2026-05-26 07:05:00,2026-05-26 11:47:00,04:42:00,4.7
NT,DERBY,REPAIR,ENG060,Barry Noon,Sue Holt,W5605616,EM,M2,2026-05-27 09:02:00,2026-05-27 15:32:00,06:30:00,6.5
SE,GUILDFORD,ROUTINE,ENG033,Julie Price,Pat Nolan,W5605617,MR,M2,2026-05-21 08:31:00,2026-05-22 00:25:00,15:54:00,15.9
NW,WIGAN,REPAIR,ENG011,Karen Simmons,Gary Williams,W5605618,RO,E1,2026-05-22 06:42:00,2026-05-22 19:42:00,13:00:00,13.0
SE,HORSHAM,REPAIR,ENG033,Julie Price,Pat Nolan,W5605619,RO,E1,2026-05-22 06:45:00,2026-05-22 13:45:00,07:00:00,7.0
WM,WALSALL,REPAIR,ENG041,Una Cowling,Mark Reygate,W5605620,IR,M1,2026-05-23 10:18:00,2026-05-23 13:54:00,03:36:00,3.6
NE,DURHAM,REPAIR,ENG071,Alan Shaw,Bill Tyne,W5605621,MR,E1,2026-05-25 10:28:00,2026-05-26 00:34:00,14:06:00,14.1
SE,BRIGHTON,INSPECTION,ENG030,Stuart Porter,Ray Ingram,W5605622,EM,R2,2026-05-23 11:29:00,2026-05-23 22:47:00,11:18:00,11.3
NT,DERBY,INSPECTION,ENG061,Cathy Dean,Sue Holt,W5605623,RO,M2,2026-05-26 07:19:00,2026-05-26 17:07:00,09:48:00,9.8
SE,MAIDSTONE,ROUTINE,ENG032,Colin James,Pat Nolan,W5605624,MR,M2,2026-05-25 07:43:00,2026-05-25 19:43:00,12:00:00,12.0
SC,GLASGOW,INSPECTION,ENG002,Alistair Fraser,Steven Leckie,W5605625,MR,R1,2026-05-23 06:34:00,2026-05-23 12:52:00,06:18:00,6.3
SE,CROYDON,METERING,ENG032,Colin James,Pat Nolan,W5605626,EM,E2,2026-05-25 08:56:00,2026-05-25 16:14:00,07:18:00,7.3
NW,BOLTON,METERING,ENG012,Brian Cook,Gary Williams,W5605627,RO,M1,2026-05-23 08:16:00,2026-05-23 10:28:00,02:12:00,2.2
NW,STOCKPORT,EMERGENCY,ENG014,Alan Sharp,Dave Clarke,W5605628,ME,M1,2026-05-23 09:13:00,2026-05-23 20:49:00,11:36:00,11.6
NW,STOCKPORT,ROUTINE,ENG012,Brian Cook,Gary Williams,W5605629,MR,M2,2026-05-23 09:07:00,2026-05-23 18:13:00,09:06:00,9.1
SE,BRIGHTON,INSPECTION,ENG030,Stuart Porter,Ray Ingram,W5605630,RO,M2,2026-05-25 07:08:00,2026-05-25 09:32:00,02:24:00,2.4
SC,DUNDEE,REPAIR,ENG005,Fiona Cameron,Gordon Shaw,W5605631,RO,M2,2026-05-26 09:04:00,2026-05-26 15:34:00,06:30:00,6.5
EA,LUTON,EMERGENCY,ENG022,Peter Wong,Mark Booker,W5605632,ME,E2,2026-05-21 07:33:00,2026-05-21 20:15:00,12:42:00,12.7
EA,BEDFORD,ROUTINE,ENG022,Peter Wong,Mark Booker,W5605633,RO,M1,2026-05-22 09:28:00,2026-05-22 22:58:00,13:30:00,13.5
SO,SALISBURY,REPAIR,ENG052,Chris Lamb,Phil Russell,W5605634,MR,R1,2026-05-25 07:58:00,2026-05-25 18:46:00,10:48:00,10.8
WM,BIRMINGHAM,METERING,ENG042,Steve Frost,Mark Reygate,W5605635,ME,M1,2026-05-27 11:25:00,2026-05-27 23:49:00,12:24:00,12.4
SC,PERTH,EMERGENCY,ENG003,Catriona Stewart,Graham Loan,W5605636,ME,M1,2026-05-27 07:51:00,2026-05-27 17:51:00,10:00:00,10.0
SE,EASTBOURNE,ROUTINE,ENG033,Julie Price,Pat Nolan,W5605637,MR,R2,2026-05-23 09:14:00,2026-05-23 20:32:00,11:18:00,11.3
NT,NOTTINGHAM,REPAIR,ENG061,Cathy Dean,Sue Holt,W5605638,EM,R1,2026-05-25 06:43:00,2026-05-25 18:37:00,11:54:00,11.9
NW,BOLTON,INSPECTION,ENG014,Alan Sharp,Dave Clarke,W5605639,MR,M1,2026-05-27 06:48:00,2026-05-27 13:06:00,06:18:00,6.3
NE,SUNDERLAND,METERING,ENG071,Alan Shaw,Bill Tyne,W5605640,EM,R2,2026-05-22 11:12:00,2026-05-22 14:24:00,03:12:00,3.2
NT,LINCOLN,EMERGENCY,ENG062,Fred Archer,Sue Holt,W5605641,RO,M1,2026-05-23 10:42:00,2026-05-23 23:54:00,13:12:00,13.2
NW,LIVERPOOL,EMERGENCY,ENG014,Alan Sharp,Dave Clarke,W5605642,RO,E1,2026-05-25 09:57:00,2026-05-25 14:45:00,04:48:00,4.8
SC,PAISLEY,REPAIR,ENG005,Fiona Cameron,Gordon Shaw,W5605643,MR,E2,2026-05-26 08:20:00,2026-05-26 17:32:00,09:12:00,9.2
EA,IPSWICH,REPAIR,ENG020,Mark Holloway,Mark Booker,W5605644,RO,E2,2026-05-24 10:14:00,2026-05-24 16:38:00,06:24:00,6.4
NT,NOTTINGHAM,INSPECTION,ENG061,Cathy Dean,Sue Holt,W5605645,EM,E1,2026-05-22 08:35:00,2026-05-22 22:53:00,14:18:00,14.3
NT,DERBY,EMERGENCY,ENG062,Fred Archer,Sue Holt,W5605646,MR,E1,2026-05-24 08:45:00,2026-05-24 23:15:00,14:30:00,14.5
WM,BIRMINGHAM,INSPECTION,ENG042,Steve Frost,Mark Reygate,W5605647,EM,R2,2026-05-22 09:03:00,2026-05-23 00:39:00,15:36:00,15.6
SE,MAIDSTONE,INSPECTION,ENG032,Colin James,Pat Nolan,W5605648,RO,R1,2026-05-24 08:34:00,2026-05-24 18:40:00,10:06:00,10.1
SE,EASTBOURNE,EMERGENCY,ENG030,Stuart Porter,Ray Ingram,W5605649,IR,M2,2026-05-24 10:55:00,2026-05-24 22:37:00,11:42:00,11.7
WM,WOLVERHAMPTON,METERING,ENG041,Una Cowling,Mark Reygate,W5605650,IR,E1,2026-05-22 08:14:00,2026-05-22 18:20:00,10:06:00,10.1
NW,LIVERPOOL,METERING,ENG011,Karen Simmons,Gary Williams,W5605651,MR,M1,2026-05-21 08:39:00,2026-05-21 22:39:00,14:00:00,14.0
SO,SALISBURY,ROUTINE,ENG050,Phil Hodgkins,Phil Russell,W5605652,MR,R1,2026-05-27 06:51:00,2026-05-27 22:39:00,15:48:00,15.8
NW,MANCHESTER,METERING,ENG012,Brian Cook,Gary Williams,W5605653,EM,M2,2026-05-22 08:27:00,2026-05-22 13:57:00,05:30:00,5.5
EA,PETERBOROUGH,ROUTINE,ENG022,Peter Wong,Mark Booker,W5605654,RO,E2,2026-05-23 08:29:00,2026-05-23 13:05:00,04:36:00,4.6
WM,DUDLEY,REPAIR,ENG043,Diane Hunt,Tom Avery,W5605655,RO,R1,2026-05-26 07:19:00,2026-05-26 11:13:00,03:54:00,3.9
EA,LUTON,INSPECTION,ENG021,Rachel Davies,Mark Booker,W5605656,ME,R2,2026-05-27 11:37:00,2026-05-27 21:25:00,09:48:00,9.8
NW,WARRINGTON,ROUTINE,ENG011,Karen Simmons,Gary Williams,W5605657,EM,E1,2026-05-21 09:37:00,2026-05-21 14:13:00,04:36:00,4.6
EA,LUTON,EMERGENCY,ENG022,Peter Wong,Mark Booker,W5605658,IR,E2,2026-05-24 06:44:00,2026-05-24 16:56:00,10:12:00,10.2
NW,STOCKPORT,EMERGENCY,ENG014,Alan Sharp,Dave Clarke,W5605659,EM,R2,2026-05-22 08:54:00,2026-05-22 15:18:00,06:24:00,6.4
EA,NORWICH,EMERGENCY,ENG022,Peter Wong,Mark Booker,W5605660,ME,R2,2026-05-23 10:45:00,2026-05-23 13:45:00,03:00:00,3.0
NT,LINCOLN,METERING,ENG061,Cathy Dean,Sue Holt,W5605661,ME,R1,2026-05-27 09:57:00,2026-05-27 18:09:00,08:11:59,8.2
NW,BLACKBURN,INSPECTION,ENG013,Helen Morris,Dave Clarke,W5605662,RO,M1,2026-05-24 09:57:00,2026-05-24 16:57:00,07:00:00,7.0
EA,LUTON,REPAIR,ENG020,Mark Holloway,Mark Booker,W5605663,RO,R1,2026-05-26 08:23:00,2026-05-26 13:11:00,04:48:00,4.8
SC,EDINBURGH,EMERGENCY,ENG001,John MacDonald,Steven Leckie,W5605664,RO,R2,2026-05-24 09:17:00,2026-05-24 23:53:00,14:36:00,14.6
SO,BOURNEMOUTH,REPAIR,ENG051,Wendy Nash,Phil Russell,W5605665,EM,E2,2026-05-24 06:19:00,2026-05-24 11:13:00,04:54:00,4.9
NW,BOLTON,EMERGENCY,ENG011,Karen Simmons,Gary Williams,W5605666,RO,E2,2026-05-21 09:55:00,2026-05-21 15:19:00,05:24:00,5.4
SC,PERTH,INSPECTION,ENG006,Kevin McAllister,Gordon Shaw,W5605667,ME,E2,2026-05-23 07:16:00,2026-05-23 16:34:00,09:18:00,9.3
NE,GATESHEAD,REPAIR,ENG071,Alan Shaw,Bill Tyne,W5605668,MR,M1,2026-05-27 11:11:00,2026-05-28 00:59:00,13:48:00,13.8
SE,CROYDON,EMERGENCY,ENG031,Tracey McIntyre,Ray Ingram,W5605669,ME,R1,2026-05-25 11:07:00,2026-05-25 19:07:00,08:00:00,8.0
NT,MANSFIELD,EMERGENCY,ENG060,Barry Noon,Sue Holt,W5605670,ME,E1,2026-05-26 09:31:00,2026-05-26 21:19:00,11:48:00,11.8
NT,LINCOLN,EMERGENCY,ENG062,Fred Archer,Sue Holt,W5605671,ME,E2,2026-05-23 09:18:00,2026-05-23 23:30:00,14:12:00,14.2
NE,NEWCASTLE,REPAIR,ENG071,Alan Shaw,Bill Tyne,W5605672,IR,E2,2026-05-21 06:49:00,2026-05-21 18:49:00,12:00:00,12.0
WM,WOLVERHAMPTON,ROUTINE,ENG040,Wayne Edwards,Mark Reygate,W5605673,ME,R1,2026-05-24 08:38:00,2026-05-24 13:44:00,05:06:00,5.1
SC,INVERNESS,METERING,ENG005,Fiona Cameron,Gordon Shaw,W5605674,ME,E1,2026-05-21 09:45:00,2026-05-21 19:33:00,09:48:00,9.8
NW,BOLTON,REPAIR,ENG011,Karen Simmons,Gary Williams,W5605675,RO,R1,2026-05-22 09:47:00,2026-05-22 19:11:00,09:24:00,9.4
SC,PERTH,ROUTINE,ENG005,Fiona Cameron,Gordon Shaw,W5605676,EM,E1,2026-05-25 11:50:00,2026-05-25 15:14:00,03:24:00,3.4
SO,PORTSMOUTH,REPAIR,ENG051,Wendy Nash,Phil Russell,W5605677,EM,M2,2026-05-27 07:53:00,2026-05-27 14:59:00,07:06:00,7.1
SE,MAIDSTONE,METERING,ENG032,Colin James,Pat Nolan,W5605678,EM,M2,2026-05-22 10:30:00,2026-05-23 01:18:00,14:48:00,14.8
NW,STOCKPORT,REPAIR,ENG014,Alan Sharp,Dave Clarke,W5605679,RO,E2,2026-05-24 07:52:00,2026-05-24 19:40:00,11:48:00,11.8
SC,PAISLEY,METERING,ENG001,John MacDonald,Steven Leckie,W5605680,ME,R1,2026-05-23 11:44:00,2026-05-23 14:02:00,02:18:00,2.3
SC,STIRLING,INSPECTION,ENG005,Fiona Cameron,Gordon Shaw,W5605681,MR,E1,2026-05-22 08:27:00,2026-05-22 11:45:00,03:18:00,3.3
WM,WOLVERHAMPTON,REPAIR,ENG041,Una Cowling,Mark Reygate,W5605682,MR,E1,2026-05-24 06:04:00,2026-05-24 08:10:00,02:06:00,2.1
SC,EDINBURGH,ROUTINE,ENG004,Douglas Reid,Graham Loan,W5605683,IR,E2,2026-05-22 11:32:00,2026-05-22 20:32:00,09:00:00,9.0
WM,WOLVERHAMPTON,ROUTINE,ENG043,Diane Hunt,Tom Avery,W5605684,IR,E1,2026-05-26 06:16:00,2026-05-26 13:28:00,07:12:00,7.2
NT,LINCOLN,EMERGENCY,ENG062,Fred Archer,Sue Holt,W5605685,MR,R2,2026-05-25 06:27:00,2026-05-25 21:39:00,15:12:00,15.2
WM,STOKE,INSPECTION,ENG043,Diane Hunt,Tom Avery,W5605686,IR,M1,2026-05-26 07:18:00,2026-05-26 10:42:00,03:24:00,3.4
WM,STOKE,REPAIR,ENG043,Diane Hunt,Tom Avery,W5605687,MR,E1,2026-05-24 06:13:00,2026-05-24 17:43:00,11:30:00,11.5
EA,NORWICH,EMERGENCY,ENG021,Rachel Davies,Mark Booker,W5605688,EM,R2,2026-05-27 10:15:00,2026-05-27 17:15:00,07:00:00,7.0
SE,BRIGHTON,EMERGENCY,ENG033,Julie Price,Pat Nolan,W5605689,IR,M1,2026-05-23 06:46:00,2026-05-23 20:46:00,14:00:00,14.0
SE,CROYDON,ROUTINE,ENG033,Julie Price,Pat Nolan,W5605690,RO,E1,2026-05-21 10:21:00,2026-05-21 22:09:00,11:48:00,11.8
NT,LINCOLN,REPAIR,ENG060,Barry Noon,Sue Holt,W5605691,ME,M2,2026-05-22 10:15:00,2026-05-22 23:21:00,13:06:00,13.1
SC,INVERNESS,EMERGENCY,ENG005,Fiona Cameron,Gordon Shaw,W5605692,EM,R2,2026-05-27 11:16:00,2026-05-27 21:16:00,10:00:00,10.0
SE,CROYDON,EMERGENCY,ENG032,Colin James,Pat Nolan,W5605693,IR,R2,2026-05-26 06:39:00,2026-05-26 20:33:00,13:54:00,13.9
NE,NEWCASTLE,INSPECTION,ENG070,Janet Robb,Bill Tyne,W5605694,EM,E2,2026-05-27 06:11:00,2026-05-27 18:41:00,12:30:00,12.5
NE,GATESHEAD,EMERGENCY,ENG070,Janet Robb,Bill Tyne,W5605695,ME,E1,2026-05-26 08:32:00,2026-05-26 13:32:00,05:00:00,5.0
SC,STIRLING,REPAIR,ENG001,John MacDonald,Steven Leckie,W5605696,ME,E1,2026-05-25 11:38:00,2026-05-26 02:14:00,14:36:00,14.6
EA,CAMBRIDGE,METERING,ENG023,Sharon King,Anne Foster,W5605697,RO,M1,2026-05-26 11:59:00,2026-05-26 20:59:00,09:00:00,9.0
NE,NEWCASTLE,INSPECTION,ENG071,Alan Shaw,Bill Tyne,W5605698,RO,M2,2026-05-21 11:58:00,2026-05-21 16:28:00,04:30:00,4.5
EA,LUTON,METERING,ENG020,Mark Holloway,Mark Booker,W5605699,ME,M2,2026-05-23 11:06:00,2026-05-23 23:30:00,12:24:00,12.4
SE,BRIGHTON,ROUTINE,ENG032,Colin James,Pat Nolan,W5605700,MR,E1,2026-05-25 08:25:00,2026-05-25 22:25:00,14:00:00,14.0
EA,NORWICH,REPAIR,ENG021,Rachel Davies,Mark Booker,W5605701,ME,E1,2026-05-22 09:48:00,2026-05-22 19:06:00,09:18:00,9.3
SO,PORTSMOUTH,ROUTINE,ENG051,Wendy Nash,Phil Russell,W5605702,ME,R2,2026-05-26 08:46:00,2026-05-26 16:10:00,07:24:00,7.4
SO,BOURNEMOUTH,EMERGENCY,ENG051,Wendy Nash,Phil Russell,W5605703,EM,E2,2026-05-24 11:18:00,2026-05-24 16:30:00,05:12:00,5.2
WM,WOLVERHAMPTON,REPAIR,ENG041,Una Cowling,Mark Reygate,W5605704,EM,M1,2026-05-23 08:27:00,2026-05-23 21:03:00,12:36:00,12.6
WM,COVENTRY,REPAIR,ENG042,Steve Frost,Mark Reygate,W5605705,EM,R1,2026-05-24 08:00:00,2026-05-24 10:48:00,02:48:00,2.8
SO,SALISBURY,EMERGENCY,ENG052,Chris Lamb,Phil Russell,W5605706,RO,M1,2026-05-23 06:45:00,2026-05-23 16:39:00,09:54:00,9.9
SO,BASINGSTOKE,EMERGENCY,ENG051,Wendy Nash,Phil Russell,W5605707,ME,E1,2026-05-22 11:16:00,2026-05-22 13:28:00,02:12:00,2.2
EA,NORWICH,ROUTINE,ENG022,Peter Wong,Mark Booker,W5605708,MR,R2,2026-05-24 11:21:00,2026-05-25 02:51:00,15:30:00,15.5
SO,BOURNEMOUTH,INSPECTION,ENG051,Wendy Nash,Phil Russell,W5605709,MR,M2,2026-05-27 07:42:00,2026-05-27 19:48:00,12:06:00,12.1
EA,NORWICH,EMERGENCY,ENG023,Sharon King,Anne Foster,W5605710,ME,M2,2026-05-26 07:57:00,2026-05-26 20:27:00,12:30:00,12.5
NW,LIVERPOOL,INSPECTION,ENG011,Karen Simmons,Gary Williams,W5605711,ME,R2,2026-05-23 07:56:00,2026-05-23 14:26:00,06:30:00,6.5
NE,GATESHEAD,REPAIR,ENG071,Alan Shaw,Bill Tyne,W5605712,ME,R1,2026-05-25 10:03:00,2026-05-26 01:33:00,15:30:00,15.5
NW,MANCHESTER,INSPECTION,ENG013,Helen Morris,Dave Clarke,W5605713,IR,M1,2026-05-23 06:54:00,2026-05-23 20:30:00,13:36:00,13.6
SO,PORTSMOUTH,ROUTINE,ENG050,Phil Hodgkins,Phil Russell,W5605714,MR,M2,2026-05-27 11:06:00,2026-05-27 14:30:00,03:24:00,3.4
NT,MANSFIELD,METERING,ENG061,Cathy Dean,Sue Holt,W5605715,MR,E2,2026-05-26 06:35:00,2026-05-26 20:17:00,13:42:00,13.7
SO,PORTSMOUTH,EMERGENCY,ENG050,Phil Hodgkins,Phil Russell,W5605716,ME,R2,2026-05-26 11:33:00,2026-05-26 17:21:00,05:48:00,5.8
EA,PETERBOROUGH,ROUTINE,ENG023,Sharon King,Anne Foster,W5605717,ME,E1,2026-05-27 11:23:00,2026-05-27 14:47:00,03:24:00,3.4
NE,GATESHEAD,ROUTINE,ENG071,Alan Shaw,Bill Tyne,W5605718,ME,R1,2026-05-26 10:02:00,2026-05-26 20:02:00,10:00:00,10.0
SE,MAIDSTONE,ROUTINE,ENG030,Stuart Porter,Ray Ingram,W5605719,IR,E1,2026-05-26 09:39:00,2026-05-26 19:39:00,10:00:00,10.0
NT,MANSFIELD,INSPECTION,ENG062,Fred Archer,Sue Holt,W5605720,RO,E2,2026-05-27 08:06:00,2026-05-27 19:42:00,11:36:00,11.6
NT,NOTTINGHAM,INSPECTION,ENG061,Cathy Dean,Sue Holt,W5605721,IR,E1,2026-05-21 09:27:00,2026-05-21 15:15:00,05:48:00,5.8
SC,DUNDEE,ROUTINE,ENG002,Alistair Fraser,Steven Leckie,W5605722,RO,E2,2026-05-24 06:13:00,2026-05-24 17:13:00,11:00:00,11.0
WM,BIRMINGHAM,ROUTINE,ENG041,Una Cowling,Mark Reygate,W5605723,RO,E1,2026-05-24 09:53:00,2026-05-24 23:35:00,13:42:00,13.7
SE,MAIDSTONE,EMERGENCY,ENG033,Julie Price,Pat Nolan,W5605724,RO,E2,2026-05-27 09:33:00,2026-05-27 16:39:00,07:06:00,7.1
NW,LIVERPOOL,EMERGENCY,ENG014,Alan Sharp,Dave Clarke,W5605725,EM,M1,2026-05-24 07:49:00,2026-05-24 15:19:00,07:30:00,7.5
NT,LINCOLN,INSPECTION,ENG060,Barry Noon,Sue Holt,W5605726,EM,E2,2026-05-21 10:41:00,2026-05-21 22:41:00,12:00:00,12.0
EA,CAMBRIDGE,EMERGENCY,ENG020,Mark Holloway,Mark Booker,W5605727,IR,E2,2026-05-26 07:47:00,2026-05-26 21:35:00,13:48:00,13.8
WM,BIRMINGHAM,INSPECTION,ENG043,Diane Hunt,Tom Avery,W5605728,ME,R1,2026-05-27 09:37:00,2026-05-27 11:55:00,02:18:00,2.3
SO,BASINGSTOKE,INSPECTION,ENG051,Wendy Nash,Phil Russell,W5605729,MR,E1,2026-05-23 06:20:00,2026-05-23 20:44:00,14:24:00,14.4
WM,COVENTRY,INSPECTION,ENG042,Steve Frost,Mark Reygate,W5605730,RO,E2,2026-05-27 08:14:00,2026-05-27 12:32:00,04:18:00,4.3
NT,LINCOLN,EMERGENCY,ENG061,Cathy Dean,Sue Holt,W5605731,RO,R2,2026-05-27 09:09:00,2026-05-27 12:09:00,03:00:00,3.0
SE,MAIDSTONE,REPAIR,ENG033,Julie Price,Pat Nolan,W5605732,ME,M2,2026-05-26 07:52:00,2026-05-26 18:40:00,10:48:00,10.8
NE,NEWCASTLE,INSPECTION,ENG070,Janet Robb,Bill Tyne,W5605733,ME,R1,2026-05-21 11:08:00,2026-05-21 16:26:00,05:18:00,5.3
SO,PORTSMOUTH,INSPECTION,ENG052,Chris Lamb,Phil Russell,W5605734,IR,R2,2026-05-27 07:11:00,2026-05-27 09:17:00,02:06:00,2.1
WM,WALSALL,METERING,ENG042,Steve Frost,Mark Reygate,W5605735,ME,E1,2026-05-23 11:14:00,2026-05-24 02:44:00,15:30:00,15.5
WM,WOLVERHAMPTON,METERING,ENG040,Wayne Edwards,Mark Reygate,W5605736,RO,E1,2026-05-27 11:19:00,2026-05-28 03:13:00,15:54:00,15.9
NE,DURHAM,REPAIR,ENG070,Janet Robb,Bill Tyne,W5605737,ME,E2,2026-05-21 11:58:00,2026-05-21 14:16:00,02:18:00,2.3
WM,STOKE,ROUTINE,ENG040,Wayne Edwards,Mark Reygate,W5605738,ME,M2,2026-05-24 09:39:00,2026-05-24 14:57:00,05:18:00,5.3
NT,DERBY,REPAIR,ENG060,Barry Noon,Sue Holt,W5605739,ME,R2,2026-05-23 06:50:00,2026-05-23 20:26:00,13:36:00,13.6
WM,DUDLEY,REPAIR,ENG042,Steve Frost,Mark Reygate,W5605740,IR,R1,2026-05-27 09:01:00,2026-05-28 00:49:00,15:48:00,15.8
EA,LUTON,EMERGENCY,ENG021,Rachel Davies,Mark Booker,W5605741,EM,M2,2026-05-21 08:01:00,2026-05-21 18:37:00,10:36:00,10.6
NW,STOCKPORT,METERING,ENG011,Karen Simmons,Gary Williams,W5605742,IR,E2,2026-05-27 07:56:00,2026-05-27 22:50:00,14:54:00,14.9
SC,INVERNESS,METERING,ENG003,Catriona Stewart,Graham Loan,W5605743,MR,R2,2026-05-25 10:38:00,2026-05-25 13:26:00,02:48:00,2.8
EA,PETERBOROUGH,EMERGENCY,ENG022,Peter Wong,Mark Booker,W5605744,IR,M1,2026-05-27 10:57:00,2026-05-27 18:09:00,07:12:00,7.2
SO,BOURNEMOUTH,INSPECTION,ENG050,Phil Hodgkins,Phil Russell,W5605745,IR,E1,2026-05-26 08:53:00,2026-05-26 21:53:00,13:00:00,13.0
NW,LIVERPOOL,REPAIR,ENG012,Brian Cook,Gary Williams,W5605746,IR,R2,2026-05-24 11:56:00,2026-05-24 21:38:00,09:42:00,9.7
NE,GATESHEAD,ROUTINE,ENG072,Liz Cooke,Bill Tyne,W5605747,RO,M2,2026-05-23 08:43:00,2026-05-23 14:13:00,05:30:00,5.5
SE,MAIDSTONE,REPAIR,ENG031,Tracey McIntyre,Ray Ingram,W5605748,RO,M2,2026-05-26 09:16:00,2026-05-26 14:10:00,04:54:00,4.9
EA,CAMBRIDGE,REPAIR,ENG021,Rachel Davies,Mark Booker,W5605749,RO,E1,2026-05-23 09:32:00,2026-05-23 14:20:00,04:48:00,4.8
WM,COVENTRY,ROUTINE,ENG042,Steve Frost,Mark Reygate,W5605750,IR,E2,2026-05-21 10:52:00,2026-05-21 23:40:00,12:48:00,12.8
EA,BEDFORD,EMERGENCY,ENG022,Peter Wong,Mark Booker,W5605751,ME,M1,2026-05-24 09:10:00,2026-05-24 23:16:00,14:06:00,14.1
EA,PETERBOROUGH,ROUTINE,ENG020,Mark Holloway,Mark Booker,W5605752,EM,R2,2026-05-25 11:21:00,2026-05-25 13:45:00,02:24:00,2.4
WM,WOLVERHAMPTON,METERING,ENG043,Diane Hunt,Tom Avery,W5605753,EM,M1,2026-05-23 09:18:00,2026-05-23 19:18:00,10:00:00,10.0
NT,NOTTINGHAM,METERING,ENG062,Fred Archer,Sue Holt,W5605754,RO,M1,2026-05-26 06:38:00,2026-05-26 20:02:00,13:24:00,13.4
WM,COVENTRY,ROUTINE,ENG041,Una Cowling,Mark Reygate,W5605755,ME,R1,2026-05-23 10:38:00,2026-05-24 02:14:00,15:36:00,15.6
NW,BOLTON,EMERGENCY,ENG010,Paul Dawson,Gary Williams,W5605756,EM,R1,2026-05-22 07:58:00,2026-05-22 20:28:00,12:30:00,12.5
EA,PETERBOROUGH,METERING,ENG021,Rachel Davies,Mark Booker,W5605757,MR,E2,2026-05-24 06:00:00,2026-05-24 09:42:00,03:42:00,3.7
NW,STOCKPORT,ROUTINE,ENG013,Helen Morris,Dave Clarke,W5605758,EM,R2,2026-05-25 08:25:00,2026-05-25 11:19:00,02:54:00,2.9
SC,PERTH,EMERGENCY,ENG006,Kevin McAllister,Gordon Shaw,W5605759,EM,E2,2026-05-21 07:21:00,2026-05-21 09:27:00,02:06:00,2.1
NE,SUNDERLAND,INSPECTION,ENG071,Alan Shaw,Bill Tyne,W5605760,IR,R2,2026-05-27 08:45:00,2026-05-27 21:15:00,12:30:00,12.5
EA,CAMBRIDGE,METERING,ENG022,Peter Wong,Mark Booker,W5605761,RO,R2,2026-05-23 11:58:00,2026-05-24 01:46:00,13:48:00,13.8
SO,BOURNEMOUTH,REPAIR,ENG052,Chris Lamb,Phil Russell,W5605762,RO,E2,2026-05-21 08:37:00,2026-05-21 19:01:00,10:24:00,10.4
NT,DERBY,REPAIR,ENG060,Barry Noon,Sue Holt,W5605763,ME,R2,2026-05-25 10:14:00,2026-05-25 16:26:00,06:12:00,6.2
SO,BASINGSTOKE,INSPECTION,ENG052,Chris Lamb,Phil Russell,W5605764,ME,M2,2026-05-21 08:01:00,2026-05-21 10:49:00,02:48:00,2.8
NW,BOLTON,ROUTINE,ENG014,Alan Sharp,Dave Clarke,W5605765,EM,E1,2026-05-23 10:57:00,2026-05-23 13:45:00,02:48:00,2.8
SO,SOUTHAMPTON,ROUTINE,ENG051,Wendy Nash,Phil Russell,W5605766,MR,M2,2026-05-21 11:17:00,2026-05-21 15:05:00,03:48:00,3.8
NW,WIGAN,EMERGENCY,ENG012,Brian Cook,Gary Williams,W5605767,RO,E2,2026-05-26 07:52:00,2026-05-26 18:10:00,10:18:00,10.3
WM,STOKE,EMERGENCY,ENG043,Diane Hunt,Tom Avery,W5605768,EM,E2,2026-05-22 09:25:00,2026-05-22 13:31:00,04:05:59,4.1
NE,NEWCASTLE,INSPECTION,ENG070,Janet Robb,Bill Tyne,W5605769,IR,E2,2026-05-21 08:31:00,2026-05-21 22:25:00,13:54:00,13.9
SO,BOURNEMOUTH,EMERGENCY,ENG051,Wendy Nash,Phil Russell,W5605770,ME,E2,2026-05-26 10:23:00,2026-05-26 20:41:00,10:18:00,10.3
NT,DERBY,ROUTINE,ENG061,Cathy Dean,Sue Holt,W5605771,ME,R2,2026-05-22 08:37:00,2026-05-22 11:01:00,02:24:00,2.4
SE,GUILDFORD,ROUTINE,ENG033,Julie Price,Pat Nolan,W5605772,RO,R2,2026-05-24 06:55:00,2026-05-24 14:13:00,07:18:00,7.3
SE,EASTBOURNE,EMERGENCY,ENG031,Tracey McIntyre,Ray Ingram,W5605773,MR,M1,2026-05-25 10:57:00,2026-05-25 13:57:00,03:00:00,3.0
SO,BASINGSTOKE,INSPECTION,ENG051,Wendy Nash,Phil Russell,W5605774,IR,E2,2026-05-21 11:15:00,2026-05-21 14:03:00,02:48:00,2.8
NW,BOLTON,METERING,ENG013,Helen Morris,Dave Clarke,W5605775,EM,M1,2026-05-22 11:51:00,2026-05-23 03:33:00,15:42:00,15.7
WM,WALSALL,REPAIR,ENG043,Diane Hunt,Tom Avery,W5605776,EM,M2,2026-05-27 07:32:00,2026-05-27 12:26:00,04:54:00,4.9
NT,LEICESTER,ROUTINE,ENG062,Fred Archer,Sue Holt,W5605777,IR,R1,2026-05-24 07:36:00,2026-05-24 14:42:00,07:06:00,7.1
NW,BLACKBURN,REPAIR,ENG012,Brian Cook,Gary Williams,W5605778,MR,E2,2026-05-24 11:49:00,2026-05-24 23:55:00,12:06:00,12.1
SE,GUILDFORD,EMERGENCY,ENG032,Colin James,Pat Nolan,W5605779,EM,E2,2026-05-21 11:21:00,2026-05-21 16:03:00,04:42:00,4.7
SE,CROYDON,REPAIR,ENG033,Julie Price,Pat Nolan,W5605780,ME,M1,2026-05-26 10:47:00,2026-05-27 00:53:00,14:06:00,14.1
SE,BRIGHTON,REPAIR,ENG032,Colin James,Pat Nolan,W5605781,IR,E2,2026-05-25 08:29:00,2026-05-25 11:23:00,02:54:00,2.9
EA,LUTON,EMERGENCY,ENG020,Mark Holloway,Mark Booker,W5605782,IR,M2,2026-05-23 11:35:00,2026-05-23 18:17:00,06:42:00,6.7
EA,PETERBOROUGH,ROUTINE,ENG020,Mark Holloway,Mark Booker,W5605783,IR,M1,2026-05-26 09:53:00,2026-05-26 16:29:00,06:36:00,6.6
SE,BRIGHTON,INSPECTION,ENG030,Stuart Porter,Ray Ingram,W5605784,EM,E2,2026-05-23 11:51:00,2026-05-23 18:27:00,06:36:00,6.6
NT,LINCOLN,REPAIR,ENG062,Fred Archer,Sue Holt,W5605785,IR,R2,2026-05-24 10:20:00,2026-05-24 20:56:00,10:36:00,10.6
EA,IPSWICH,REPAIR,ENG022,Peter Wong,Mark Booker,W5605786,MR,E1,2026-05-26 06:55:00,2026-05-26 09:49:00,02:54:00,2.9
NE,DURHAM,EMERGENCY,ENG072,Liz Cooke,Bill Tyne,W5605787,MR,R1,2026-05-25 09:02:00,2026-05-25 12:02:00,03:00:00,3.0
SC,PERTH,INSPECTION,ENG002,Alistair Fraser,Steven Leckie,W5605788,MR,R2,2026-05-21 10:16:00,2026-05-21 15:40:00,05:24:00,5.4
WM,BIRMINGHAM,REPAIR,ENG043,Diane Hunt,Tom Avery,W5605789,RO,E1,2026-05-24 10:58:00,2026-05-24 19:34:00,08:36:00,8.6
NT,MANSFIELD,ROUTINE,ENG060,Barry Noon,Sue Holt,W5605790,ME,E1,2026-05-22 08:15:00,2026-05-22 14:39:00,06:24:00,6.4
SO,PORTSMOUTH,ROUTINE,ENG052,Chris Lamb,Phil Russell,W5605791,EM,R1,2026-05-23 09:48:00,2026-05-23 18:30:00,08:41:59,8.7
NW,WIGAN,METERING,ENG010,Paul Dawson,Gary Williams,W5605792,RO,E2,2026-05-24 10:55:00,2026-05-24 20:55:00,10:00:00,10.0
NT,MANSFIELD,EMERGENCY,ENG062,Fred Archer,Sue Holt,W5605793,RO,E2,2026-05-25 11:23:00,2026-05-25 22:05:00,10:42:00,10.7
SC,DUNDEE,EMERGENCY,ENG005,Fiona Cameron,Gordon Shaw,W5605794,ME,E1,2026-05-23 11:30:00,2026-05-23 17:18:00,05:48:00,5.8
NT,MANSFIELD,REPAIR,ENG061,Cathy Dean,Sue Holt,W5605795,MR,R1,2026-05-26 07:56:00,2026-05-26 16:44:00,08:48:00,8.8
NE,GATESHEAD,ROUTINE,ENG071,Alan Shaw,Bill Tyne,W5605796,MR,E1,2026-05-24 08:36:00,2026-05-24 14:12:00,05:36:00,5.6
SE,MAIDSTONE,INSPECTION,ENG033,Julie Price,Pat Nolan,W5605797,IR,E2,2026-05-25 11:09:00,2026-05-26 00:45:00,13:36:00,13.6
SO,SALISBURY,ROUTINE,ENG051,Wendy Nash,Phil Russell,W5605798,RO,E1,2026-05-25 06:20:00,2026-05-25 09:32:00,03:12:00,3.2
NE,GATESHEAD,ROUTINE,ENG070,Janet Robb,Bill Tyne,W5605799,EM,R1,2026-05-23 11:56:00,2026-05-24 02:38:00,14:42:00,14.7
NT,DERBY,EMERGENCY,ENG061,Cathy Dean,Sue Holt,W5605800,RO,M1,2026-05-27 07:07:00,2026-05-27 10:37:00,03:30:00,3.5
NT,DERBY,INSPECTION,ENG062,Fred Archer,Sue Holt,W5605801,ME,R1,2026-05-26 11:40:00,2026-05-27 00:52:00,13:12:00,13.2
WM,WOLVERHAMPTON,EMERGENCY,ENG041,Una Cowling,Mark Reygate,W5605802,ME,M2,2026-05-23 07:34:00,2026-05-23 15:34:00,08:00:00,8.0
SE,BRIGHTON,EMERGENCY,ENG032,Colin James,Pat Nolan,W5605803,MR,M1,2026-05-21 09:35:00,2026-05-21 21:41:00,12:06:00,12.1
WM,STOKE,METERING,ENG040,Wayne Edwards,Mark Reygate,W5605804,ME,E1,2026-05-25 09:24:00,2026-05-25 12:42:00,03:18:00,3.3
SC,GLASGOW,REPAIR,ENG003,Catriona Stewart,Graham Loan,W5605805,IR,R2,2026-05-23 07:55:00,2026-05-23 23:01:00,15:06:00,15.1
SC,GLASGOW,METERING,ENG005,Fiona Cameron,Gordon Shaw,W5605806,RO,E2,2026-05-27 07:15:00,2026-05-27 21:33:00,14:18:00,14.3
NW,WARRINGTON,METERING,ENG011,Karen Simmons,Gary Williams,W5605807,RO,M1,2026-05-23 08:15:00,2026-05-23 17:57:00,09:42:00,9.7
SO,BOURNEMOUTH,INSPECTION,ENG051,Wendy Nash,Phil Russell,W5605808,ME,M2,2026-05-24 09:08:00,2026-05-24 21:02:00,11:54:00,11.9
NW,BOLTON,METERING,ENG012,Brian Cook,Gary Williams,W5605809,ME,E1,2026-05-26 07:33:00,2026-05-26 12:51:00,05:18:00,5.3
EA,IPSWICH,ROUTINE,ENG021,Rachel Davies,Mark Booker,W5605810,IR,M2,2026-05-25 06:28:00,2026-05-25 11:40:00,05:12:00,5.2
NW,WIGAN,REPAIR,ENG012,Brian Cook,Gary Williams,W5605811,IR,E1,2026-05-23 11:37:00,2026-05-24 03:13:00,15:36:00,15.6
NT,LEICESTER,INSPECTION,ENG062,Fred Archer,Sue Holt,W5605812,MR,R2,2026-05-27 10:01:00,2026-05-27 17:19:00,07:18:00,7.3
NW,BLACKBURN,ROUTINE,ENG012,Brian Cook,Gary Williams,W5605813,IR,M1,2026-05-26 08:13:00,2026-05-26 13:07:00,04:54:00,4.9
SE,MAIDSTONE,EMERGENCY,ENG033,Julie Price,Pat Nolan,W5605814,ME,R1,2026-05-25 09:43:00,2026-05-25 13:31:00,03:48:00,3.8
NT,MANSFIELD,ROUTINE,ENG062,Fred Archer,Sue Holt,W5605815,MR,M2,2026-05-22 06:02:00,2026-05-22 17:44:00,11:42:00,11.7
NE,DURHAM,INSPECTION,ENG072,Liz Cooke,Bill Tyne,W5605816,RO,M2,2026-05-27 07:06:00,2026-05-27 17:06:00,10:00:00,10.0
WM,DUDLEY,ROUTINE,ENG043,Diane Hunt,Tom Avery,W5605817,ME,R2,2026-05-25 06:05:00,2026-05-25 19:17:00,13:12:00,13.2
NW,BLACKBURN,EMERGENCY,ENG014,Alan Sharp,Dave Clarke,W5605818,MR,M1,2026-05-21 08:49:00,2026-05-21 21:49:00,13:00:00,13.0
SC,STIRLING,REPAIR,ENG003,Catriona Stewart,Graham Loan,W5605819,RO,R1,2026-05-25 10:50:00,2026-05-25 17:02:00,06:12:00,6.2
SO,SOUTHAMPTON,REPAIR,ENG050,Phil Hodgkins,Phil Russell,W5605820,RO,R2,2026-05-22 10:59:00,2026-05-22 22:05:00,11:06:00,11.1
SC,EDINBURGH,EMERGENCY,ENG005,Fiona Cameron,Gordon Shaw,W5605821,RO,R2,2026-05-22 10:46:00,2026-05-23 01:28:00,14:42:00,14.7
SC,PAISLEY,ROUTINE,ENG003,Catriona Stewart,Graham Loan,W5605822,IR,R1,2026-05-22 09:04:00,2026-05-22 17:22:00,08:18:00,8.3
NE,MIDDLESBROUGH,REPAIR,ENG071,Alan Shaw,Bill Tyne,W5605823,ME,R1,2026-05-21 11:25:00,2026-05-21 17:01:00,05:36:00,5.6
SC,DUNDEE,METERING,ENG003,Catriona Stewart,Graham Loan,W5605824,ME,M1,2026-05-27 10:10:00,2026-05-28 00:58:00,14:48:00,14.8
EA,BEDFORD,REPAIR,ENG022,Peter Wong,Mark Booker,W5605825,IR,R2,2026-05-21 09:59:00,2026-05-21 17:47:00,07:48:00,7.8
WM,STOKE,EMERGENCY,ENG042,Steve Frost,Mark Reygate,W5605826,RO,E1,2026-05-25 09:17:00,2026-05-25 14:17:00,05:00:00,5.0
SE,EASTBOURNE,EMERGENCY,ENG033,Julie Price,Pat Nolan,W5605827,ME,E2,2026-05-22 08:50:00,2026-05-22 22:08:00,13:18:00,13.3
NT,LINCOLN,METERING,ENG062,Fred Archer,Sue Holt,W5605828,ME,E2,2026-05-22 06:55:00,2026-05-22 12:43:00,05:48:00,5.8
EA,BEDFORD,ROUTINE,ENG022,Peter Wong,Mark Booker,W5605829,RO,E1,2026-05-23 10:56:00,2026-05-24 00:08:00,13:12:00,13.2
SC,PERTH,ROUTINE,ENG004,Douglas Reid,Graham Loan,W5605830,RO,R1,2026-05-23 10:57:00,2026-05-23 22:45:00,11:48:00,11.8
NW,STOCKPORT,ROUTINE,ENG010,Paul Dawson,Gary Williams,W5605831,IR,R1,2026-05-21 06:30:00,2026-05-21 21:42:00,15:12:00,15.2
SO,BOURNEMOUTH,ROUTINE,ENG050,Phil Hodgkins,Phil Russell,W5605832,MR,R1,2026-05-25 06:39:00,2026-05-25 16:21:00,09:42:00,9.7
SE,HORSHAM,REPAIR,ENG032,Colin James,Pat Nolan,W5605833,EM,M1,2026-05-26 08:11:00,2026-05-26 14:17:00,06:06:00,6.1
EA,PETERBOROUGH,EMERGENCY,ENG020,Mark Holloway,Mark Booker,W5605834,EM,R1,2026-05-21 09:11:00,2026-05-21 17:23:00,08:11:59,8.2
NW,WARRINGTON,REPAIR,ENG011,Karen Simmons,Gary Williams,W5605835,EM,R1,2026-05-23 10:52:00,2026-05-23 22:58:00,12:06:00,12.1
SE,HORSHAM,ROUTINE,ENG030,Stuart Porter,Ray Ingram,W5605836,MR,R2,2026-05-26 06:41:00,2026-05-26 21:47:00,15:06:00,15.1
SE,CROYDON,METERING,ENG032,Colin James,Pat Nolan,W5605837,RO,E2,2026-05-26 09:37:00,2026-05-26 17:01:00,07:24:00,7.4
EA,PETERBOROUGH,METERING,ENG022,Peter Wong,Mark Booker,W5605838,MR,R1,2026-05-23 08:38:00,2026-05-23 16:56:00,08:18:00,8.3
EA,CAMBRIDGE,EMERGENCY,ENG022,Peter Wong,Mark Booker,W5605839,MR,E1,2026-05-24 09:38:00,2026-05-24 18:08:00,08:30:00,8.5
NW,BOLTON,EMERGENCY,ENG014,Alan Sharp,Dave Clarke,W5605840,EM,E2,2026-05-26 11:56:00,2026-05-26 22:38:00,10:42:00,10.7
SE,EASTBOURNE,EMERGENCY,ENG032,Colin James,Pat Nolan,W5605841,EM,R2,2026-05-21 11:45:00,2026-05-21 19:03:00,07:18:00,7.3
SO,PORTSMOUTH,METERING,ENG050,Phil Hodgkins,Phil Russell,W5605842,ME,R1,2026-05-24 09:36:00,2026-05-24 23:00:00,13:24:00,13.4
SE,HORSHAM,REPAIR,ENG030,Stuart Porter,Ray Ingram,W5605843,ME,R2,2026-05-26 11:02:00,2026-05-26 13:26:00,02:24:00,2.4
SC,ABERDEEN,EMERGENCY,ENG006,Kevin McAllister,Gordon Shaw,W5605844,IR,E1,2026-05-26 11:37:00,2026-05-26 17:25:00,05:48:00,5.8
NT,LEICESTER,REPAIR,ENG061,Cathy Dean,Sue Holt,W5605845,EM,M1,2026-05-24 09:58:00,2026-05-25 01:46:00,15:48:00,15.8
SO,SOUTHAMPTON,METERING,ENG050,Phil Hodgkins,Phil Russell,W5605846,EM,E2,2026-05-23 11:42:00,2026-05-23 17:30:00,05:48:00,5.8
SO,SOUTHAMPTON,METERING,ENG052,Chris Lamb,Phil Russell,W5605847,MR,R2,2026-05-24 09:54:00,2026-05-24 15:48:00,05:54:00,5.9
EA,BEDFORD,INSPECTION,ENG023,Sharon King,Anne Foster,W5605848,EM,M1,2026-05-25 11:36:00,2026-05-25 21:48:00,10:12:00,10.2
NW,MANCHESTER,ROUTINE,ENG014,Alan Sharp,Dave Clarke,W5605849,EM,E2,2026-05-27 07:29:00,2026-05-27 12:53:00,05:24:00,5.4
NT,LINCOLN,METERING,ENG062,Fred Archer,Sue Holt,W5605850,ME,E1,2026-05-25 10:25:00,2026-05-25 19:49:00,09:24:00,9.4
WM,WALSALL,EMERGENCY,ENG043,Diane Hunt,Tom Avery,W5605851,IR,M2,2026-05-27 06:57:00,2026-05-27 19:51:00,12:54:00,12.9
EA,BEDFORD,METERING,ENG022,Peter Wong,Mark Booker,W5605852,MR,R2,2026-05-21 10:15:00,2026-05-21 14:03:00,03:48:00,3.8
EA,NORWICH,METERING,ENG023,Sharon King,Anne Foster,W5605853,MR,E2,2026-05-22 09:38:00,2026-05-22 21:56:00,12:18:00,12.3
EA,IPSWICH,ROUTINE,ENG021,Rachel Davies,Mark Booker,W5605854,RO,M2,2026-05-27 06:40:00,2026-05-27 11:34:00,04:54:00,4.9
NW,WARRINGTON,EMERGENCY,ENG014,Alan Sharp,Dave Clarke,W5605855,IR,M2,2026-05-27 11:40:00,2026-05-27 22:10:00,10:30:00,10.5
NW,MANCHESTER,EMERGENCY,ENG010,Paul Dawson,Gary Williams,W5605856,ME,M1,2026-05-22 09:39:00,2026-05-22 18:09:00,08:30:00,8.5
NW,LIVERPOOL,METERING,ENG012,Brian Cook,Gary Williams,W5605857,EM,R2,2026-05-21 10:15:00,2026-05-21 13:33:00,03:18:00,3.3
SC,PERTH,REPAIR,ENG001,John MacDonald,Steven Leckie,W5605858,MR,R2,2026-05-26 07:13:00,2026-05-26 11:19:00,04:05:59,4.1
SC,EDINBURGH,REPAIR,ENG005,Fiona Cameron,Gordon Shaw,W5605859,EM,E2,2026-05-23 11:27:00,2026-05-23 23:33:00,12:06:00,12.1
NW,LIVERPOOL,METERING,ENG012,Brian Cook,Gary Williams,W5605860,EM,M2,2026-05-25 10:48:00,2026-05-25 23:42:00,12:54:00,12.9
SO,SOUTHAMPTON,METERING,ENG050,Phil Hodgkins,Phil Russell,W5605861,IR,E1,2026-05-26 06:50:00,2026-05-26 16:38:00,09:48:00,9.8
WM,WALSALL,INSPECTION,ENG042,Steve Frost,Mark Reygate,W5605862,IR,M1,2026-05-26 06:26:00,2026-05-26 18:26:00,12:00:00,12.0
EA,CAMBRIDGE,ROUTINE,ENG023,Sharon King,Anne Foster,W5605863,EM,R1,2026-05-23 06:49:00,2026-05-23 20:13:00,13:24:00,13.4
SE,GUILDFORD,ROUTINE,ENG031,Tracey McIntyre,Ray Ingram,W5605864,EM,E2,2026-05-26 07:03:00,2026-05-26 12:21:00,05:18:00,5.3
NT,NOTTINGHAM,METERING,ENG061,Cathy Dean,Sue Holt,W5605865,RO,E2,2026-05-21 08:40:00,2026-05-21 15:40:00,07:00:00,7.0
NW,WARRINGTON,INSPECTION,ENG011,Karen Simmons,Gary Williams,W5605866,MR,E1,2026-05-23 07:02:00,2026-05-23 21:50:00,14:48:00,14.8
SO,SOUTHAMPTON,REPAIR,ENG051,Wendy Nash,Phil Russell,W5605867,IR,E1,2026-05-22 09:16:00,2026-05-22 11:16:00,02:00:00,2.0
SE,HORSHAM,REPAIR,ENG033,Julie Price,Pat Nolan,W5605868,ME,R1,2026-05-23 11:51:00,2026-05-23 20:39:00,08:48:00,8.8
WM,WOLVERHAMPTON,REPAIR,ENG043,Diane Hunt,Tom Avery,W5605869,ME,M1,2026-05-25 09:14:00,2026-05-25 19:08:00,09:54:00,9.9
NW,WARRINGTON,REPAIR,ENG010,Paul Dawson,Gary Williams,W5605870,IR,M1,2026-05-24 09:54:00,2026-05-24 15:30:00,05:36:00,5.6
SC,EDINBURGH,INSPECTION,ENG005,Fiona Cameron,Gordon Shaw,W5605871,EM,M1,2026-05-23 10:47:00,2026-05-24 01:11:00,14:24:00,14.4
SC,INVERNESS,METERING,ENG004,Douglas Reid,Graham Loan,W5605872,MR,E2,2026-05-22 11:40:00,2026-05-22 23:16:00,11:36:00,11.6
SO,PORTSMOUTH,EMERGENCY,ENG050,Phil Hodgkins,Phil Russell,W5605873,RO,R2,2026-05-24 09:51:00,2026-05-24 12:27:00,02:36:00,2.6
NE,MIDDLESBROUGH,METERING,ENG072,Liz Cooke,Bill Tyne,W5605874,ME,M1,2026-05-21 10:13:00,2026-05-21 16:55:00,06:42:00,6.7
NW,WIGAN,METERING,ENG011,Karen Simmons,Gary Williams,W5605875,EM,M2,2026-05-22 09:38:00,2026-05-23 01:20:00,15:42:00,15.7
NT,DERBY,INSPECTION,ENG060,Barry Noon,Sue Holt,W5605876,IR,M2,2026-05-25 07:45:00,2026-05-25 13:33:00,05:48:00,5.8
WM,STOKE,INSPECTION,ENG041,Una Cowling,Mark Reygate,W5605877,RO,E1,2026-05-26 11:53:00,2026-05-26 16:23:00,04:30:00,4.5
NE,NEWCASTLE,ROUTINE,ENG070,Janet Robb,Bill Tyne,W5605878,ME,R1,2026-05-25 09:46:00,2026-05-25 13:52:00,04:05:59,4.1
WM,COVENTRY,INSPECTION,ENG042,Steve Frost,Mark Reygate,W5605879,ME,E1,2026-05-27 11:56:00,2026-05-27 15:56:00,04:00:00,4.0
WM,DUDLEY,INSPECTION,ENG043,Diane Hunt,Tom Avery,W5605880,EM,R2,2026-05-24 07:18:00,2026-05-24 22:06:00,14:48:00,14.8
SE,GUILDFORD,ROUTINE,ENG030,Stuart Porter,Ray Ingram,W5605881,RO,M1,2026-05-23 09:42:00,2026-05-23 13:30:00,03:48:00,3.8
NE,MIDDLESBROUGH,REPAIR,ENG072,Liz Cooke,Bill Tyne,W5605882,EM,R1,2026-05-24 10:01:00,2026-05-24 13:37:00,03:36:00,3.6
NE,MIDDLESBROUGH,REPAIR,ENG071,Alan Shaw,Bill Tyne,W5605883,ME,M2,2026-05-24 11:44:00,2026-05-24 17:14:00,05:30:00,5.5
SE,EASTBOURNE,REPAIR,ENG033,Julie Price,Pat Nolan,W5605884,RO,M1,2026-05-21 06:17:00,2026-05-21 22:17:00,16:00:00,16.0
EA,IPSWICH,EMERGENCY,ENG020,Mark Holloway,Mark Booker,W5605885,EM,M2,2026-05-23 06:13:00,2026-05-23 15:55:00,09:42:00,9.7
EA,CAMBRIDGE,METERING,ENG021,Rachel Davies,Mark Booker,W5605886,ME,R1,2026-05-26 08:21:00,2026-05-26 15:27:00,07:06:00,7.1
SC,STIRLING,REPAIR,ENG006,Kevin McAllister,Gordon Shaw,W5605887,MR,M2,2026-05-21 09:47:00,2026-05-21 19:17:00,09:30:00,9.5
SC,ABERDEEN,METERING,ENG002,Alistair Fraser,Steven Leckie,W5605888,IR,M2,2026-05-26 09:18:00,2026-05-26 18:54:00,09:36:00,9.6
NE,GATESHEAD,INSPECTION,ENG072,Liz Cooke,Bill Tyne,W5605889,ME,M1,2026-05-21 06:38:00,2026-05-21 17:26:00,10:48:00,10.8
SO,SALISBURY,REPAIR,ENG051,Wendy Nash,Phil Russell,W5605890,IR,R2,2026-05-21 08:23:00,2026-05-21 10:59:00,02:36:00,2.6
SO,BOURNEMOUTH,INSPECTION,ENG052,Chris Lamb,Phil Russell,W5605891,RO,E2,2026-05-23 06:29:00,2026-05-23 21:59:00,15:30:00,15.5
SE,BRIGHTON,REPAIR,ENG031,Tracey McIntyre,Ray Ingram,W5605892,MR,M1,2026-05-25 08:40:00,2026-05-25 21:46:00,13:06:00,13.1
NE,SUNDERLAND,EMERGENCY,ENG071,Alan Shaw,Bill Tyne,W5605893,ME,M1,2026-05-26 10:43:00,2026-05-26 15:37:00,04:54:00,4.9
SC,INVERNESS,METERING,ENG004,Douglas Reid,Graham Loan,W5605894,RO,R2,2026-05-26 06:42:00,2026-05-26 16:48:00,10:06:00,10.1
NE,DURHAM,METERING,ENG072,Liz Cooke,Bill Tyne,W5605895,ME,M1,2026-05-25 09:41:00,2026-05-25 22:11:00,12:30:00,12.5
NE,NEWCASTLE,ROUTINE,ENG071,Alan Shaw,Bill Tyne,W5605896,IR,M2,2026-05-26 09:44:00,2026-05-26 22:44:00,13:00:00,13.0
WM,COVENTRY,ROUTINE,ENG042,Steve Frost,Mark Reygate,W5605897,MR,M2,2026-05-22 10:33:00,2026-05-22 18:09:00,07:36:00,7.6
SE,CROYDON,METERING,ENG031,Tracey McIntyre,Ray Ingram,W5605898,MR,M1,2026-05-25 08:13:00,2026-05-25 19:43:00,11:30:00,11.5
SO,SOUTHAMPTON,INSPECTION,ENG050,Phil Hodgkins,Phil Russell,W5605899,MR,M1,2026-05-23 09:34:00,2026-05-23 16:22:00,06:48:00,6.8
NW,BOLTON,ROUTINE,ENG014,Alan Sharp,Dave Clarke,W5605900,ME,M1,2026-05-24 07:11:00,2026-05-24 19:53:00,12:42:00,12.7
SO,SALISBURY,INSPECTION,ENG050,Phil Hodgkins,Phil Russell,W5605901,IR,E2,2026-05-22 09:57:00,2026-05-22 15:03:00,05:06:00,5.1
NT,DERBY,EMERGENCY,ENG061,Cathy Dean,Sue Holt,W5605902,IR,M2,2026-05-23 11:45:00,2026-05-23 15:15:00,03:30:00,3.5
NE,NEWCASTLE,EMERGENCY,ENG070,Janet Robb,Bill Tyne,W5605903,EM,R1,2026-05-21 06:39:00,2026-05-21 19:39:00,13:00:00,13.0
NW,WARRINGTON,INSPECTION,ENG013,Helen Morris,Dave Clarke,W5605904,EM,M1,2026-05-27 09:01:00,2026-05-27 18:01:00,09:00:00,9.0
NE,SUNDERLAND,METERING,ENG072,Liz Cooke,Bill Tyne,W5605905,RO,M1,2026-05-25 09:51:00,2026-05-25 20:51:00,11:00:00,11.0
SE,MAIDSTONE,EMERGENCY,ENG033,Julie Price,Pat Nolan,W5605906,RO,M2,2026-05-22 09:44:00,2026-05-23 01:32:00,15:48:00,15.8
EA,NORWICH,EMERGENCY,ENG020,Mark Holloway,Mark Booker,W5605907,RO,R1,2026-05-24 09:47:00,2026-05-24 11:53:00,02:06:00,2.1
NE,DURHAM,ROUTINE,ENG070,Janet Robb,Bill Tyne,W5605908,IR,R1,2026-05-23 10:46:00,2026-05-23 18:16:00,07:30:00,7.5
NT,DERBY,ROUTINE,ENG060,Barry Noon,Sue Holt,W5605909,MR,M2,2026-05-21 10:12:00,2026-05-21 14:42:00,04:30:00,4.5
NT,NOTTINGHAM,METERING,ENG061,Cathy Dean,Sue Holt,W5605910,MR,R1,2026-05-27 11:31:00,2026-05-27 20:19:00,08:48:00,8.8
NT,NOTTINGHAM,INSPECTION,ENG062,Fred Archer,Sue Holt,W5605911,IR,R2,2026-05-22 09:13:00,2026-05-22 14:43:00,05:30:00,5.5
SE,HORSHAM,REPAIR,ENG033,Julie Price,Pat Nolan,W5605912,ME,M2,2026-05-23 11:42:00,2026-05-24 01:18:00,13:36:00,13.6
SE,BRIGHTON,EMERGENCY,ENG033,Julie Price,Pat Nolan,W5605913,ME,M1,2026-05-23 10:29:00,2026-05-23 23:47:00,13:18:00,13.3
NE,GATESHEAD,ROUTINE,ENG072,Liz Cooke,Bill Tyne,W5605914,EM,M1,2026-05-24 08:09:00,2026-05-24 11:09:00,03:00:00,3.0
EA,BEDFORD,METERING,ENG020,Mark Holloway,Mark Booker,W5605915,EM,E1,2026-05-23 08:26:00,2026-05-23 14:32:00,06:06:00,6.1
NT,MANSFIELD,REPAIR,ENG062,Fred Archer,Sue Holt,W5605916,IR,E1,2026-05-22 06:40:00,2026-05-22 10:28:00,03:48:00,3.8
WM,DUDLEY,ROUTINE,ENG041,Una Cowling,Mark Reygate,W5605917,RO,R1,2026-05-21 06:41:00,2026-05-21 21:53:00,15:12:00,15.2
SC,GLASGOW,INSPECTION,ENG004,Douglas Reid,Graham Loan,W5605918,RO,M2,2026-05-27 06:36:00,2026-05-27 12:00:00,05:24:00,5.4
SO,SALISBURY,REPAIR,ENG050,Phil Hodgkins,Phil Russell,W5605919,ME,E1,2026-05-26 06:19:00,2026-05-26 20:01:00,13:42:00,13.7
SC,GLASGOW,REPAIR,ENG005,Fiona Cameron,Gordon Shaw,W5605920,MR,R2,2026-05-21 07:07:00,2026-05-21 17:31:00,10:24:00,10.4
SO,BASINGSTOKE,ROUTINE,ENG052,Chris Lamb,Phil Russell,W5605921,EM,M1,2026-05-26 06:13:00,2026-05-26 15:37:00,09:24:00,9.4
SO,PORTSMOUTH,INSPECTION,ENG052,Chris Lamb,Phil Russell,W5605922,MR,M2,2026-05-22 11:04:00,2026-05-22 19:16:00,08:11:59,8.2
EA,NORWICH,REPAIR,ENG022,Peter Wong,Mark Booker,W5605923,EM,M2,2026-05-26 09:41:00,2026-05-26 20:17:00,10:36:00,10.6
NE,MIDDLESBROUGH,EMERGENCY,ENG070,Janet Robb,Bill Tyne,W5605924,ME,E1,2026-05-26 10:57:00,2026-05-26 19:03:00,08:06:00,8.1
NW,MANCHESTER,METERING,ENG014,Alan Sharp,Dave Clarke,W5605925,ME,R1,2026-05-21 06:47:00,2026-05-21 19:35:00,12:48:00,12.8
SO,SOUTHAMPTON,ROUTINE,ENG052,Chris Lamb,Phil Russell,W5605926,IR,R2,2026-05-25 06:22:00,2026-05-25 18:34:00,12:12:00,12.2
SC,STIRLING,INSPECTION,ENG005,Fiona Cameron,Gordon Shaw,W5605927,IR,E1,2026-05-26 11:37:00,2026-05-26 23:25:00,11:48:00,11.8
SE,EASTBOURNE,EMERGENCY,ENG031,Tracey McIntyre,Ray Ingram,W5605928,MR,E2,2026-05-24 10:20:00,2026-05-24 16:44:00,06:24:00,6.4
SC,EDINBURGH,METERING,ENG006,Kevin McAllister,Gordon Shaw,W5605929,MR,E1,2026-05-23 10:36:00,2026-05-23 14:54:00,04:18:00,4.3
NW,WARRINGTON,REPAIR,ENG012,Brian Cook,Gary Williams,W5605930,MR,R1,2026-05-22 11:29:00,2026-05-22 23:11:00,11:42:00,11.7
NE,GATESHEAD,ROUTINE,ENG072,Liz Cooke,Bill Tyne,W5605931,EM,R2,2026-05-22 08:20:00,2026-05-22 13:26:00,05:06:00,5.1
SO,PORTSMOUTH,REPAIR,ENG050,Phil Hodgkins,Phil Russell,W5605932,RO,E2,2026-05-24 07:23:00,2026-05-24 19:11:00,11:48:00,11.8
SE,BRIGHTON,ROUTINE,ENG032,Colin James,Pat Nolan,W5605933,EM,E2,2026-05-26 08:50:00,2026-05-26 18:20:00,09:30:00,9.5
NT,NOTTINGHAM,METERING,ENG061,Cathy Dean,Sue Holt,W5605934,RO,R1,2026-05-27 10:38:00,2026-05-27 19:14:00,08:36:00,8.6
EA,BEDFORD,METERING,ENG023,Sharon King,Anne Foster,W5605935,IR,R2,2026-05-24 11:58:00,2026-05-25 03:58:00,16:00:00,16.0
WM,STOKE,METERING,ENG043,Diane Hunt,Tom Avery,W5605936,IR,M1,2026-05-21 10:54:00,2026-05-21 22:36:00,11:42:00,11.7
SE,MAIDSTONE,METERING,ENG033,Julie Price,Pat Nolan,W5605937,IR,M1,2026-05-26 10:02:00,2026-05-26 12:50:00,02:48:00,2.8
NW,LIVERPOOL,REPAIR,ENG011,Karen Simmons,Gary Williams,W5605938,IR,E2,2026-05-24 11:18:00,2026-05-24 15:36:00,04:18:00,4.3
SO,BASINGSTOKE,EMERGENCY,ENG052,Chris Lamb,Phil Russell,W5605939,EM,R1,2026-05-22 11:09:00,2026-05-22 19:33:00,08:24:00,8.4
SC,EDINBURGH,INSPECTION,ENG005,Fiona Cameron,Gordon Shaw,W5605940,MR,R1,2026-05-26 06:26:00,2026-05-26 10:02:00,03:36:00,3.6
EA,NORWICH,METERING,ENG023,Sharon King,Anne Foster,W5605941,RO,M1,2026-05-22 11:05:00,2026-05-23 00:23:00,13:18:00,13.3
NW,WARRINGTON,INSPECTION,ENG013,Helen Morris,Dave Clarke,W5605942,ME,R1,2026-05-22 10:22:00,2026-05-22 20:46:00,10:24:00,10.4
NT,NOTTINGHAM,EMERGENCY,ENG060,Barry Noon,Sue Holt,W5605943,ME,E1,2026-05-21 06:55:00,2026-05-21 18:37:00,11:42:00,11.7
WM,BIRMINGHAM,ROUTINE,ENG041,Una Cowling,Mark Reygate,W5605944,MR,E2,2026-05-24 06:40:00,2026-05-24 12:04:00,05:24:00,5.4
NE,MIDDLESBROUGH,ROUTINE,ENG070,Janet Robb,Bill Tyne,W5605945,MR,R1,2026-05-27 07:34:00,2026-05-27 15:34:00,08:00:00,8.0
WM,WALSALL,REPAIR,ENG040,Wayne Edwards,Mark Reygate,W5605946,MR,M2,2026-05-23 07:03:00,2026-05-23 15:03:00,08:00:00,8.0
NE,NEWCASTLE,METERING,ENG070,Janet Robb,Bill Tyne,W5605947,EM,E2,2026-05-26 10:33:00,2026-05-26 13:51:00,03:18:00,3.3
NE,MIDDLESBROUGH,REPAIR,ENG071,Alan Shaw,Bill Tyne,W5605948,MR,R2,2026-05-23 09:39:00,2026-05-24 00:03:00,14:24:00,14.4
NE,NEWCASTLE,METERING,ENG071,Alan Shaw,Bill Tyne,W5605949,ME,R1,2026-05-27 07:43:00,2026-05-27 23:25:00,15:42:00,15.7
SO,BASINGSTOKE,EMERGENCY,ENG050,Phil Hodgkins,Phil Russell,W5605950,EM,R2,2026-05-25 09:12:00,2026-05-25 18:06:00,08:54:00,8.9
WM,COVENTRY,INSPECTION,ENG042,Steve Frost,Mark Reygate,W5605951,ME,R2,2026-05-21 06:41:00,2026-05-21 11:53:00,05:12:00,5.2
NW,MANCHESTER,ROUTINE,ENG012,Brian Cook,Gary Williams,W5605952,IR,R1,2026-05-22 08:59:00,2026-05-22 14:17:00,05:18:00,5.3
NT,LINCOLN,EMERGENCY,ENG061,Cathy Dean,Sue Holt,W5605953,RO,M1,2026-05-25 11:22:00,2026-05-25 18:46:00,07:24:00,7.4
NT,LEICESTER,METERING,ENG060,Barry Noon,Sue Holt,W5605954,MR,M2,2026-05-24 09:00:00,2026-05-25 00:42:00,15:42:00,15.7
SC,STIRLING,INSPECTION,ENG003,Catriona Stewart,Graham Loan,W5605955,RO,E2,2026-05-24 09:48:00,2026-05-24 20:48:00,11:00:00,11.0
SC,STIRLING,EMERGENCY,ENG004,Douglas Reid,Graham Loan,W5605956,RO,E2,2026-05-21 09:56:00,2026-05-21 14:26:00,04:30:00,4.5
NT,LINCOLN,REPAIR,ENG060,Barry Noon,Sue Holt,W5605957,EM,M2,2026-05-22 11:41:00,2026-05-22 21:59:00,10:18:00,10.3
SO,BOURNEMOUTH,REPAIR,ENG052,Chris Lamb,Phil Russell,W5605958,EM,E1,2026-05-21 06:36:00,2026-05-21 09:06:00,02:30:00,2.5
SC,STIRLING,REPAIR,ENG005,Fiona Cameron,Gordon Shaw,W5605959,IR,E2,2026-05-22 10:53:00,2026-05-23 00:41:00,13:48:00,13.8
NW,MANCHESTER,ROUTINE,ENG010,Paul Dawson,Gary Williams,W5605960,RO,E1,2026-05-25 09:23:00,2026-05-25 14:29:00,05:06:00,5.1
NW,STOCKPORT,METERING,ENG010,Paul Dawson,Gary Williams,W5605961,IR,M2,2026-05-24 06:24:00,2026-05-24 13:36:00,07:12:00,7.2
NT,MANSFIELD,METERING,ENG062,Fred Archer,Sue Holt,W5605962,IR,E2,2026-05-25 09:18:00,2026-05-25 22:12:00,12:54:00,12.9
NT,NOTTINGHAM,REPAIR,ENG060,Barry Noon,Sue Holt,W5605963,EM,E2,2026-05-27 07:45:00,2026-05-27 15:45:00,08:00:00,8.0
EA,NORWICH,EMERGENCY,ENG022,Peter Wong,Mark Booker,W5605964,EM,M1,2026-05-23 06:31:00,2026-05-23 08:55:00,02:24:00,2.4
SC,ABERDEEN,INSPECTION,ENG006,Kevin McAllister,Gordon Shaw,W5605965,MR,R1,2026-05-22 06:05:00,2026-05-22 09:59:00,03:54:00,3.9
SO,BOURNEMOUTH,METERING,ENG052,Chris Lamb,Phil Russell,W5605966,RO,M2,2026-05-27 08:33:00,2026-05-27 21:51:00,13:18:00,13.3
SE,GUILDFORD,METERING,ENG032,Colin James,Pat Nolan,W5605967,EM,R1,2026-05-21 07:47:00,2026-05-21 13:11:00,05:24:00,5.4
SC,PERTH,INSPECTION,ENG001,John MacDonald,Steven Leckie,W5605968,ME,R2,2026-05-21 07:31:00,2026-05-21 17:13:00,09:42:00,9.7
NW,STOCKPORT,REPAIR,ENG013,Helen Morris,Dave Clarke,W5605969,MR,E1,2026-05-22 07:38:00,2026-05-22 23:08:00,15:30:00,15.5
EA,NORWICH,METERING,ENG021,Rachel Davies,Mark Booker,W5605970,ME,E2,2026-05-27 10:58:00,2026-05-28 01:28:00,14:30:00,14.5
EA,BEDFORD,INSPECTION,ENG022,Peter Wong,Mark Booker,W5605971,MR,M1,2026-05-26 09:45:00,2026-05-26 11:57:00,02:12:00,2.2
WM,DUDLEY,REPAIR,ENG042,Steve Frost,Mark Reygate,W5605972,ME,M1,2026-05-26 10:07:00,2026-05-26 17:55:00,07:48:00,7.8
SO,BOURNEMOUTH,REPAIR,ENG052,Chris Lamb,Phil Russell,W5605973,RO,M1,2026-05-22 07:18:00,2026-05-22 12:24:00,05:06:00,5.1
EA,BEDFORD,EMERGENCY,ENG021,Rachel Davies,Mark Booker,W5605974,RO,R2,2026-05-27 08:03:00,2026-05-27 10:03:00,02:00:00,2.0
NE,DURHAM,METERING,ENG072,Liz Cooke,Bill Tyne,W5605975,MR,E2,2026-05-24 07:23:00,2026-05-24 22:11:00,14:48:00,14.8
SE,EASTBOURNE,INSPECTION,ENG030,Stuart Porter,Ray Ingram,W5605976,ME,E2,2026-05-21 10:10:00,2026-05-21 18:52:00,08:41:59,8.7
WM,WALSALL,EMERGENCY,ENG043,Diane Hunt,Tom Avery,W5605977,RO,M1,2026-05-27 09:21:00,2026-05-27 18:15:00,08:54:00,8.9
SE,BRIGHTON,METERING,ENG033,Julie Price,Pat Nolan,W5605978,IR,E1,2026-05-24 08:14:00,2026-05-24 12:44:00,04:30:00,4.5
SE,BRIGHTON,EMERGENCY,ENG032,Colin James,Pat Nolan,W5605979,EM,M2,2026-05-21 08:28:00,2026-05-21 18:22:00,09:54:00,9.9
NE,MIDDLESBROUGH,REPAIR,ENG071,Alan Shaw,Bill Tyne,W5605980,IR,E2,2026-05-26 08:59:00,2026-05-26 20:53:00,11:54:00,11.9
NT,DERBY,METERING,ENG060,Barry Noon,Sue Holt,W5605981,EM,E1,2026-05-27 10:15:00,2026-05-27 15:15:00,05:00:00,5.0
NT,NOTTINGHAM,INSPECTION,ENG062,Fred Archer,Sue Holt,W5605982,MR,R1,2026-05-26 10:26:00,2026-05-26 21:38:00,11:12:00,11.2
NT,MANSFIELD,REPAIR,ENG062,Fred Archer,Sue Holt,W5605983,EM,E2,2026-05-26 08:50:00,2026-05-26 11:02:00,02:12:00,2.2
WM,BIRMINGHAM,ROUTINE,ENG041,Una Cowling,Mark Reygate,W5605984,IR,M2,2026-05-23 09:00:00,2026-05-23 19:54:00,10:54:00,10.9
WM,DUDLEY,INSPECTION,ENG040,Wayne Edwards,Mark Reygate,W5605985,RO,M1,2026-05-24 10:21:00,2026-05-24 12:45:00,02:24:00,2.4
NE,NEWCASTLE,REPAIR,ENG071,Alan Shaw,Bill Tyne,W5605986,MR,E1,2026-05-27 11:11:00,2026-05-27 14:17:00,03:06:00,3.1
SO,SOUTHAMPTON,METERING,ENG052,Chris Lamb,Phil Russell,W5605987,RO,R1,2026-05-22 06:15:00,2026-05-22 08:33:00,02:18:00,2.3
WM,STOKE,METERING,ENG042,Steve Frost,Mark Reygate,W5605988,IR,M1,2026-05-22 06:26:00,2026-05-22 20:20:00,13:54:00,13.9
NT,MANSFIELD,REPAIR,ENG062,Fred Archer,Sue Holt,W5605989,IR,E1,2026-05-23 10:00:00,2026-05-24 01:12:00,15:12:00,15.2
SE,CROYDON,INSPECTION,ENG030,Stuart Porter,Ray Ingram,W5605990,IR,M2,2026-05-22 08:53:00,2026-05-22 21:41:00,12:48:00,12.8
NT,MANSFIELD,REPAIR,ENG061,Cathy Dean,Sue Holt,W5605991,IR,R1,2026-05-24 10:20:00,2026-05-24 14:20:00,04:00:00,4.0
SO,BOURNEMOUTH,ROUTINE,ENG052,Chris Lamb,Phil Russell,W5605992,RO,E1,2026-05-21 10:32:00,2026-05-22 01:14:00,14:42:00,14.7
EA,CAMBRIDGE,EMERGENCY,ENG023,Sharon King,Anne Foster,W5605993,RO,M2,2026-05-24 08:35:00,2026-05-24 15:05:00,06:30:00,6.5
SC,STIRLING,REPAIR,ENG001,John MacDonald,Steven Leckie,W5605994,EM,E2,2026-05-25 07:22:00,2026-05-25 21:28:00,14:06:00,14.1
SE,CROYDON,ROUTINE,ENG033,Julie Price,Pat Nolan,W5605995,EM,R1,2026-05-25 11:26:00,2026-05-25 16:20:00,04:54:00,4.9
SO,BOURNEMOUTH,REPAIR,ENG052,Chris Lamb,Phil Russell,W5605996,RO,E2,2026-05-24 11:17:00,2026-05-25 02:29:00,15:12:00,15.2
NT,LINCOLN,REPAIR,ENG060,Barry Noon,Sue Holt,W5605997,RO,E1,2026-05-26 06:47:00,2026-05-26 17:59:00,11:12:00,11.2
SO,SOUTHAMPTON,ROUTINE,ENG050,Phil Hodgkins,Phil Russell,W5605998,IR,E2,2026-05-24 10:35:00,2026-05-24 13:29:00,02:54:00,2.9
SO,SALISBURY,INSPECTION,ENG051,Wendy Nash,Phil Russell,W5605999,RO,E1,2026-05-25 08:09:00,2026-05-25 17:21:00,09:12:00,9.2
NE,MIDDLESBROUGH,METERING,ENG072,Liz Cooke,Bill Tyne,W5606000,MR,R1,2026-05-27 09:11:00,2026-05-27 14:41:00,05:30:00,5.5
NE,NEWCASTLE,ROUTINE,ENG070,Janet Robb,Bill Tyne,W5606001,RO,R2,2026-05-23 06:44:00,2026-05-23 17:44:00,11:00:00,11.0
EA,CAMBRIDGE,ROUTINE,ENG021,Rachel Davies,Mark Booker,W5606002,IR,M2,2026-05-21 07:24:00,2026-05-21 10:42:00,03:18:00,3.3
NT,NOTTINGHAM,REPAIR,ENG060,Barry Noon,Sue Holt,W5606003,ME,M1,2026-05-27 10:32:00,2026-05-27 16:56:00,06:24:00,6.4
SO,SALISBURY,ROUTINE,ENG051,Wendy Nash,Phil Russell,W5606004,RO,M1,2026-05-27 06:53:00,2026-05-27 17:17:00,10:24:00,10.4
NE,DURHAM,EMERGENCY,ENG072,Liz Cooke,Bill Tyne,W5606005,MR,R2,2026-05-26 08:42:00,2026-05-26 18:18:00,09:36:00,9.6
SC,PERTH,METERING,ENG004,Douglas Reid,Graham Loan,W5606006,IR,E1,2026-05-22 07:02:00,2026-05-22 14:56:00,07:54:00,7.9
SO,BOURNEMOUTH,ROUTINE,ENG051,Wendy Nash,Phil Russell,W5606007,RO,E1,2026-05-26 06:14:00,2026-05-26 12:14:00,06:00:00,6.0
NE,GATESHEAD,INSPECTION,ENG071,Alan Shaw,Bill Tyne,W5606008,ME,R1,2026-05-22 09:46:00,2026-05-22 20:40:00,10:54:00,10.9
NW,BOLTON,EMERGENCY,ENG013,Helen Morris,Dave Clarke,W5606009,MR,R2,2026-05-27 11:41:00,2026-05-27 20:41:00,09:00:00,9.0
NE,MIDDLESBROUGH,REPAIR,ENG070,Janet Robb,Bill Tyne,W5606010,IR,M1,2026-05-25 10:56:00,2026-05-25 16:08:00,05:12:00,5.2
EA,IPSWICH,REPAIR,ENG022,Peter Wong,Mark Booker,W5606011,EM,M2,2026-05-23 08:26:00,2026-05-23 22:14:00,13:48:00,13.8
EA,BEDFORD,EMERGENCY,ENG020,Mark Holloway,Mark Booker,W5606012,MR,E2,2026-05-26 06:14:00,2026-05-26 10:20:00,04:05:59,4.1
SO,PORTSMOUTH,METERING,ENG051,Wendy Nash,Phil Russell,W5606013,ME,M2,2026-05-21 10:02:00,2026-05-21 15:38:00,05:36:00,5.6
SE,GUILDFORD,METERING,ENG033,Julie Price,Pat Nolan,W5606014,MR,R1,2026-05-21 10:42:00,2026-05-21 20:18:00,09:36:00,9.6
WM,BIRMINGHAM,METERING,ENG042,Steve Frost,Mark Reygate,W5606015,IR,M1,2026-05-25 10:10:00,2026-05-25 17:58:00,07:48:00,7.8
NT,NOTTINGHAM,ROUTINE,ENG060,Barry Noon,Sue Holt,W5606016,ME,R2,2026-05-21 11:25:00,2026-05-21 17:13:00,05:48:00,5.8
SO,PORTSMOUTH,REPAIR,ENG050,Phil Hodgkins,Phil Russell,W5606017,ME,E1,2026-05-22 07:51:00,2026-05-22 13:57:00,06:06:00,6.1
SE,GUILDFORD,INSPECTION,ENG031,Tracey McIntyre,Ray Ingram,W5606018,RO,R2,2026-05-25 11:13:00,2026-05-25 17:49:00,06:36:00,6.6
NW,STOCKPORT,REPAIR,ENG010,Paul Dawson,Gary Williams,W5606019,MR,M1,2026-05-21 10:38:00,2026-05-21 20:56:00,10:18:00,10.3
NT,LINCOLN,ROUTINE,ENG061,Cathy Dean,Sue Holt,W5606020,MR,M1,2026-05-27 09:12:00,2026-05-28 00:24:00,15:12:00,15.2
SE,GUILDFORD,ROUTINE,ENG033,Julie Price,Pat Nolan,W5606021,IR,M2,2026-05-26 06:18:00,2026-05-26 13:06:00,06:48:00,6.8
SE,HORSHAM,ROUTINE,ENG032,Colin James,Pat Nolan,W5606022,RO,E1,2026-05-22 10:36:00,2026-05-22 21:30:00,10:54:00,10.9
SE,EASTBOURNE,INSPECTION,ENG032,Colin James,Pat Nolan,W5606023,ME,R2,2026-05-23 10:33:00,2026-05-23 21:39:00,11:06:00,11.1
NT,LEICESTER,REPAIR,ENG061,Cathy Dean,Sue Holt,W5606024,ME,R1,2026-05-21 08:18:00,2026-05-21 13:48:00,05:30:00,5.5
SC,STIRLING,EMERGENCY,ENG003,Catriona Stewart,Graham Loan,W5606025,EM,E1,2026-05-25 08:47:00,2026-05-25 21:23:00,12:36:00,12.6
WM,STOKE,ROUTINE,ENG041,Una Cowling,Mark Reygate,W5606026,IR,M2,2026-05-25 06:31:00,2026-05-25 15:31:00,09:00:00,9.0
SE,CROYDON,METERING,ENG030,Stuart Porter,Ray Ingram,W5606027,ME,E1,2026-05-22 06:19:00,2026-05-22 11:07:00,04:48:00,4.8
EA,NORWICH,EMERGENCY,ENG022,Peter Wong,Mark Booker,W5606028,EM,R2,2026-05-27 09:57:00,2026-05-27 18:57:00,09:00:00,9.0
EA,BEDFORD,REPAIR,ENG022,Peter Wong,Mark Booker,W5606029,MR,M2,2026-05-21 09:41:00,2026-05-21 12:47:00,03:06:00,3.1
SO,PORTSMOUTH,EMERGENCY,ENG051,Wendy Nash,Phil Russell,W5606030,RO,M2,2026-05-23 11:35:00,2026-05-23 22:17:00,10:42:00,10.7
NT,LINCOLN,INSPECTION,ENG060,Barry Noon,Sue Holt,W5606031,RO,E1,2026-05-24 07:41:00,2026-05-24 19:41:00,12:00:00,12.0
SE,GUILDFORD,ROUTINE,ENG033,Julie Price,Pat Nolan,W5606032,ME,M1,2026-05-23 11:41:00,2026-05-23 20:53:00,09:12:00,9.2
SC,PERTH,INSPECTION,ENG001,John MacDonald,Steven Leckie,W5606033,RO,M2,2026-05-25 10:37:00,2026-05-25 15:07:00,04:30:00,4.5
WM,STOKE,REPAIR,ENG040,Wayne Edwards,Mark Reygate,W5606034,MR,R2,2026-05-27 09:36:00,2026-05-27 20:36:00,11:00:00,11.0
NT,MANSFIELD,ROUTINE,ENG061,Cathy Dean,Sue Holt,W5606035,EM,M2,2026-05-26 08:11:00,2026-05-26 21:05:00,12:54:00,12.9
NE,DURHAM,INSPECTION,ENG071,Alan Shaw,Bill Tyne,W5606036,ME,R1,2026-05-21 08:51:00,2026-05-21 23:33:00,14:42:00,14.7
SE,EASTBOURNE,METERING,ENG030,Stuart Porter,Ray Ingram,W5606037,ME,E1,2026-05-21 10:52:00,2026-05-21 22:46:00,11:54:00,11.9
WM,WOLVERHAMPTON,EMERGENCY,ENG043,Diane Hunt,Tom Avery,W5606038,EM,M1,2026-05-23 07:29:00,2026-05-23 19:35:00,12:06:00,12.1
SC,STIRLING,REPAIR,ENG003,Catriona Stewart,Graham Loan,W5606039,RO,E2,2026-05-22 11:36:00,2026-05-23 00:54:00,13:18:00,13.3
NE,DURHAM,EMERGENCY,ENG072,Liz Cooke,Bill Tyne,W5606040,EM,M1,2026-05-22 11:16:00,2026-05-22 19:58:00,08:41:59,8.7
SC,DUNDEE,ROUTINE,ENG005,Fiona Cameron,Gordon Shaw,W5606041,ME,R2,2026-05-26 07:37:00,2026-05-26 15:55:00,08:18:00,8.3
SO,BOURNEMOUTH,ROUTINE,ENG050,Phil Hodgkins,Phil Russell,W5606042,EM,M1,2026-05-27 07:49:00,2026-05-27 19:25:00,11:36:00,11.6
NE,MIDDLESBROUGH,METERING,ENG071,Alan Shaw,Bill Tyne,W5606043,ME,M1,2026-05-21 09:14:00,2026-05-21 15:38:00,06:24:00,6.4
SO,PORTSMOUTH,METERING,ENG050,Phil Hodgkins,Phil Russell,W5606044,IR,R2,2026-05-26 09:54:00,2026-05-26 14:12:00,04:18:00,4.3
SO,BOURNEMOUTH,EMERGENCY,ENG052,Chris Lamb,Phil Russell,W5606045,ME,M1,2026-05-27 11:36:00,2026-05-27 15:24:00,03:48:00,3.8
NE,MIDDLESBROUGH,REPAIR,ENG072,Liz Cooke,Bill Tyne,W5606046,MR,E1,2026-05-22 08:25:00,2026-05-22 15:31:00,07:06:00,7.1
SE,GUILDFORD,EMERGENCY,ENG032,Colin James,Pat Nolan,W5606047,RO,M1,2026-05-25 06:10:00,2026-05-25 09:40:00,03:30:00,3.5
SE,HORSHAM,ROUTINE,ENG030,Stuart Porter,Ray Ingram,W5606048,ME,R1,2026-05-21 07:30:00,2026-05-21 16:42:00,09:12:00,9.2
NE,MIDDLESBROUGH,ROUTINE,ENG072,Liz Cooke,Bill Tyne,W5606049,MR,R1,2026-05-27 09:25:00,2026-05-27 23:13:00,13:48:00,13.8
WM,STOKE,METERING,ENG041,Una Cowling,Mark Reygate,W5606050,RO,M2,2026-05-24 09:04:00,2026-05-24 11:46:00,02:42:00,2.7
WM,WOLVERHAMPTON,INSPECTION,ENG041,Una Cowling,Mark Reygate,W5606051,IR,E1,2026-05-26 10:27:00,2026-05-26 21:33:00,11:06:00,11.1
EA,NORWICH,REPAIR,ENG023,Sharon King,Anne Foster,W5606052,RO,E2,2026-05-26 08:58:00,2026-05-26 21:28:00,12:30:00,12.5
WM,BIRMINGHAM,ROUTINE,ENG041,Una Cowling,Mark Reygate,W5606053,MR,M2,2026-05-24 08:39:00,2026-05-24 20:39:00,12:00:00,12.0
EA,LUTON,REPAIR,ENG021,Rachel Davies,Mark Booker,W5606054,IR,M2,2026-05-23 06:11:00,2026-05-23 21:11:00,15:00:00,15.0
EA,PETERBOROUGH,REPAIR,ENG021,Rachel Davies,Mark Booker,W5606055,RO,E1,2026-05-25 08:41:00,2026-05-25 14:05:00,05:24:00,5.4
SO,SOUTHAMPTON,ROUTINE,ENG052,Chris Lamb,Phil Russell,W5606056,ME,E2,2026-05-26 08:13:00,2026-05-26 23:37:00,15:24:00,15.4
EA,NORWICH,EMERGENCY,ENG023,Sharon King,Anne Foster,W5606057,EM,E1,2026-05-25 08:38:00,2026-05-25 17:20:00,08:41:59,8.7
SC,PAISLEY,REPAIR,ENG004,Douglas Reid,Graham Loan,W5606058,ME,M2,2026-05-25 08:02:00,2026-05-25 13:38:00,05:36:00,5.6
SC,EDINBURGH,METERING,ENG001,John MacDonald,Steven Leckie,W5606059,ME,M2,2026-05-27 09:08:00,2026-05-27 18:32:00,09:24:00,9.4
WM,COVENTRY,REPAIR,ENG040,Wayne Edwards,Mark Reygate,W5606060,ME,E1,2026-05-22 06:19:00,2026-05-22 13:01:00,06:42:00,6.7
SO,PORTSMOUTH,REPAIR,ENG050,Phil Hodgkins,Phil Russell,W5606061,MR,M2,2026-05-25 08:16:00,2026-05-25 11:22:00,03:06:00,3.1
SO,SALISBURY,INSPECTION,ENG050,Phil Hodgkins,Phil Russell,W5606062,ME,M2,2026-05-21 11:39:00,2026-05-21 22:33:00,10:54:00,10.9
NT,MANSFIELD,REPAIR,ENG062,Fred Archer,Sue Holt,W5606063,ME,E2,2026-05-22 07:53:00,2026-05-22 20:23:00,12:30:00,12.5
NW,BOLTON,EMERGENCY,ENG014,Alan Sharp,Dave Clarke,W5606064,EM,E2,2026-05-26 11:08:00,2026-05-26 21:02:00,09:54:00,9.9
WM,STOKE,INSPECTION,ENG041,Una Cowling,Mark Reygate,W5606065,ME,R2,2026-05-21 09:05:00,2026-05-21 11:05:00,02:00:00,2.0
SC,ABERDEEN,EMERGENCY,ENG005,Fiona Cameron,Gordon Shaw,W5606066,ME,E1,2026-05-27 06:56:00,2026-05-27 14:14:00,07:18:00,7.3
NW,WARRINGTON,INSPECTION,ENG013,Helen Morris,Dave Clarke,W5606067,ME,R1,2026-05-24 11:17:00,2026-05-24 17:05:00,05:48:00,5.8
SE,MAIDSTONE,REPAIR,ENG032,Colin James,Pat Nolan,W5606068,ME,R1,2026-05-21 11:48:00,2026-05-21 17:00:00,05:12:00,5.2
WM,WOLVERHAMPTON,METERING,ENG040,Wayne Edwards,Mark Reygate,W5606069,RO,E2,2026-05-23 07:53:00,2026-05-23 15:59:00,08:06:00,8.1
SO,BOURNEMOUTH,REPAIR,ENG051,Wendy Nash,Phil Russell,W5606070,EM,M2,2026-05-21 09:06:00,2026-05-22 00:30:00,15:24:00,15.4
SO,SOUTHAMPTON,INSPECTION,ENG050,Phil Hodgkins,Phil Russell,W5606071,IR,M2,2026-05-27 06:09:00,2026-05-27 11:27:00,05:18:00,5.3
WM,DUDLEY,EMERGENCY,ENG041,Una Cowling,Mark Reygate,W5606072,IR,M1,2026-05-26 08:33:00,2026-05-26 16:27:00,07:54:00,7.9
SO,SOUTHAMPTON,INSPECTION,ENG051,Wendy Nash,Phil Russell,W5606073,RO,R1,2026-05-23 08:02:00,2026-05-23 19:56:00,11:54:00,11.9
SE,MAIDSTONE,REPAIR,ENG032,Colin James,Pat Nolan,W5606074,ME,R2,2026-05-22 08:26:00,2026-05-22 12:02:00,03:36:00,3.6
NT,NOTTINGHAM,ROUTINE,ENG062,Fred Archer,Sue Holt,W5606075,MR,M1,2026-05-25 11:51:00,2026-05-25 15:21:00,03:30:00,3.5
WM,COVENTRY,EMERGENCY,ENG041,Una Cowling,Mark Reygate,W5606076,ME,M1,2026-05-27 08:25:00,2026-05-27 11:19:00,02:54:00,2.9
NE,NEWCASTLE,ROUTINE,ENG072,Liz Cooke,Bill Tyne,W5606077,EM,E2,2026-05-26 06:21:00,2026-05-26 15:09:00,08:48:00,8.8
EA,CAMBRIDGE,EMERGENCY,ENG022,Peter Wong,Mark Booker,W5606078,IR,R2,2026-05-21 09:35:00,2026-05-21 17:05:00,07:30:00,7.5
NT,NOTTINGHAM,METERING,ENG060,Barry Noon,Sue Holt,W5606079,MR,R2,2026-05-26 06:53:00,2026-05-26 11:35:00,04:42:00,4.7
WM,STOKE,REPAIR,ENG041,Una Cowling,Mark Reygate,W5606080,MR,R2,2026-05-21 11:32:00,2026-05-21 23:50:00,12:18:00,12.3
SC,EDINBURGH,METERING,ENG004,Douglas Reid,Graham Loan,W5606081,IR,M2,2026-05-21 09:48:00,2026-05-21 23:18:00,13:30:00,13.5
WM,COVENTRY,INSPECTION,ENG040,Wayne Edwards,Mark Reygate,W5606082,ME,E2,2026-05-23 10:33:00,2026-05-23 19:27:00,08:54:00,8.9
SE,EASTBOURNE,ROUTINE,ENG033,Julie Price,Pat Nolan,W5606083,ME,M1,2026-05-27 11:21:00,2026-05-27 19:21:00,08:00:00,8.0
EA,IPSWICH,METERING,ENG021,Rachel Davies,Mark Booker,W5606084,MR,E2,2026-05-21 06:45:00,2026-05-21 09:03:00,02:18:00,2.3
EA,NORWICH,METERING,ENG021,Rachel Davies,Mark Booker,W5606085,EM,E1,2026-05-23 06:42:00,2026-05-23 12:30:00,05:48:00,5.8
SO,SOUTHAMPTON,EMERGENCY,ENG050,Phil Hodgkins,Phil Russell,W5606086,EM,M2,2026-05-21 06:58:00,2026-05-21 14:46:00,07:48:00,7.8
NT,LINCOLN,METERING,ENG061,Cathy Dean,Sue Holt,W5606087,RO,R1,2026-05-23 11:04:00,2026-05-24 02:34:00,15:30:00,15.5
NE,NEWCASTLE,METERING,ENG072,Liz Cooke,Bill Tyne,W5606088,IR,R1,2026-05-26 10:26:00,2026-05-26 17:26:00,07:00:00,7.0
NW,LIVERPOOL,INSPECTION,ENG012,Brian Cook,Gary Williams,W5606089,IR,M1,2026-05-25 10:21:00,2026-05-25 16:09:00,05:48:00,5.8
WM,WALSALL,ROUTINE,ENG040,Wayne Edwards,Mark Reygate,W5606090,ME,M2,2026-05-26 09:59:00,2026-05-26 22:23:00,12:24:00,12.4
SE,CROYDON,INSPECTION,ENG030,Stuart Porter,Ray Ingram,W5606091,ME,R2,2026-05-25 11:13:00,2026-05-26 01:49:00,14:36:00,14.6
WM,COVENTRY,REPAIR,ENG042,Steve Frost,Mark Reygate,W5606092,IR,M2,2026-05-27 07:07:00,2026-05-27 17:31:00,10:24:00,10.4
SC,EDINBURGH,INSPECTION,ENG003,Catriona Stewart,Graham Loan,W5606093,RO,R2,2026-05-26 10:41:00,2026-05-27 00:59:00,14:18:00,14.3
SC,STIRLING,EMERGENCY,ENG006,Kevin McAllister,Gordon Shaw,W5606094,IR,M2,2026-05-27 10:43:00,2026-05-27 17:07:00,06:24:00,6.4
SC,STIRLING,REPAIR,ENG005,Fiona Cameron,Gordon Shaw,W5606095,IR,R2,2026-05-26 06:04:00,2026-05-26 16:46:00,10:42:00,10.7
WM,STOKE,EMERGENCY,ENG040,Wayne Edwards,Mark Reygate,W5606096,ME,E1,2026-05-25 07:53:00,2026-05-25 11:05:00,03:12:00,3.2
NT,LINCOLN,METERING,ENG060,Barry Noon,Sue Holt,W5606097,IR,E2,2026-05-24 08:55:00,2026-05-24 22:25:00,13:30:00,13.5
NE,GATESHEAD,METERING,ENG071,Alan Shaw,Bill Tyne,W5606098,RO,R2,2026-05-27 06:34:00,2026-05-27 17:22:00,10:48:00,10.8
NE,NEWCASTLE,ROUTINE,ENG070,Janet Robb,Bill Tyne,W5606099,MR,R2,2026-05-21 08:53:00,2026-05-21 14:35:00,05:42:00,5.7
SE,HORSHAM,METERING,ENG033,Julie Price,Pat Nolan,W5606100,EM,E1,2026-05-25 09:17:00,2026-05-25 23:41:00,14:24:00,14.4
EA,LUTON,REPAIR,ENG020,Mark Holloway,Mark Booker,W5606101,ME,M2,2026-05-27 06:35:00,2026-05-27 19:29:00,12:54:00,12.9
NW,STOCKPORT,EMERGENCY,ENG012,Brian Cook,Gary Williams,W5606102,RO,R2,2026-05-25 08:34:00,2026-05-25 16:22:00,07:48:00,7.8
SO,SOUTHAMPTON,REPAIR,ENG050,Phil Hodgkins,Phil Russell,W5606103,IR,R2,2026-05-23 06:42:00,2026-05-23 14:12:00,07:30:00,7.5
SE,GUILDFORD,EMERGENCY,ENG030,Stuart Porter,Ray Ingram,W5606104,MR,E2,2026-05-23 09:39:00,2026-05-24 00:21:00,14:42:00,14.7
NE,SUNDERLAND,EMERGENCY,ENG072,Liz Cooke,Bill Tyne,W5606105,RO,E1,2026-05-26 06:24:00,2026-05-26 16:00:00,09:36:00,9.6
NT,MANSFIELD,ROUTINE,ENG060,Barry Noon,Sue Holt,W5606106,RO,R1,2026-05-25 06:24:00,2026-05-25 16:36:00,10:12:00,10.2
EA,BEDFORD,INSPECTION,ENG020,Mark Holloway,Mark Booker,W5606107,EM,M2,2026-05-25 07:28:00,2026-05-25 10:34:00,03:06:00,3.1
SE,CROYDON,ROUTINE,ENG032,Colin James,Pat Nolan,W5606108,IR,M2,2026-05-27 09:57:00,2026-05-27 13:45:00,03:48:00,3.8
EA,BEDFORD,EMERGENCY,ENG022,Peter Wong,Mark Booker,W5606109,ME,M1,2026-05-23 09:18:00,2026-05-24 01:00:00,15:42:00,15.7
EA,PETERBOROUGH,ROUTINE,ENG020,Mark Holloway,Mark Booker,W5606110,ME,M2,2026-05-27 06:03:00,2026-05-27 09:57:00,03:54:00,3.9
NT,NOTTINGHAM,INSPECTION,ENG060,Barry Noon,Sue Holt,W5606111,MR,M1,2026-05-26 07:18:00,2026-05-26 15:12:00,07:54:00,7.9
SE,BRIGHTON,EMERGENCY,ENG032,Colin James,Pat Nolan,W5606112,IR,M1,2026-05-27 11:39:00,2026-05-27 19:27:00,07:48:00,7.8
WM,COVENTRY,INSPECTION,ENG042,Steve Frost,Mark Reygate,W5606113,ME,E1,2026-05-23 09:24:00,2026-05-24 00:06:00,14:42:00,14.7
WM,STOKE,REPAIR,ENG043,Diane Hunt,Tom Avery,W5606114,MR,R2,2026-05-21 09:38:00,2026-05-21 21:38:00,12:00:00,12.0
WM,WOLVERHAMPTON,INSPECTION,ENG042,Steve Frost,Mark Reygate,W5606115,ME,M2,2026-05-21 06:19:00,2026-05-21 09:43:00,03:24:00,3.4
SO,SALISBURY,REPAIR,ENG050,Phil Hodgkins,Phil Russell,W5606116,EM,E1,2026-05-27 08:32:00,2026-05-27 20:50:00,12:18:00,12.3
NW,MANCHESTER,METERING,ENG012,Brian Cook,Gary Williams,W5606117,ME,R1,2026-05-26 08:31:00,2026-05-26 15:19:00,06:48:00,6.8
EA,CAMBRIDGE,ROUTINE,ENG023,Sharon King,Anne Foster,W5606118,IR,M1,2026-05-27 11:25:00,2026-05-27 13:43:00,02:18:00,2.3
WM,DUDLEY,INSPECTION,ENG042,Steve Frost,Mark Reygate,W5606119,RO,M2,2026-05-24 07:09:00,2026-05-24 15:09:00,08:00:00,8.0
SC,PERTH,EMERGENCY,ENG001,John MacDonald,Steven Leckie,W5606120,IR,M2,2026-05-27 06:41:00,2026-05-27 11:05:00,04:24:00,4.4
SC,ABERDEEN,EMERGENCY,ENG003,Catriona Stewart,Graham Loan,W5606121,ME,R1,2026-05-27 07:07:00,2026-05-27 12:01:00,04:54:00,4.9
NE,GATESHEAD,EMERGENCY,ENG071,Alan Shaw,Bill Tyne,W5606122,EM,R2,2026-05-23 10:42:00,2026-05-23 20:42:00,10:00:00,10.0
NW,MANCHESTER,EMERGENCY,ENG011,Karen Simmons,Gary Williams,W5606123,IR,R2,2026-05-22 06:07:00,2026-05-22 21:49:00,15:42:00,15.7
NT,DERBY,REPAIR,ENG060,Barry Noon,Sue Holt,W5606124,MR,E1,2026-05-21 11:43:00,2026-05-21 17:37:00,05:54:00,5.9
EA,BEDFORD,EMERGENCY,ENG022,Peter Wong,Mark Booker,W5606125,RO,M2,2026-05-26 10:31:00,2026-05-26 19:13:00,08:41:59,8.7
SO,PORTSMOUTH,METERING,ENG052,Chris Lamb,Phil Russell,W5606126,MR,E2,2026-05-27 06:07:00,2026-05-27 17:13:00,11:06:00,11.1
SO,BOURNEMOUTH,INSPECTION,ENG052,Chris Lamb,Phil Russell,W5606127,EM,E1,2026-05-27 09:59:00,2026-05-27 23:59:00,14:00:00,14.0
SE,EASTBOURNE,EMERGENCY,ENG030,Stuart Porter,Ray Ingram,W5606128,MR,E2,2026-05-23 07:30:00,2026-05-23 22:30:00,15:00:00,15.0
WM,WOLVERHAMPTON,METERING,ENG040,Wayne Edwards,Mark Reygate,W5606129,IR,R1,2026-05-27 07:15:00,2026-05-27 15:45:00,08:30:00,8.5
SE,HORSHAM,REPAIR,ENG032,Colin James,Pat Nolan,W5606130,IR,R2,2026-05-24 07:54:00,2026-05-24 15:42:00,07:48:00,7.8
EA,CAMBRIDGE,EMERGENCY,ENG020,Mark Holloway,Mark Booker,W5606131,ME,R1,2026-05-22 10:22:00,2026-05-22 12:34:00,02:12:00,2.2
NE,MIDDLESBROUGH,ROUTINE,ENG070,Janet Robb,Bill Tyne,W5606132,IR,M2,2026-05-23 10:33:00,2026-05-23 13:27:00,02:54:00,2.9
NW,STOCKPORT,ROUTINE,ENG013,Helen Morris,Dave Clarke,W5606133,ME,M1,2026-05-24 08:25:00,2026-05-24 18:55:00,10:30:00,10.5
SC,GLASGOW,REPAIR,ENG002,Alistair Fraser,Steven Leckie,W5606134,MR,E2,2026-05-27 07:55:00,2026-05-27 20:55:00,13:00:00,13.0
NW,STOCKPORT,INSPECTION,ENG011,Karen Simmons,Gary Williams,W5606135,EM,M2,2026-05-22 08:24:00,2026-05-22 22:18:00,13:54:00,13.9
SO,BASINGSTOKE,ROUTINE,ENG052,Chris Lamb,Phil Russell,W5606136,ME,R1,2026-05-26 09:00:00,2026-05-26 11:54:00,02:54:00,2.9
EA,LUTON,EMERGENCY,ENG022,Peter Wong,Mark Booker,W5606137,ME,M1,2026-05-27 07:37:00,2026-05-27 12:19:00,04:42:00,4.7
WM,WALSALL,REPAIR,ENG040,Wayne Edwards,Mark Reygate,W5606138,RO,E1,2026-05-23 06:51:00,2026-05-23 10:21:00,03:30:00,3.5
SC,GLASGOW,EMERGENCY,ENG004,Douglas Reid,Graham Loan,W5606139,IR,M2,2026-05-21 09:10:00,2026-05-21 12:52:00,03:42:00,3.7
EA,BEDFORD,EMERGENCY,ENG021,Rachel Davies,Mark Booker,W5606140,ME,M1,2026-05-22 07:03:00,2026-05-22 09:45:00,02:42:00,2.7
SO,BOURNEMOUTH,ROUTINE,ENG050,Phil Hodgkins,Phil Russell,W5606141,RO,M1,2026-05-23 09:02:00,2026-05-23 19:02:00,10:00:00,10.0
SO,SOUTHAMPTON,METERING,ENG050,Phil Hodgkins,Phil Russell,W5606142,RO,R1,2026-05-26 09:43:00,2026-05-26 12:07:00,02:24:00,2.4
SC,STIRLING,METERING,ENG001,John MacDonald,Steven Leckie,W5606143,MR,E1,2026-05-21 11:33:00,2026-05-21 23:45:00,12:12:00,12.2
SC,PERTH,REPAIR,ENG001,John MacDonald,Steven Leckie,W5606144,EM,E2,2026-05-24 09:02:00,2026-05-24 14:44:00,05:42:00,5.7
NW,LIVERPOOL,INSPECTION,ENG013,Helen Morris,Dave Clarke,W5606145,MR,M2,2026-05-22 09:37:00,2026-05-22 15:19:00,05:42:00,5.7
SC,PAISLEY,REPAIR,ENG005,Fiona Cameron,Gordon Shaw,W5606146,ME,R1,2026-05-26 09:09:00,2026-05-26 15:03:00,05:54:00,5.9
NW,BOLTON,EMERGENCY,ENG014,Alan Sharp,Dave Clarke,W5606147,EM,R2,2026-05-23 10:31:00,2026-05-23 14:07:00,03:36:00,3.6
NE,SUNDERLAND,REPAIR,ENG072,Liz Cooke,Bill Tyne,W5606148,EM,M1,2026-05-24 07:02:00,2026-05-24 19:38:00,12:36:00,12.6
SC,ABERDEEN,METERING,ENG005,Fiona Cameron,Gordon Shaw,W5606149,RO,M1,2026-05-23 06:26:00,2026-05-23 14:50:00,08:24:00,8.4
SO,BASINGSTOKE,ROUTINE,ENG051,Wendy Nash,Phil Russell,W5606150,EM,M1,2026-05-27 10:00:00,2026-05-28 00:06:00,14:06:00,14.1
NW,WIGAN,ROUTINE,ENG013,Helen Morris,Dave Clarke,W5606151,RO,R1,2026-05-21 08:13:00,2026-05-21 12:43:00,04:30:00,4.5
NT,NOTTINGHAM,ROUTINE,ENG060,Barry Noon,Sue Holt,W5606152,IR,E1,2026-05-21 10:32:00,2026-05-21 23:38:00,13:06:00,13.1
WM,STOKE,EMERGENCY,ENG041,Una Cowling,Mark Reygate,W5606153,MR,R2,2026-05-26 09:28:00,2026-05-26 15:40:00,06:12:00,6.2
SO,PORTSMOUTH,METERING,ENG051,Wendy Nash,Phil Russell,W5606154,ME,M1,2026-05-26 08:36:00,2026-05-26 11:00:00,02:24:00,2.4
EA,LUTON,REPAIR,ENG021,Rachel Davies,Mark Booker,W5606155,RO,R2,2026-05-25 09:11:00,2026-05-25 15:05:00,05:54:00,5.9
NW,WARRINGTON,METERING,ENG013,Helen Morris,Dave Clarke,W5606156,ME,R2,2026-05-23 07:28:00,2026-05-23 20:22:00,12:54:00,12.9
NW,BOLTON,ROUTINE,ENG011,Karen Simmons,Gary Williams,W5606157,EM,R1,2026-05-22 08:23:00,2026-05-22 14:53:00,06:30:00,6.5
WM,BIRMINGHAM,REPAIR,ENG041,Una Cowling,Mark Reygate,W5606158,MR,R2,2026-05-26 06:06:00,2026-05-26 18:48:00,12:42:00,12.7
SC,PAISLEY,INSPECTION,ENG005,Fiona Cameron,Gordon Shaw,W5606159,IR,M1,2026-05-24 06:03:00,2026-05-24 15:15:00,09:12:00,9.2
SC,EDINBURGH,EMERGENCY,ENG002,Alistair Fraser,Steven Leckie,W5606160,EM,E1,2026-05-24 11:43:00,2026-05-25 02:43:00,15:00:00,15.0
EA,PETERBOROUGH,INSPECTION,ENG023,Sharon King,Anne Foster,W5606161,RO,R2,2026-05-22 06:01:00,2026-05-22 11:37:00,05:36:00,5.6
SO,BASINGSTOKE,METERING,ENG051,Wendy Nash,Phil Russell,W5606162,MR,R1,2026-05-25 08:54:00,2026-05-26 00:06:00,15:12:00,15.2
EA,PETERBOROUGH,INSPECTION,ENG021,Rachel Davies,Mark Booker,W5606163,ME,M2,2026-05-23 07:19:00,2026-05-23 23:13:00,15:54:00,15.9
SC,DUNDEE,ROUTINE,ENG004,Douglas Reid,Graham Loan,W5606164,EM,M1,2026-05-22 06:47:00,2026-05-22 21:59:00,15:12:00,15.2
SC,GLASGOW,EMERGENCY,ENG005,Fiona Cameron,Gordon Shaw,W5606165,EM,R2,2026-05-26 06:39:00,2026-05-26 12:39:00,06:00:00,6.0
EA,BEDFORD,REPAIR,ENG023,Sharon King,Anne Foster,W5606166,IR,M1,2026-05-26 08:53:00,2026-05-26 23:47:00,14:54:00,14.9
SO,SALISBURY,EMERGENCY,ENG051,Wendy Nash,Phil Russell,W5606167,EM,M1,2026-05-27 06:16:00,2026-05-27 12:58:00,06:42:00,6.7
NT,LINCOLN,EMERGENCY,ENG061,Cathy Dean,Sue Holt,W5606168,EM,R2,2026-05-25 07:16:00,2026-05-25 13:28:00,06:12:00,6.2
NW,STOCKPORT,ROUTINE,ENG010,Paul Dawson,Gary Williams,W5606169,MR,E1,2026-05-24 08:12:00,2026-05-24 14:00:00,05:48:00,5.8
SO,BOURNEMOUTH,ROUTINE,ENG051,Wendy Nash,Phil Russell,W5606170,IR,E1,2026-05-25 09:55:00,2026-05-25 16:25:00,06:30:00,6.5
SO,BOURNEMOUTH,METERING,ENG050,Phil Hodgkins,Phil Russell,W5606171,EM,R1,2026-05-27 08:50:00,2026-05-27 17:50:00,09:00:00,9.0
SC,INVERNESS,REPAIR,ENG004,Douglas Reid,Graham Loan,W5606172,ME,E2,2026-05-23 06:55:00,2026-05-23 22:25:00,15:30:00,15.5
SC,EDINBURGH,EMERGENCY,ENG005,Fiona Cameron,Gordon Shaw,W5606173,ME,R1,2026-05-24 08:24:00,2026-05-24 17:00:00,08:36:00,8.6
NT,LEICESTER,METERING,ENG061,Cathy Dean,Sue Holt,W5606174,ME,M1,2026-05-24 09:26:00,2026-05-24 21:08:00,11:42:00,11.7
NE,DURHAM,ROUTINE,ENG070,Janet Robb,Bill Tyne,W5606175,RO,E2,2026-05-25 09:00:00,2026-05-25 18:54:00,09:54:00,9.9
NE,MIDDLESBROUGH,METERING,ENG070,Janet Robb,Bill Tyne,W5606176,RO,M2,2026-05-24 11:07:00,2026-05-24 16:43:00,05:36:00,5.6
SO,SALISBURY,METERING,ENG050,Phil Hodgkins,Phil Russell,W5606177,MR,M1,2026-05-22 09:16:00,2026-05-22 17:16:00,08:00:00,8.0
EA,IPSWICH,INSPECTION,ENG023,Sharon King,Anne Foster,W5606178,MR,R2,2026-05-24 09:04:00,2026-05-24 17:46:00,08:41:59,8.7
NE,SUNDERLAND,INSPECTION,ENG070,Janet Robb,Bill Tyne,W5606179,RO,E2,2026-05-25 09:57:00,2026-05-25 14:57:00,05:00:00,5.0
EA,PETERBOROUGH,METERING,ENG021,Rachel Davies,Mark Booker,W5606180,MR,E1,2026-05-25 11:51:00,2026-05-25 16:51:00,05:00:00,5.0
WM,WALSALL,EMERGENCY,ENG040,Wayne Edwards,Mark Reygate,W5606181,RO,M2,2026-05-22 09:27:00,2026-05-22 20:57:00,11:30:00,11.5
NE,NEWCASTLE,METERING,ENG072,Liz Cooke,Bill Tyne,W5606182,MR,M2,2026-05-22 08:01:00,2026-05-22 16:43:00,08:41:59,8.7
NT,NOTTINGHAM,METERING,ENG062,Fred Archer,Sue Holt,W5606183,MR,M1,2026-05-22 08:06:00,2026-05-22 18:00:00,09:54:00,9.9
SE,MAIDSTONE,EMERGENCY,ENG033,Julie Price,Pat Nolan,W5606184,IR,M2,2026-05-22 11:18:00,2026-05-22 14:00:00,02:42:00,2.7
SC,EDINBURGH,ROUTINE,ENG002,Alistair Fraser,Steven Leckie,W5606185,MR,E1,2026-05-21 08:06:00,2026-05-21 20:00:00,11:54:00,11.9
EA,LUTON,ROUTINE,ENG023,Sharon King,Anne Foster,W5606186,MR,R1,2026-05-26 09:59:00,2026-05-26 12:05:00,02:06:00,2.1
SC,GLASGOW,EMERGENCY,ENG006,Kevin McAllister,Gordon Shaw,W5606187,ME,R1,2026-05-27 07:47:00,2026-05-27 13:17:00,05:30:00,5.5
NW,BOLTON,EMERGENCY,ENG012,Brian Cook,Gary Williams,W5606188,IR,E1,2026-05-27 06:40:00,2026-05-27 10:58:00,04:18:00,4.3
WM,DUDLEY,INSPECTION,ENG042,Steve Frost,Mark Reygate,W5606189,IR,R1,2026-05-21 07:58:00,2026-05-21 16:58:00,09:00:00,9.0
NW,LIVERPOOL,REPAIR,ENG012,Brian Cook,Gary Williams,W5606190,ME,R2,2026-05-24 11:31:00,2026-05-24 22:37:00,11:06:00,11.1
EA,IPSWICH,EMERGENCY,ENG022,Peter Wong,Mark Booker,W5606191,IR,R1,2026-05-24 11:45:00,2026-05-25 02:39:00,14:54:00,14.9
NT,DERBY,ROUTINE,ENG062,Fred Archer,Sue Holt,W5606192,RO,R2,2026-05-25 11:50:00,2026-05-25 22:02:00,10:12:00,10.2
EA,NORWICH,REPAIR,ENG023,Sharon King,Anne Foster,W5606193,EM,E2,2026-05-27 10:58:00,2026-05-27 13:10:00,02:12:00,2.2
EA,IPSWICH,REPAIR,ENG020,Mark Holloway,Mark Booker,W5606194,IR,R2,2026-05-22 11:17:00,2026-05-22 19:23:00,08:06:00,8.1
SC,STIRLING,METERING,ENG005,Fiona Cameron,Gordon Shaw,W5606195,EM,E2,2026-05-22 07:21:00,2026-05-22 20:09:00,12:48:00,12.8
SE,HORSHAM,INSPECTION,ENG033,Julie Price,Pat Nolan,W5606196,IR,R2,2026-05-23 07:03:00,2026-05-23 22:03:00,15:00:00,15.0
SC,EDINBURGH,INSPECTION,ENG002,Alistair Fraser,Steven Leckie,W5606197,ME,E2,2026-05-24 10:52:00,2026-05-25 02:16:00,15:24:00,15.4
SC,INVERNESS,ROUTINE,ENG003,Catriona Stewart,Graham Loan,W5606198,RO,M2,2026-05-25 10:48:00,2026-05-25 22:36:00,11:48:00,11.8
WM,COVENTRY,METERING,ENG040,Wayne Edwards,Mark Reygate,W5606199,RO,M2,2026-05-21 07:17:00,2026-05-21 14:17:00,07:00:00,7.0
NT,LEICESTER,ROUTINE,ENG060,Barry Noon,Sue Holt,W5606200,MR,E1,2026-05-25 06:25:00,2026-05-25 15:37:00,09:12:00,9.2
WM,STOKE,METERING,ENG040,Wayne Edwards,Mark Reygate,W5606201,EM,R1,2026-05-25 08:45:00,2026-05-25 13:57:00,05:12:00,5.2
SE,CROYDON,INSPECTION,ENG030,Stuart Porter,Ray Ingram,W5606202,ME,E1,2026-05-27 09:43:00,2026-05-27 18:13:00,08:30:00,8.5
WM,STOKE,REPAIR,ENG043,Diane Hunt,Tom Avery,W5606203,ME,E1,2026-05-25 06:10:00,2026-05-25 12:58:00,06:48:00,6.8
NT,NOTTINGHAM,ROUTINE,ENG061,Cathy Dean,Sue Holt,W5606204,MR,M1,2026-05-25 08:56:00,2026-05-25 13:50:00,04:54:00,4.9
NT,MANSFIELD,REPAIR,ENG061,Cathy Dean,Sue Holt,W5606205,RO,M1,2026-05-21 11:48:00,2026-05-21 19:42:00,07:54:00,7.9
SO,BOURNEMOUTH,EMERGENCY,ENG050,Phil Hodgkins,Phil Russell,W5606206,EM,M1,2026-05-22 07:08:00,2026-05-22 17:32:00,10:24:00,10.4
EA,BEDFORD,ROUTINE,ENG023,Sharon King,Anne Foster,W5606207,RO,R2,2026-05-27 09:12:00,2026-05-27 23:30:00,14:18:00,14.3
NW,LIVERPOOL,ROUTINE,ENG014,Alan Sharp,Dave Clarke,W5606208,IR,R2,2026-05-25 08:19:00,2026-05-25 23:13:00,14:54:00,14.9
SE,GUILDFORD,INSPECTION,ENG032,Colin James,Pat Nolan,W5606209,EM,M1,2026-05-22 10:16:00,2026-05-22 22:34:00,12:18:00,12.3
NE,SUNDERLAND,REPAIR,ENG070,Janet Robb,Bill Tyne,W5606210,EM,M2,2026-05-24 06:30:00,2026-05-24 20:18:00,13:48:00,13.8
NW,WIGAN,INSPECTION,ENG010,Paul Dawson,Gary Williams,W5606211,MR,R2,2026-05-26 06:52:00,2026-05-26 22:34:00,15:42:00,15.7
SE,HORSHAM,ROUTINE,ENG033,Julie Price,Pat Nolan,W5606212,EM,M2,2026-05-21 07:06:00,2026-05-21 10:42:00,03:36:00,3.6
SE,CROYDON,METERING,ENG032,Colin James,Pat Nolan,W5606213,ME,R2,2026-05-25 09:21:00,2026-05-25 19:03:00,09:42:00,9.7
EA,PETERBOROUGH,METERING,ENG022,Peter Wong,Mark Booker,W5606214,MR,M1,2026-05-23 07:05:00,2026-05-23 09:53:00,02:48:00,2.8
WM,WOLVERHAMPTON,INSPECTION,ENG042,Steve Frost,Mark Reygate,W5606215,MR,M1,2026-05-24 11:20:00,2026-05-24 14:50:00,03:30:00,3.5
NT,LEICESTER,REPAIR,ENG061,Cathy Dean,Sue Holt,W5606216,ME,M2,2026-05-24 08:41:00,2026-05-24 17:17:00,08:36:00,8.6
EA,LUTON,METERING,ENG023,Sharon King,Anne Foster,W5606217,EM,E1,2026-05-25 07:51:00,2026-05-25 14:51:00,07:00:00,7.0
SO,PORTSMOUTH,EMERGENCY,ENG050,Phil Hodgkins,Phil Russell,W5606218,RO,M1,2026-05-27 10:31:00,2026-05-28 01:49:00,15:18:00,15.3
WM,BIRMINGHAM,METERING,ENG042,Steve Frost,Mark Reygate,W5606219,EM,E2,2026-05-25 11:40:00,2026-05-25 20:22:00,08:41:59,8.7
WM,WALSALL,INSPECTION,ENG041,Una Cowling,Mark Reygate,W5606220,EM,M1,2026-05-27 08:37:00,2026-05-27 11:55:00,03:18:00,3.3
SO,SALISBURY,EMERGENCY,ENG052,Chris Lamb,Phil Russell,W5606221,EM,E2,2026-05-26 07:23:00,2026-05-26 22:17:00,14:54:00,14.9
SO,SOUTHAMPTON,EMERGENCY,ENG050,Phil Hodgkins,Phil Russell,W5606222,EM,R1,2026-05-21 06:21:00,2026-05-21 11:57:00,05:36:00,5.6
WM,WALSALL,METERING,ENG041,Una Cowling,Mark Reygate,W5606223,EM,M2,2026-05-21 07:28:00,2026-05-21 14:46:00,07:18:00,7.3
SO,SALISBURY,ROUTINE,ENG050,Phil Hodgkins,Phil Russell,W5606224,IR,M2,2026-05-22 07:39:00,2026-05-22 23:15:00,15:36:00,15.6
WM,DUDLEY,REPAIR,ENG042,Steve Frost,Mark Reygate,W5606225,MR,R1,2026-05-24 11:59:00,2026-05-25 00:23:00,12:24:00,12.4
NE,DURHAM,REPAIR,ENG072,Liz Cooke,Bill Tyne,W5606226,MR,M2,2026-05-21 09:28:00,2026-05-21 19:16:00,09:48:00,9.8
WM,STOKE,METERING,ENG042,Steve Frost,Mark Reygate,W5606227,MR,E1,2026-05-26 10:17:00,2026-05-26 12:41:00,02:24:00,2.4
WM,COVENTRY,METERING,ENG040,Wayne Edwards,Mark Reygate,W5606228,EM,M1,2026-05-21 09:19:00,2026-05-21 23:43:00,14:24:00,14.4
WM,WOLVERHAMPTON,EMERGENCY,ENG041,Una Cowling,Mark Reygate,W5606229,MR,E1,2026-05-23 07:41:00,2026-05-23 10:05:00,02:24:00,2.4
NW,LIVERPOOL,ROUTINE,ENG011,Karen Simmons,Gary Williams,W5606230,ME,E2,2026-05-26 06:41:00,2026-05-26 21:47:00,15:06:00,15.1
SO,PORTSMOUTH,METERING,ENG050,Phil Hodgkins,Phil Russell,W5606231,IR,M2,2026-05-21 11:49:00,2026-05-21 18:19:00,06:30:00,6.5
NT,NOTTINGHAM,ROUTINE,ENG062,Fred Archer,Sue Holt,W5606232,IR,R2,2026-05-26 08:35:00,2026-05-26 10:35:00,02:00:00,2.0
WM,COVENTRY,REPAIR,ENG040,Wayne Edwards,Mark Reygate,W5606233,MR,R1,2026-05-26 08:13:00,2026-05-26 23:49:00,15:36:00,15.6
SE,MAIDSTONE,METERING,ENG033,Julie Price,Pat Nolan,W5606234,MR,R2,2026-05-26 06:01:00,2026-05-26 21:19:00,15:18:00,15.3
NE,SUNDERLAND,REPAIR,ENG071,Alan Shaw,Bill Tyne,W5606235,ME,R1,2026-05-26 08:10:00,2026-05-26 12:04:00,03:54:00,3.9
SC,DUNDEE,METERING,ENG002,Alistair Fraser,Steven Leckie,W5606236,MR,E2,2026-05-23 10:45:00,2026-05-23 14:45:00,04:00:00,4.0
NW,LIVERPOOL,INSPECTION,ENG011,Karen Simmons,Gary Williams,W5606237,IR,E2,2026-05-22 11:15:00,2026-05-23 01:39:00,14:24:00,14.4
NT,DERBY,EMERGENCY,ENG062,Fred Archer,Sue Holt,W5606238,MR,M1,2026-05-21 11:20:00,2026-05-21 16:14:00,04:54:00,4.9
NT,MANSFIELD,INSPECTION,ENG062,Fred Archer,Sue Holt,W5606239,ME,M1,2026-05-21 09:25:00,2026-05-21 19:25:00,10:00:00,10.0
SO,SOUTHAMPTON,REPAIR,ENG051,Wendy Nash,Phil Russell,W5606240,IR,E1,2026-05-23 06:15:00,2026-05-23 09:57:00,03:42:00,3.7
NT,MANSFIELD,EMERGENCY,ENG062,Fred Archer,Sue Holt,W5606241,ME,M2,2026-05-27 07:41:00,2026-05-27 14:41:00,07:00:00,7.0
EA,LUTON,ROUTINE,ENG020,Mark Holloway,Mark Booker,W5606242,RO,E2,2026-05-22 09:11:00,2026-05-23 00:41:00,15:30:00,15.5
SO,SOUTHAMPTON,ROUTINE,ENG050,Phil Hodgkins,Phil Russell,W5606243,MR,R2,2026-05-26 06:47:00,2026-05-26 14:11:00,07:24:00,7.4
NE,NEWCASTLE,ROUTINE,ENG070,Janet Robb,Bill Tyne,W5606244,RO,E1,2026-05-24 11:24:00,2026-05-25 00:18:00,12:54:00,12.9
NT,MANSFIELD,EMERGENCY,ENG062,Fred Archer,Sue Holt,W5606245,EM,M2,2026-05-25 09:11:00,2026-05-25 22:17:00,13:06:00,13.1
SO,SALISBURY,METERING,ENG052,Chris Lamb,Phil Russell,W5606246,RO,R2,2026-05-27 09:29:00,2026-05-27 23:05:00,13:36:00,13.6
WM,WOLVERHAMPTON,METERING,ENG040,Wayne Edwards,Mark Reygate,W5606247,EM,E2,2026-05-21 09:18:00,2026-05-21 16:24:00,07:06:00,7.1
SO,SOUTHAMPTON,ROUTINE,ENG050,Phil Hodgkins,Phil Russell,W5606248,RO,M2,2026-05-23 09:24:00,2026-05-23 14:18:00,04:54:00,4.9
EA,LUTON,INSPECTION,ENG023,Sharon King,Anne Foster,W5606249,ME,R2,2026-05-26 08:42:00,2026-05-26 12:12:00,03:30:00,3.5
SC,PERTH,EMERGENCY,ENG001,John MacDonald,Steven Leckie,W5606250,MR,E1,2026-05-26 11:56:00,2026-05-27 01:56:00,14:00:00,14.0
EA,PETERBOROUGH,ROUTINE,ENG020,Mark Holloway,Mark Booker,W5606251,IR,M1,2026-05-26 09:31:00,2026-05-26 11:55:00,02:24:00,2.4
SE,CROYDON,INSPECTION,ENG031,Tracey McIntyre,Ray Ingram,W5606252,RO,R2,2026-05-26 08:29:00,2026-05-26 19:29:00,11:00:00,11.0
NE,MIDDLESBROUGH,ROUTINE,ENG070,Janet Robb,Bill Tyne,W5606253,RO,M1,2026-05-23 09:22:00,2026-05-23 19:52:00,10:30:00,10.5
SO,SOUTHAMPTON,EMERGENCY,ENG051,Wendy Nash,Phil Russell,W5606254,EM,M1,2026-05-21 09:42:00,2026-05-21 18:00:00,08:18:00,8.3
WM,BIRMINGHAM,INSPECTION,ENG042,Steve Frost,Mark Reygate,W5606255,IR,R2,2026-05-22 11:04:00,2026-05-22 18:28:00,07:24:00,7.4
EA,NORWICH,ROUTINE,ENG022,Peter Wong,Mark Booker,W5606256,MR,M2,2026-05-26 07:16:00,2026-05-26 15:16:00,08:00:00,8.0
SE,MAIDSTONE,EMERGENCY,ENG032,Colin James,Pat Nolan,W5606257,ME,M1,2026-05-26 06:42:00,2026-05-26 17:18:00,10:36:00,10.6
NT,MANSFIELD,INSPECTION,ENG062,Fred Archer,Sue Holt,W5606258,ME,R2,2026-05-26 10:38:00,2026-05-26 20:50:00,10:12:00,10.2
NW,BOLTON,INSPECTION,ENG012,Brian Cook,Gary Williams,W5606259,IR,M2,2026-05-27 07:35:00,2026-05-27 18:05:00,10:30:00,10.5
SE,GUILDFORD,ROUTINE,ENG031,Tracey McIntyre,Ray Ingram,W5606260,ME,E1,2026-05-23 08:56:00,2026-05-23 13:50:00,04:54:00,4.9
SO,BOURNEMOUTH,ROUTINE,ENG050,Phil Hodgkins,Phil Russell,W5606261,MR,E1,2026-05-22 06:55:00,2026-05-22 22:55:00,16:00:00,16.0
SO,BOURNEMOUTH,INSPECTION,ENG052,Chris Lamb,Phil Russell,W5606262,ME,R1,2026-05-23 10:57:00,2026-05-23 14:45:00,03:48:00,3.8
NW,WIGAN,INSPECTION,ENG013,Helen Morris,Dave Clarke,W5606263,ME,E1,2026-05-21 09:36:00,2026-05-21 23:54:00,14:18:00,14.3
WM,WALSALL,INSPECTION,ENG040,Wayne Edwards,Mark Reygate,W5606264,MR,M1,2026-05-26 09:03:00,2026-05-26 17:09:00,08:06:00,8.1
SC,DUNDEE,REPAIR,ENG003,Catriona Stewart,Graham Loan,W5606265,MR,M2,2026-05-27 07:10:00,2026-05-27 11:10:00,04:00:00,4.0
EA,CAMBRIDGE,ROUTINE,ENG022,Peter Wong,Mark Booker,W5606266,IR,R1,2026-05-22 11:54:00,2026-05-22 22:36:00,10:42:00,10.7
SO,BOURNEMOUTH,EMERGENCY,ENG052,Chris Lamb,Phil Russell,W5606267,MR,E1,2026-05-23 06:22:00,2026-05-23 11:04:00,04:42:00,4.7
SC,EDINBURGH,METERING,ENG005,Fiona Cameron,Gordon Shaw,W5606268,EM,R2,2026-05-21 08:14:00,2026-05-21 15:50:00,07:36:00,7.6
NE,SUNDERLAND,METERING,ENG071,Alan Shaw,Bill Tyne,W5606269,RO,M1,2026-05-21 07:31:00,2026-05-21 19:01:00,11:30:00,11.5
EA,BEDFORD,METERING,ENG022,Peter Wong,Mark Booker,W5606270,MR,R2,2026-05-25 07:22:00,2026-05-25 18:16:00,10:54:00,10.9
EA,LUTON,ROUTINE,ENG021,Rachel Davies,Mark Booker,W5606271,ME,M2,2026-05-24 08:04:00,2026-05-24 13:34:00,05:30:00,5.5
NT,MANSFIELD,INSPECTION,ENG060,Barry Noon,Sue Holt,W5606272,RO,E2,2026-05-26 06:30:00,2026-05-26 17:24:00,10:54:00,10.9
NW,STOCKPORT,INSPECTION,ENG011,Karen Simmons,Gary Williams,W5606273,MR,E1,2026-05-21 08:40:00,2026-05-21 18:52:00,10:12:00,10.2
SO,BOURNEMOUTH,EMERGENCY,ENG051,Wendy Nash,Phil Russell,W5606274,MR,R1,2026-05-22 06:21:00,2026-05-22 14:39:00,08:18:00,8.3
NE,DURHAM,METERING,ENG070,Janet Robb,Bill Tyne,W5606275,ME,E1,2026-05-22 09:41:00,2026-05-22 17:11:00,07:30:00,7.5
SE,HORSHAM,REPAIR,ENG031,Tracey McIntyre,Ray Ingram,W5606276,RO,R1,2026-05-26 11:06:00,2026-05-26 20:00:00,08:54:00,8.9
NT,LEICESTER,EMERGENCY,ENG060,Barry Noon,Sue Holt,W5606277,EM,R1,2026-05-24 11:21:00,2026-05-25 00:15:00,12:54:00,12.9
WM,STOKE,METERING,ENG042,Steve Frost,Mark Reygate,W5606278,EM,R2,2026-05-26 08:56:00,2026-05-26 20:44:00,11:48:00,11.8
WM,STOKE,INSPECTION,ENG040,Wayne Edwards,Mark Reygate,W5606279,IR,R2,2026-05-23 09:05:00,2026-05-23 20:23:00,11:18:00,11.3
NT,NOTTINGHAM,INSPECTION,ENG061,Cathy Dean,Sue Holt,W5606280,ME,M2,2026-05-26 11:29:00,2026-05-27 03:23:00,15:54:00,15.9
NT,LEICESTER,REPAIR,ENG062,Fred Archer,Sue Holt,W5606281,ME,R2,2026-05-24 11:22:00,2026-05-24 18:10:00,06:48:00,6.8
NW,BLACKBURN,REPAIR,ENG012,Brian Cook,Gary Williams,W5606282,MR,M2,2026-05-27 06:58:00,2026-05-27 19:28:00,12:30:00,12.5
NT,NOTTINGHAM,EMERGENCY,ENG061,Cathy Dean,Sue Holt,W5606283,RO,M1,2026-05-24 09:42:00,2026-05-24 14:18:00,04:36:00,4.6
SC,ABERDEEN,INSPECTION,ENG002,Alistair Fraser,Steven Leckie,W5606284,MR,E2,2026-05-26 10:52:00,2026-05-26 13:22:00,02:30:00,2.5
NE,MIDDLESBROUGH,EMERGENCY,ENG071,Alan Shaw,Bill Tyne,W5606285,RO,R2,2026-05-23 09:14:00,2026-05-23 18:32:00,09:18:00,9.3
NE,NEWCASTLE,INSPECTION,ENG071,Alan Shaw,Bill Tyne,W5606286,MR,R1,2026-05-21 07:27:00,2026-05-21 09:45:00,02:18:00,2.3
NE,NEWCASTLE,REPAIR,ENG072,Liz Cooke,Bill Tyne,W5606287,MR,E1,2026-05-22 11:22:00,2026-05-22 19:10:00,07:48:00,7.8
WM,COVENTRY,EMERGENCY,ENG041,Una Cowling,Mark Reygate,W5606288,RO,M1,2026-05-26 08:04:00,2026-05-26 16:40:00,08:36:00,8.6
NE,SUNDERLAND,ROUTINE,ENG072,Liz Cooke,Bill Tyne,W5606289,EM,R1,2026-05-21 06:34:00,2026-05-21 18:28:00,11:54:00,11.9
SC,EDINBURGH,INSPECTION,ENG001,John MacDonald,Steven Leckie,W5606290,MR,R2,2026-05-24 08:04:00,2026-05-24 14:34:00,06:30:00,6.5
NW,WARRINGTON,REPAIR,ENG012,Brian Cook,Gary Williams,W5606291,EM,M2,2026-05-23 08:19:00,2026-05-23 13:07:00,04:48:00,4.8
SE,MAIDSTONE,ROUTINE,ENG031,Tracey McIntyre,Ray Ingram,W5606292,MR,E1,2026-05-22 09:14:00,2026-05-22 19:56:00,10:42:00,10.7
SE,BRIGHTON,INSPECTION,ENG030,Stuart Porter,Ray Ingram,W5606293,IR,M2,2026-05-23 08:49:00,2026-05-23 20:43:00,11:54:00,11.9
SC,INVERNESS,EMERGENCY,ENG001,John MacDonald,Steven Leckie,W5606294,IR,R2,2026-05-24 09:35:00,2026-05-24 23:41:00,14:06:00,14.1
SO,SOUTHAMPTON,REPAIR,ENG050,Phil Hodgkins,Phil Russell,W5606295,EM,R1,2026-05-22 06:22:00,2026-05-22 21:10:00,14:48:00,14.8
NT,NOTTINGHAM,REPAIR,ENG062,Fred Archer,Sue Holt,W5606296,EM,M1,2026-05-23 11:29:00,2026-05-23 17:59:00,06:30:00,6.5
SC,INVERNESS,REPAIR,ENG006,Kevin McAllister,Gordon Shaw,W5606297,EM,M2,2026-05-25 10:01:00,2026-05-26 01:37:00,15:36:00,15.6
SC,STIRLING,REPAIR,ENG001,John MacDonald,Steven Leckie,W5606298,MR,M1,2026-05-22 09:36:00,2026-05-22 13:18:00,03:42:00,3.7
WM,BIRMINGHAM,ROUTINE,ENG040,Wayne Edwards,Mark Reygate,W5606299,IR,E1,2026-05-23 07:30:00,2026-05-23 13:36:00,06:06:00,6.1
SC,INVERNESS,ROUTINE,ENG005,Fiona Cameron,Gordon Shaw,W5606300,RO,E2,2026-05-27 11:07:00,2026-05-27 18:19:00,07:12:00,7.2
SO,SALISBURY,REPAIR,ENG051,Wendy Nash,Phil Russell,W5606301,RO,E1,2026-05-26 08:48:00,2026-05-26 17:24:00,08:36:00,8.6
NT,LEICESTER,INSPECTION,ENG062,Fred Archer,Sue Holt,W5606302,IR,E2,2026-05-26 07:49:00,2026-05-26 11:49:00,04:00:00,4.0
SE,HORSHAM,METERING,ENG031,Tracey McIntyre,Ray Ingram,W5606303,EM,R2,2026-05-26 09:35:00,2026-05-26 19:47:00,10:12:00,10.2
WM,STOKE,METERING,ENG043,Diane Hunt,Tom Avery,W5606304,IR,M2,2026-05-25 08:00:00,2026-05-25 20:54:00,12:54:00,12.9
NT,MANSFIELD,ROUTINE,ENG061,Cathy Dean,Sue Holt,W5606305,RO,M1,2026-05-27 11:44:00,2026-05-28 02:20:00,14:36:00,14.6
NT,LEICESTER,INSPECTION,ENG062,Fred Archer,Sue Holt,W5606306,MR,M1,2026-05-23 10:16:00,2026-05-24 00:10:00,13:54:00,13.9
SE,EASTBOURNE,METERING,ENG031,Tracey McIntyre,Ray Ingram,W5606307,ME,R1,2026-05-21 07:07:00,2026-05-21 21:01:00,13:54:00,13.9
SC,INVERNESS,INSPECTION,ENG004,Douglas Reid,Graham Loan,W5606308,MR,R1,2026-05-27 06:00:00,2026-05-27 09:36:00,03:36:00,3.6
SE,CROYDON,EMERGENCY,ENG032,Colin James,Pat Nolan,W5606309,EM,M2,2026-05-21 09:21:00,2026-05-21 13:33:00,04:12:00,4.2
NW,WARRINGTON,METERING,ENG010,Paul Dawson,Gary Williams,W5606310,ME,R1,2026-05-24 06:17:00,2026-05-24 11:47:00,05:30:00,5.5
SE,BRIGHTON,INSPECTION,ENG033,Julie Price,Pat Nolan,W5606311,RO,R1,2026-05-24 09:49:00,2026-05-24 21:01:00,11:12:00,11.2
SO,SALISBURY,REPAIR,ENG052,Chris Lamb,Phil Russell,W5606312,MR,E2,2026-05-27 08:03:00,2026-05-27 15:39:00,07:36:00,7.6
WM,DUDLEY,INSPECTION,ENG041,Una Cowling,Mark Reygate,W5606313,MR,E2,2026-05-23 06:55:00,2026-05-23 11:07:00,04:12:00,4.2
NW,LIVERPOOL,EMERGENCY,ENG013,Helen Morris,Dave Clarke,W5606314,RO,E2,2026-05-23 08:27:00,2026-05-23 19:09:00,10:42:00,10.7
WM,WALSALL,EMERGENCY,ENG042,Steve Frost,Mark Reygate,W5606315,MR,R1,2026-05-26 06:30:00,2026-05-26 11:42:00,05:12:00,5.2
NT,LEICESTER,INSPECTION,ENG062,Fred Archer,Sue Holt,W5606316,IR,M1,2026-05-26 08:32:00,2026-05-26 22:20:00,13:48:00,13.8
NT,DERBY,EMERGENCY,ENG060,Barry Noon,Sue Holt,W5606317,MR,R1,2026-05-22 07:58:00,2026-05-22 17:04:00,09:06:00,9.1
EA,PETERBOROUGH,METERING,ENG021,Rachel Davies,Mark Booker,W5606318,IR,R2,2026-05-27 11:24:00,2026-05-28 01:12:00,13:48:00,13.8
NW,BLACKBURN,REPAIR,ENG011,Karen Simmons,Gary Williams,W5606319,RO,E2,2026-05-27 11:04:00,2026-05-27 16:52:00,05:48:00,5.8
SO,PORTSMOUTH,REPAIR,ENG051,Wendy Nash,Phil Russell,W5606320,MR,M1,2026-05-22 07:00:00,2026-05-22 19:54:00,12:54:00,12.9
SO,PORTSMOUTH,EMERGENCY,ENG052,Chris Lamb,Phil Russell,W5606321,ME,R2,2026-05-26 07:20:00,2026-05-26 22:08:00,14:48:00,14.8
NE,SUNDERLAND,EMERGENCY,ENG071,Alan Shaw,Bill Tyne,W5606322,RO,R1,2026-05-23 07:10:00,2026-05-23 18:46:00,11:36:00,11.6
NW,MANCHESTER,METERING,ENG012,Brian Cook,Gary Williams,W5606323,IR,R2,2026-05-22 10:54:00,2026-05-23 02:36:00,15:42:00,15.7
SE,BRIGHTON,REPAIR,ENG031,Tracey McIntyre,Ray Ingram,W5606324,EM,E1,2026-05-26 08:39:00,2026-05-26 16:57:00,08:18:00,8.3
NE,NEWCASTLE,INSPECTION,ENG070,Janet Robb,Bill Tyne,W5606325,RO,E1,2026-05-24 07:36:00,2026-05-24 11:12:00,03:36:00,3.6
WM,COVENTRY,INSPECTION,ENG043,Diane Hunt,Tom Avery,W5606326,ME,M1,2026-05-25 10:47:00,2026-05-25 19:59:00,09:12:00,9.2
NE,SUNDERLAND,INSPECTION,ENG071,Alan Shaw,Bill Tyne,W5606327,MR,M1,2026-05-26 06:37:00,2026-05-26 09:25:00,02:48:00,2.8
NW,LIVERPOOL,EMERGENCY,ENG010,Paul Dawson,Gary Williams,W5606328,EM,R1,2026-05-23 11:58:00,2026-05-23 14:58:00,03:00:00,3.0
EA,BEDFORD,EMERGENCY,ENG021,Rachel Davies,Mark Booker,W5606329,MR,R2,2026-05-25 11:19:00,2026-05-25 23:55:00,12:36:00,12.6
SO,SALISBURY,ROUTINE,ENG050,Phil Hodgkins,Phil Russell,W5606330,RO,M1,2026-05-27 07:20:00,2026-05-27 20:20:00,13:00:00,13.0
SE,CROYDON,ROUTINE,ENG031,Tracey McIntyre,Ray Ingram,W5606331,EM,R1,2026-05-25 10:49:00,2026-05-25 18:25:00,07:36:00,7.6
SO,PORTSMOUTH,METERING,ENG050,Phil Hodgkins,Phil Russell,W5606332,MR,R2,2026-05-27 06:20:00,2026-05-27 13:02:00,06:42:00,6.7
NT,MANSFIELD,ROUTINE,ENG062,Fred Archer,Sue Holt,W5606333,ME,E2,2026-05-25 10:36:00,2026-05-26 01:54:00,15:18:00,15.3
SO,BOURNEMOUTH,ROUTINE,ENG052,Chris Lamb,Phil Russell,W5606334,RO,E1,2026-05-24 09:00:00,2026-05-25 00:36:00,15:36:00,15.6
WM,WOLVERHAMPTON,EMERGENCY,ENG041,Una Cowling,Mark Reygate,W5606335,RO,M2,2026-05-26 09:57:00,2026-05-27 01:39:00,15:42:00,15.7
NT,NOTTINGHAM,METERING,ENG062,Fred Archer,Sue Holt,W5606336,RO,E2,2026-05-26 08:44:00,2026-05-27 00:02:00,15:18:00,15.3
NW,WARRINGTON,INSPECTION,ENG014,Alan Sharp,Dave Clarke,W5606337,ME,R2,2026-05-27 08:38:00,2026-05-27 21:38:00,13:00:00,13.0
EA,BEDFORD,INSPECTION,ENG021,Rachel Davies,Mark Booker,W5606338,RO,R1,2026-05-22 09:31:00,2026-05-22 20:07:00,10:36:00,10.6
SO,SOUTHAMPTON,EMERGENCY,ENG050,Phil Hodgkins,Phil Russell,W5606339,EM,E2,2026-05-23 07:32:00,2026-05-23 17:56:00,10:24:00,10.4
EA,IPSWICH,ROUTINE,ENG021,Rachel Davies,Mark Booker,W5606340,IR,M1,2026-05-24 10:10:00,2026-05-24 12:40:00,02:30:00,2.5
NT,NOTTINGHAM,REPAIR,ENG061,Cathy Dean,Sue Holt,W5606341,EM,M1,2026-05-24 07:19:00,2026-05-24 12:01:00,04:42:00,4.7
WM,COVENTRY,ROUTINE,ENG040,Wayne Edwards,Mark Reygate,W5606342,ME,E2,2026-05-24 10:19:00,2026-05-24 18:25:00,08:06:00,8.1
EA,PETERBOROUGH,ROUTINE,ENG020,Mark Holloway,Mark Booker,W5606343,RO,R2,2026-05-22 09:35:00,2026-05-22 16:11:00,06:36:00,6.6
NE,GATESHEAD,METERING,ENG071,Alan Shaw,Bill Tyne,W5606344,IR,M2,2026-05-22 09:44:00,2026-05-22 21:02:00,11:18:00,11.3
NE,MIDDLESBROUGH,METERING,ENG070,Janet Robb,Bill Tyne,W5606345,EM,R2,2026-05-24 08:22:00,2026-05-24 20:16:00,11:54:00,11.9
NW,LIVERPOOL,ROUTINE,ENG013,Helen Morris,Dave Clarke,W5606346,MR,E1,2026-05-21 07:43:00,2026-05-21 23:31:00,15:48:00,15.8
NE,DURHAM,INSPECTION,ENG070,Janet Robb,Bill Tyne,W5606347,ME,R2,2026-05-26 11:52:00,2026-05-26 18:46:00,06:54:00,6.9
SO,SALISBURY,REPAIR,ENG052,Chris Lamb,Phil Russell,W5606348,IR,E2,2026-05-24 11:43:00,2026-05-24 17:31:00,05:48:00,5.8
SC,PERTH,ROUTINE,ENG004,Douglas Reid,Graham Loan,W5606349,EM,R1,2026-05-22 09:36:00,2026-05-22 22:54:00,13:18:00,13.3
NT,DERBY,METERING,ENG060,Barry Noon,Sue Holt,W5606350,IR,M1,2026-05-21 08:15:00,2026-05-21 23:15:00,15:00:00,15.0
SO,BASINGSTOKE,METERING,ENG052,Chris Lamb,Phil Russell,W5606351,ME,E2,2026-05-26 09:14:00,2026-05-26 21:14:00,12:00:00,12.0
NW,BLACKBURN,REPAIR,ENG013,Helen Morris,Dave Clarke,W5606352,RO,E1,2026-05-22 11:04:00,2026-05-23 01:40:00,14:36:00,14.6
SE,CROYDON,EMERGENCY,ENG032,Colin James,Pat Nolan,W5606353,ME,E2,2026-05-21 11:07:00,2026-05-21 13:55:00,02:48:00,2.8
WM,BIRMINGHAM,REPAIR,ENG043,Diane Hunt,Tom Avery,W5606354,EM,M1,2026-05-22 09:17:00,2026-05-23 00:35:00,15:18:00,15.3
NT,MANSFIELD,INSPECTION,ENG062,Fred Archer,Sue Holt,W5606355,IR,M2,2026-05-22 09:56:00,2026-05-22 20:32:00,10:36:00,10.6
SC,PAISLEY,REPAIR,ENG003,Catriona Stewart,Graham Loan,W5606356,RO,R2,2026-05-22 11:37:00,2026-05-22 13:43:00,02:06:00,2.1
WM,WALSALL,ROUTINE,ENG043,Diane Hunt,Tom Avery,W5606357,ME,E2,2026-05-24 08:33:00,2026-05-24 16:03:00,07:30:00,7.5
NT,LINCOLN,METERING,ENG060,Barry Noon,Sue Holt,W5606358,ME,E2,2026-05-22 10:35:00,2026-05-22 13:29:00,02:54:00,2.9
WM,WOLVERHAMPTON,INSPECTION,ENG041,Una Cowling,Mark Reygate,W5606359,MR,R2,2026-05-24 06:41:00,2026-05-24 09:11:00,02:30:00,2.5
NT,LEICESTER,INSPECTION,ENG061,Cathy Dean,Sue Holt,W5606360,EM,R1,2026-05-25 11:32:00,2026-05-26 03:26:00,15:54:00,15.9
NE,MIDDLESBROUGH,METERING,ENG070,Janet Robb,Bill Tyne,W5606361,RO,E2,2026-05-26 11:16:00,2026-05-27 02:52:00,15:36:00,15.6
NT,DERBY,INSPECTION,ENG062,Fred Archer,Sue Holt,W5606362,EM,M1,2026-05-27 11:37:00,2026-05-27 18:19:00,06:42:00,6.7
NT,MANSFIELD,INSPECTION,ENG062,Fred Archer,Sue Holt,W5606363,MR,E2,2026-05-22 08:49:00,2026-05-22 12:25:00,03:36:00,3.6
SO,BASINGSTOKE,EMERGENCY,ENG052,Chris Lamb,Phil Russell,W5606364,RO,M1,2026-05-25 08:18:00,2026-05-25 16:36:00,08:18:00,8.3
NW,BLACKBURN,REPAIR,ENG011,Karen Simmons,Gary Williams,W5606365,ME,R2,2026-05-24 07:07:00,2026-05-24 17:07:00,10:00:00,10.0
NW,LIVERPOOL,ROUTINE,ENG012,Brian Cook,Gary Williams,W5606366,MR,E1,2026-05-22 08:59:00,2026-05-22 16:29:00,07:30:00,7.5
NE,SUNDERLAND,METERING,ENG070,Janet Robb,Bill Tyne,W5606367,ME,M1,2026-05-21 06:55:00,2026-05-21 19:37:00,12:42:00,12.7
EA,BEDFORD,INSPECTION,ENG022,Peter Wong,Mark Booker,W5606368,IR,R1,2026-05-26 09:58:00,2026-05-26 20:52:00,10:54:00,10.9
SC,INVERNESS,METERING,ENG004,Douglas Reid,Graham Loan,W5606369,ME,M1,2026-05-27 07:39:00,2026-05-27 14:39:00,07:00:00,7.0
WM,DUDLEY,ROUTINE,ENG042,Steve Frost,Mark Reygate,W5606370,ME,E1,2026-05-26 06:23:00,2026-05-26 10:11:00,03:48:00,3.8
SC,INVERNESS,REPAIR,ENG003,Catriona Stewart,Graham Loan,W5606371,MR,R1,2026-05-22 11:25:00,2026-05-22 21:13:00,09:48:00,9.8
NT,LINCOLN,METERING,ENG060,Barry Noon,Sue Holt,W5606372,RO,R1,2026-05-24 11:05:00,2026-05-24 15:11:00,04:05:59,4.1
SO,SALISBURY,EMERGENCY,ENG050,Phil Hodgkins,Phil Russell,W5606373,RO,E1,2026-05-26 08:16:00,2026-05-26 12:22:00,04:05:59,4.1
NE,SUNDERLAND,EMERGENCY,ENG070,Janet Robb,Bill Tyne,W5606374,IR,E1,2026-05-26 08:37:00,2026-05-26 21:43:00,13:06:00,13.1
WM,BIRMINGHAM,ROUTINE,ENG042,Steve Frost,Mark Reygate,W5606375,ME,M1,2026-05-24 06:53:00,2026-05-24 21:23:00,14:30:00,14.5
NE,SUNDERLAND,REPAIR,ENG070,Janet Robb,Bill Tyne,W5606376,ME,M2,2026-05-22 08:02:00,2026-05-22 18:32:00,10:30:00,10.5
NE,NEWCASTLE,ROUTINE,ENG071,Alan Shaw,Bill Tyne,W5606377,IR,M1,2026-05-26 10:05:00,2026-05-26 15:41:00,05:36:00,5.6
SO,BASINGSTOKE,EMERGENCY,ENG050,Phil Hodgkins,Phil Russell,W5606378,RO,R1,2026-05-23 06:41:00,2026-05-23 16:47:00,10:06:00,10.1
NE,DURHAM,ROUTINE,ENG070,Janet Robb,Bill Tyne,W5606379,MR,R2,2026-05-21 06:52:00,2026-05-21 13:04:00,06:12:00,6.2
WM,WOLVERHAMPTON,EMERGENCY,ENG040,Wayne Edwards,Mark Reygate,W5606380,RO,E1,2026-05-27 09:17:00,2026-05-27 14:05:00,04:48:00,4.8
NT,DERBY,INSPECTION,ENG061,Cathy Dean,Sue Holt,W5606381,EM,E2,2026-05-24 10:12:00,2026-05-25 00:24:00,14:12:00,14.2
NT,NOTTINGHAM,REPAIR,ENG061,Cathy Dean,Sue Holt,W5606382,IR,R1,2026-05-22 10:03:00,2026-05-22 21:33:00,11:30:00,11.5
SC,EDINBURGH,EMERGENCY,ENG003,Catriona Stewart,Graham Loan,W5606383,ME,M2,2026-05-22 10:47:00,2026-05-22 19:23:00,08:36:00,8.6
NT,LEICESTER,METERING,ENG062,Fred Archer,Sue Holt,W5606384,MR,E2,2026-05-25 10:04:00,2026-05-25 14:22:00,04:18:00,4.3
NE,DURHAM,REPAIR,ENG070,Janet Robb,Bill Tyne,W5606385,RO,R1,2026-05-23 11:22:00,2026-05-24 02:04:00,14:42:00,14.7
SE,BRIGHTON,EMERGENCY,ENG030,Stuart Porter,Ray Ingram,W5606386,EM,R1,2026-05-24 10:44:00,2026-05-24 19:20:00,08:36:00,8.6
SE,GUILDFORD,INSPECTION,ENG033,Julie Price,Pat Nolan,W5606387,IR,E2,2026-05-22 09:03:00,2026-05-22 20:03:00,11:00:00,11.0
NE,SUNDERLAND,ROUTINE,ENG071,Alan Shaw,Bill Tyne,W5606388,IR,M1,2026-05-23 08:03:00,2026-05-23 16:33:00,08:30:00,8.5
SO,BOURNEMOUTH,REPAIR,ENG052,Chris Lamb,Phil Russell,W5606389,RO,R2,2026-05-22 11:08:00,2026-05-22 15:26:00,04:18:00,4.3
NE,GATESHEAD,ROUTINE,ENG072,Liz Cooke,Bill Tyne,W5606390,MR,E1,2026-05-26 06:54:00,2026-05-26 14:42:00,07:48:00,7.8
SE,HORSHAM,REPAIR,ENG032,Colin James,Pat Nolan,W5606391,RO,M2,2026-05-21 09:49:00,2026-05-21 20:13:00,10:24:00,10.4
SC,INVERNESS,INSPECTION,ENG003,Catriona Stewart,Graham Loan,W5606392,ME,R2,2026-05-25 06:24:00,2026-05-25 22:00:00,15:36:00,15.6
NE,NEWCASTLE,METERING,ENG070,Janet Robb,Bill Tyne,W5606393,IR,R2,2026-05-21 10:05:00,2026-05-22 00:23:00,14:18:00,14.3
SO,SALISBURY,INSPECTION,ENG051,Wendy Nash,Phil Russell,W5606394,RO,E1,2026-05-21 07:51:00,2026-05-21 19:27:00,11:36:00,11.6
SO,SALISBURY,METERING,ENG052,Chris Lamb,Phil Russell,W5606395,ME,R1,2026-05-23 08:00:00,2026-05-23 21:24:00,13:24:00,13.4
WM,STOKE,ROUTINE,ENG041,Una Cowling,Mark Reygate,W5606396,RO,E2,2026-05-25 09:43:00,2026-05-25 15:43:00,06:00:00,6.0
SO,BASINGSTOKE,EMERGENCY,ENG052,Chris Lamb,Phil Russell,W5606397,EM,M1,2026-05-21 11:08:00,2026-05-21 22:56:00,11:48:00,11.8
EA,LUTON,EMERGENCY,ENG022,Peter Wong,Mark Booker,W5606398,RO,E1,2026-05-27 11:22:00,2026-05-27 18:40:00,07:18:00,7.3
NE,NEWCASTLE,EMERGENCY,ENG072,Liz Cooke,Bill Tyne,W5606399,IR,M2,2026-05-27 11:03:00,2026-05-27 18:51:00,07:48:00,7.8
